smiles,active,fingerprint
CCCc1cc(=O)oc2c3c(c4c(c12)OC(C)(C)CC4)OC(C)C(C)C3O,1,00100100001000101000100010100110010110110011000000100000001000111000110000110010111000000011010000001000010100101010000000110000
Oc1ccc2ccccc2c1C1=NN2C(=S)NNC2=NN1,0,00000011100000100000000100010000010101011000000100000100000000011011000101010100110100100010010001001000000011000000000000100001
O=C(O)CN1CCN2CCCCCCCCN(CC1)CCN(CC(=O)O)CC2,0,00101100001000000000010000000010100001010000000000110000000000000000000011100010100000000010000010000000000000000000000000000101
Cl.NC1C2CN3CCC(O2)C13,0,01100001001001001001110100010010000000011000010000000000000000100000000010000000010000000000000000010000100000000000000000010000
Cc1nn(C(=O)Cc2ccccc2)c2c1C(c1ccc(O)cc1O)SC(=N)N2,1,00010100001100010100100000011100011110110010000100000010001000001010010101000001110000100010100000001001010100111100000001111100
O=S(=O)(O)c1cc(N=Nc2cc(S(=O)(=O)O)c3cccnc3c2O)ccc1C=Cc1ccc(N=Nc2cc(S(=O)(=O)O)c3cccnc3c2O)cc1S(=O)(=O)O.[LiH],1,00000000101000001011000000000000001101011000100000001010000010101111100001100100110001110000001000001100000100000010100010101010
CC1=C(C(=O)NC(Cc2ccccc2)C(=O)O)N2C(=O)C(NC(=O)C(N)CC(C)C)C2SC1,1,11110100001100000011000000010010010100011110100100101001011001001000000001000001110100101111000010001010010000000100010100010101
O=C(O)c1ccccc1C=C1Cc2cc3c(cc2C1=O)CCC3,0,00001100001100001000010101001110000000110001100110000010011010001100100110100000010010100000000010001100000100000000000000001100
S=c1[nH]nc(-c2ccccc2Nc2ccccc2-c2n[nH]c(=S)n2-c2ccccc2)n1-c1ccccc1,1,10000100010000000000000001000000110000010100000100000100001000011000000011100010110010101010000011001000000100000000101000110000
COC(OC)C1OC(CO)C(n2cc(F)c(=O)[nH]c2=O)C1O,0,01100001101000101000000000000010010000010010000010000001001101011100000101000001110000000010011100101000010010100000001001011000
CN(C(=O)C1=CCC2(CC1)OCCO2)c1ccccc1I,0,00000000001101001000111000000010011010110000100100010010001001001000111000100000011000100000000001101000100000100100010001000100
CC(=O)Oc1cc(S(=O)(=O)Nc2nc(Nc3ccc(C)cc3)n[nH]2)c(S)cc1Cl,1,10001000101110010101000000000001110000010100101001100001001110010110100000110110010010100010001000001100000100111000101101100100
CCN(CC)CCCn1c(=O)c2cccnc2n2c3c(=O)n(C)c(=O)n(C)c3nc12,1,10010000001000001001000000010001111011110100110000001000001101011000000000100100111011100000000000001000011010000100010111110001
CCOC(=O)C1=C(C(=O)OCC)C2(c3ccccc3)N(O1)c1ccccc1C2(C)C,0,00001100001000111101000100001100110010110000100110001001001011001000000001000000110010100000100000001000010000010010001100100100
CCOC(CN(C)C(=S)Nc1cccc2ccccc12)OCC,0,11010000000100010000000010101000110001110000000100000001010010011000100010001110110000100100000011001000000110100100000000000000
Cc1ccccc1NC(=O)C(=O)c1c(O)c2ccc(O)cc2oc1=O,0,10000000001000001110001010000000110000010000000101000000001010001010110010110101011000101000000000001000010100110000000000010100
CSC(SC)=C(C#N)C(=O)Nc1ccc(Cl)cc1,1,10100000001000000001101010000000011100010000001011000100001000011001000000010001010000101100000000011000100000000000100000010100
Cc1sc(Nc2ccccc2[N+](=O)[O-])c(C#N)c1C,1,10000000001000000000101000000000111110000001000100101000011010001000001010011000010001100000000100101010100100001100000010001000
Cc1c2c(n(CCc3ccc(Cl)cc3)c1C)NC(c1ccccc1)C(C#N)S2(=O)=O,0,00010110001100100001111000000000011000010010011111000010101010001000000000000001110001101111000000001110100000101000010001111001
COc1cc(CC2COC(=O)C2(O)Cc2ccc(O)c(OC)c2)ccc1O,1,10110000001100001000000000000010010110010000000000100011011000010011001101100000110000110011000000101010000100011000000001010000
Cl.Cn1cc(NC(=O)c2cc(NC(=O)CCCCCCCCCCC(=O)Nc3cc(C(=O)Nc4cc(C(=O)NCCC(=N)N)n(C)c4)n(C)c3)cn2C)cc1C(=O)NCCC(=N)N,1,11101100101110000001000010011000010010010100000000000010001000010000010000010001110010000000000000001010100100010001000111000100
O=[N+]([O-])C=C(CS(=O)(=O)c1ccccc1)c1ccc2c(c1)OCO2,1,01000100101100001000001001000010010000010001001100000010011000011100111100110000110000100000011000101001010100010100110000000000
Cn1cc(NC(=O)c2cc(NC(=O)Nc3cc(C(=O)Nc4cc(C(=O)Nc5ccc6cc(S(=O)(=O)O)cc(S(=O)(=O)O)c6c5)n(C)c4)n(C)n3)nn2C)cc1C(=O)Nc1ccc2cc(S(=O)(=O)O)cc(S(=O)(=O)O)c2c1.[NaH],1,11001000101101000010000010100000010010010001000000100000101101011100110010010100110010100000001000001010100100000010010011100100
CC1(C)CC2C(C1=NO)C1(C)CCCC2(C)C1O,0,00001001011000000010001000100110010010010000100000000000010001000000010000100000000011010000000000001000010010000001000010110000
O=C1C=C(Nc2cccnc2)c2ccccc2C1=NO,1,10010000001100000001000000010010000000011010010110100100001101011001000000100000010011111000000010001000000100000000000001100001
Cc1nc2ccccc2nc1CC(=O)C(=O)Nc1ccc(Cl)cc1Cl,1,11000000001000001001000011000000010001010000100111001000011000011000010011110000110010101000100000001000010100100000000010100100
O=c1ccc2cc3ccoc3c(O)c2o1,0,00000110101000001001000000010000000100110000000000000000001000011010100100110000010000100000000010001010000100010000000000100000
CC(=O)Oc1cccc2c1C(=O)C1CC(O)C(O)C3OC(C)(C)OC2(C)C13,0,01100000001111011010100100000010010010010000101000101001001010001111000100000001010110100000110010001000011000010100000011110110
CCCCCC(CO)C(O)(C(F)(F)F)C(F)(F)F,0,01010000100000000000000000100000110010110000010001000001000100001001000000000001100000010000001000110000000000000010100100000000
O=[N+]([O-])c1ccc2c(c1)OCCOCCOc1ccc([N+](=O)[O-])cc1OCCOCCO2,0,00000000001100001100101000000010000000000001000000000010010000000000101000010000010000100000000000101000000100010100000001100100
COC1N(C2CC(N=[N+]=[N-])C(CO)O2)C(=O)NC(=O)C1(C)Br,1,11111010001010111001000000000011110010010100001010010011001001100000000001000000100001101010001000101001000010000000001000110010
O=C(C=Cc1ccc(O)c(O)c1)NCCOC(=O)C=Cc1ccc(O)c(O)c1,0,10000000001001000001000001011101000000010000000011001011000100000011010100000110110000100000000000001000000100000100000001000110
Cc1ccc(N(C)S(=O)(=O)c2ccccc2[N+](=O)[O-])cc1,1,10000000101100000000100100000001010010000001000110000000101000001000101010011000010000100000001010101000100100000100000000000000
Cc1ccc(S(=O)(=O)NN=C2CCC3(O)CC2(C)CCC2C3CC2(C)C)cc1,1,10100001001000001101000000000011011010010001010000100000001000010000100001110000110001100000001101001000000110000101101000111001
COc1ccccc1NC(=S)Nc1cccc(C)n1,1,10100000011000010000000010001000110000010000000100110001001100011001000011010000010010100010100001001000000000100000000001100000
COCCCCCCCCCCCC(=O)OCC1OC(n2cc(C)c(=O)[nH]c2=O)CC1F,1,11001000101011001001100010011010110001010000000000000001001001000100000001001000110000000010010001101010101001111001001111010100
CCCc1cc(=O)oc2c3c(c4c(c12)OC(C)(C)C=C4)OC(C)C(C)C3OC(=O)CCl,1,01100111001000101001000010110100011110110010000000100101001000101000110000010010111001000001010000001010101100101011000000110100
NC(=S)NNc1c([N+](=O)[O-])cnn(-c2ccccc2)c1=O,0,10000100001010000001000001001000110000110001110100000000001010001000001000011000010001100000101001101001010000100101000010100101
CC(O)c1c2c(cc3c1CC1(C3)Cc3cc4c(c(C(C)O)c3C1)CCC4)CCC2,0,01001000000000000010000000010010010010010000100000000000000000000000000011110000010010101010000000011000011100010000000000001100
C[N+](C)(C)C.O=S(=O)([O-])c1cc(N=Nc2cc(S(=O)(=O)[O-])c3cccnc3c2O)ccc1C=Cc1ccc(N=Nc2cc(S(=O)(=O)[O-])c3cccnc3c2O)cc1S(=O)(=O)[O-],1,00000000101010001011000000000110011101111000100000000010000110101111100001110100010001110000001000001100000100000000100010101010
CCOC(=O)CCC1(C)OCC(COC)O1,0,00010000011000101001000000011010010011111000001000000001001010000000000011000010100000100101000000000000001011011100000001110100
Nc1ccc(C=Cc2ccc(NC(=O)c3cc(S(=O)(=O)O)c4cccnc4c3O)cc2S(=O)(=O)O)c(S(=O)(=O)O)c1.[NaH],1,10000001101010001001000010010000000001011000100001000010101110011111100101110101111000100000001000001010000100000010100110101100
CC1=C(C#N)C(=C(C#N)C#N)OC1(C)Cc1ccccc1,0,00100100100010001000011000000010011111010010000100100000011000001000001110000000110000100010100000001000101000101000000100100000
Cl.NCCSSCC=CCSSCCN,0,10100000000000010001000000000010000000000000000010000010000001000000000000001000110001000000000000000000000000000000100000010000
COc1ccc(NC(=O)C2=CC(=O)c3ccc(O)cc3C2=O)c(OC)c1,1,10000001001001000000000010000010010000111001000000111001001000001010100011000010010010100001000010001010010100000000000001011100
CCCCCCCCC=CCCCCCCCCN=Cc1c(O)c(O)c(C(C)C)c2cc(C)c(-c3c(C)cc4c(C(C)C)c(O)c(O)c(C=NCCCCCCCCC=CCCCCCCCC)c4c3O)c(O)c12,0,01010101000000001110000000110100110010110000000000000010001001001010000010101101110101100011001110001010100100010001000101000000
COc1cccc2c1[OH+][Co-2]1(O)[S+]=C(N)[N-][N+]1=C2,0,10100010100100010011000000000000010001111101000001100001000000001010010001000001010001100000000000101000010100100100000001010000
C[n+]1c(-c2ccc(C=NNC(=S)NN=Cc3ccc(-c4cn5ccccc5[n+]4C)cc3)cc2)cn2ccccc21.Cc1ccc(S(=O)(=O)O)cc1,1,10000000101000100000000011001001110000110010000100000110001110111000100010010101111001100000001111001000000101110110000001000000
N#CC(C#N)=C1CCC2C(=C(C#N)C#N)CCC12,0,00000000000000000000001000000010001100010000010000010000000000000000000100100001000000001000001000001000101000100000000000010100
C=CC1C2=C(C(=O)NCC2)C2OC(O)C3=C(CCNC3=O)C2C1C,0,01010010001001001000100001000110010001010000101001100010001000001000000010100100000010100011010100001000010001000000010001010000
CSC1=[S+][Zn-2]2([OH+]C(C)=O)[OH+]c3c(C)ncc(CO)c3C=[N+]2[N-]1,1,10000011001000000011000000001000010001110100100010001001011100100010010110010111110000010000111000001010000110010000110011100111
Nc1ccc(C2SCC(=O)N2NS(=O)(=O)c2cccc(C(=O)O)c2)cc1,1,10000100001110011001000000000010000100010000000001010000001010011100101110000000010000100001101001001010010100000010001010010101
Cc1cc(N=Nc2ccc(NC(=O)c3ccc(NC(=O)c4ccccc4)cc3)c3ccc(S(=O)(=O)O)cc23)ccc1N=Nc1ccc2c(O)cc(S(=O)(=O)O)cc2c1,0,11010101001100001010100010000001011100010000000101010100001000111110110110110100110001110000101010001010010100010010000010100110
COc1ccc(-n2sc3ncc(-c4ccccc4)cc3c2=O)cc1,1,10000100101001000000000000000000010100010000110100000001001010011010000001100111011000100000010010001100010100000000010010100001
O=S(=O)(O)OCC1OC2OC3C(COS(=O)(=O)O)OC(OC4C(COS(=O)(=O)O)OC(OC5C(COS(=O)(=O)O)OC(OC6C(COS(=O)(=O)O)OC(OC7C(COS(=O)(=O)O)OC(OC8C(COS(=O)(=O)O)OC(OC1C(OS(=O)(=O)O)C2OS(=O)(=O)O)C(OS(=O)(=O)O)C8OS(=O)(=O)O)C(OS(=O)(=O)O)C7OS(=O)(=O)O)C(OS(=O)(=O)O)C6OS(=O)(=O)O)C(OS(=O)(=O)O)C5OS(=O)(=O)O)C(OS(=O)(=O)O)C4OS(=O)(=O)O)C(OS(=O)(=O)O)C3OS(=O)(=O)O.[NaH],1,11000000001000001110000000001011000100010000100100000001000100100000100000000000100000000001011100100000000000101000101000010000
CN1CCCCC1CCN1c2ccccc2Sc2ccc(S(C)=O)cc21,1,00001000001001011000010001100010010110010001010101100100000000001001000011001110110000110000001000001010100100010100000001111000
BrC(=C(c1ccc(OC2CCCCO2)cc1)c1ccc(OC2CCCCO2)cc1)c1ccccc1,1,10001100000010001000000000000010011010010000010100000011000001101110100000000110010000111000000001001100110000010010001000110000
O=C(O)c1cc(O)cc(O)c1N=Nc1ccc(C=Cc2ccc(N=Nc3c(O)cc(O)cc3C(=O)O)cc2S(=O)(=O)O)c(S(=O)(=O)O)c1.[NaH],1,01000100101000001000000100000100011100010000000000001010000100100111100111100000110001100000001000001000011100000011100100001100
CC(=O)OCCCOCn1c(Cc2ccccc2)c(C)c(=O)[nH]c1=O,1,10010100001101000001001000000000011000010010010100000001111001001000001010000010110011100110000000001000001000100000001101001100
O=c1[nH]c2cc(Cl)c(Br)cc2o1,1,00000000001000001011010000000000000000000000000001010100001000000100100000000000010001001010000100001001000100101000001100000000
CC1CCC2CC1NC(=O)CCOCCC(=O)NC2(C)C,0,10100010001110001000000010000110010010010001010100000010011010000001000001100000000000000010000001001000000000001000100000110100
COc1cccc2c(=O)c3ccccc3oc12,0,10100100001001011000000000000000010001000000010100100011001000001000100001000100010010100000000000001000101000001000000001000000
Cc1cccc2c1c(=O)c1c(O)cc3c(c1n2C)C=CC(C)(C)O3,1,01110110001011111001011010100000110110110000010000001110001001001010000100000001010010100000010000001001000100010100000001100000
O=Cc1cc2c(cc1-c1c(C=O)ccc3c1OCO3)OCO2,0,01000010101100111000000010000010000000010000000000000010010000000100010101000000010100100000000010101000000110100100100001000000
O=C1CCC2(c3ccccc3)Nc3cc(Cl)ccc3N12,0,00101101001000010001001000000010001011010000100111000000001000101000000000100000010000101010010000001000011100000001100000010010
COC(=O)c1ccc(NCc2c(O)ccc(O)c2Br)cc1Cl,1,10000000101000001101000000001010010000011000010001100101000000010011010101010000110000111000000100001000000100100010000000011101
Cc1nc(N)c(N2CCN([N+](=O)[O-])CC2)c(O)n1,0,00000010001001100011000101000110010000010001000001010000011000010010001011010001000000000000000000001010001000000100000000101000
CCCCCC[n+]1noc(N)c1-c1ccc(-c2c(N)on[n+]2CCCCCC)cc1.[Cl-],0,11000000100000001001100100100001110010101000000001000000001000000000000000100001110000110100000000001000000010000000000110100000
O=C1CC2C(c3ccccc3)C3C(=O)c4ccccc4NC(=O)C3C2(O)c2ccccc2N1,1,00100101001000100000110000100110000010010010000101001000001010101000000000000000011000101110000010001001010001100000001100011001
COC(=O)C=C1C(COC(c2ccccc2)(c2ccccc2)c2ccccc2)OC(n2ccc(=O)[nH]c2=O)C1O[Si](C)(C)C(C)(C)C,0,11000101111000001000001010000010010001011010000101101011001100001100100101010100110000100010000011001010101000001011001011110110
OC(CC=NNc1ccccc1)(C(F)(F)Cl)C(F)(F)Cl,0,10000110100000000001000000001000000100111000010100100010000000011000010000010000110001100000000000001000001000000011100000000000
Cc1cn(C2CC(N=[N+]=[N-])C(COC(=O)CCOCCCCCCCCCl)O2)c(=O)[nH]c1=O,1,11101010001011001001000010011011110001010100111010010001001001001100000010000000110001100010010001101001101000111000001101010100
CNc1ccc(C=C2C=Cc3ccccc32)cc1Br,0,10000000000010000000011101000100010100001000000100000010000000001100000110000000010000101110100110001010010100000100000001000000
O=C(NNC(=S)Nc1ccccc1)c1nsc2ccccc12,0,11100100001000000000000010001001000101011000001100000100000010011000000011000100010000100100000001001010011000100000010000100100
C=C1C(=O)OC2(C)CCC1CC1OC1(C)CCC=C(C)CCC2O,0,00110000001010101101000001000010010110110010011010000000001100001011000000100000110010101000000000001000110000000000010010111001
Cc1ccc(N=Nc2c(S(=O)(=O)O)cc3cc(NC(=O)Nc4ccc5c(O)c(N=Nc6ccc7cc(S(=O)(=O)O)ccc7c6)c(S(=O)(=O)O)cc5c4)ccc3c2O)cc1,1,11100001101001001000000010000001011100010000000100000000101011111010111010110100110001100100001000001000001100000010000010000100
Cc1coc2c1CC1(C)C(C)CCCC1C2O,0,10011001000000001000000100000110010010110000110000000000111000100100010000100000010000100000000000101000011000110000000000110010
CC(C)=CCN1Cc2c(F)ccc3[nH]c(=S)n(c23)CC1C,1,00000000110000000101000000100110110000011000011010100110000111001000001000000000111000111010001101011010011000000000000101010000
COC1N(C2CC(N=[N+]=[N-])C(CO)O2)C(=O)NC(=O)C1(C)I,1,11101010001010101001010000000010110010010100001010010001001001100000000001000100100001100010001000101001000010000001000000110010
CC(C)CCCC(C)C1CCC2C3CC=C4CC(OS(=O)(=O)O)CCC4(C)C3CCC12C.[NaH],1,01000001101000001111001000010111010010010000011000100111100100000000110000000000110000100000101000011001011000100101011111110001
CN(C)CCSc1nc(-c2cccs2)c2ccccc2n1,0,00000100000110100000010010000011010101000010000100000100000010111001001001000100110001100000011100001000000000000100100000100001
CCc1nc2ccc(N=NN(C)C)cc2[nH]1,1,00000001000100000000101000000000011100100000000000010010000000110100000001110000110101110010000001001010000110000100010100100000
CCOC(=O)Oc1cc2c(ccn2C)c2c1c1ccccc1n2C(=O)OCC,1,01100100001001000001010000000000110011110100010110100001001000001110000000010101110000100000100001001000000100010000010001100101
CCSc1[nH]c(Nc2nc(-c3ccccc3)n(-c3ccccc3)n2)c(C(N)=O)c1C(N)=O,0,10000100101010000001010001000000110011110101101100000100001010011000100010110000110001110010101010001000001100000010110000100100
CN(C)CC1CCCC(CN2CCCCC2)C1=O.Cl,1,00101000001110100001000000000010010000010000010100100000001000000110000010010010100000001000000100011000000000000100000010010001
COc1nc(N)c(NC2OCC(O)C(O)C2O)c(=O)n1C,1,10010001001001001001010000000010111000010100000001011101011000010110011001000001010001001010000000001000010000000000000011110100
CC(C)C(OC(=O)c1cc(NC(=S)c2cccn2C)ccc1Cl)C(C)C,1,11000001101000000101001010110000010000010000000001100101100010011000110100010110010000101000010101001000100101100000100001000100
CC1(Cn2ccc(=O)[nH]c2=O)CC(C2(C)OCCO2)C(=O)O1,0,01100000001000011010000000000010010011010000010110001011001001000000000000010100110010110010001000011000000001000000001001110000
CN1c2ccccc2N=Cc2c1oc1ccc3ccccc3c1c2=O,1,00101000001001011010000100000000010001011000000110100000101001011000100000010101110000100001010000001000000001011000000001100010
Cc1ccc(C(=O)Nc2ccc(CP(=O)(O)O)cc2)cc1NC(=O)c1cccc(NC(=O)Nc2cccc(C(=O)Nc3cc(C(=O)Nc4ccc(CP(=O)(O)O)cc4)ccc3C)c2)c1.[NaH],1,10010000001000110010000010010000010100010000001100010110101100111100011010010000110000100010010001001110010100010010000000000110
Nc1ccccc1SSc1ccccc1C(=O)O,1,01000100001000100001000100000011000001010000100101000000000000001000000110000000010000100000000000001000000000100000100101000100
CCCCOCn1c(=O)[nH]c(=O)c2ccccc21,0,10000100001001000000000000100000011001110010010100000001001001001000000010000111110010110010000000001000001000100000001100000000
c1ccc2c(c1)nc1nc3c(cn12)CCCC3,0,00001100000000000000000010011010010000010001110101000010000000011000000001100000111010100100000000011100000000000000000000100000
CNC(=S)c1nnsc1N,0,10100000100010000001001000000000010100010000000001000010001000000001000000000000000010000101010001001000001000100000000010100100
CCOC(=O)C(N=O)C(=O)c1ccccc1,0,01100100001000000001000000110000010000110000000100000101001000001100000000000100110101100000100100001000010000000000000000000100
O=C(Nc1ccc([N+](=O)[O-])cc1)N(c1ccccn1)c1ccccn1,0,11010000001000000101001010000100000100010001100100000100000000011100011000110000010000100000000000001000000010010100000000100110
COC(=O)CC1NC(=O)C1C(C)(OC)OC,1,10000000101000000000001100001000010000010000010000000001001000000001000101000000100000000010010000001100001110000010000100010110
O=C1c2ccccc2-c2cc(N3C(=O)C=CC3=O)ccc21,0,01000100011000000001101000000000010100011000000100000000001000001100100000000000010000101000000010001000111100000000000000101000
COC(=O)C1Cc2c([nH]c3ccccc23)C(C2CCCCC2)N1,0,10101010001000000001101100000010010101011010010100000001000000001000000001000100011000110010000000001101111000010000000100110100
COc1ccc(C(=O)Sc2ccccc2C(=O)Nc2ccc(S(=O)(=O)NC(C)=O)cc2)cc1,1,11000000001001000001001010000000010010011000000100010101011000011010100101110011010000100000001000001010010000010001111001000100
O=C(O)Cc1ccc(SSc2ccc(CC(=O)O)cc2)cc1,1,00000100001000000110000000000000000000010001000000000010000000000000010001000010110000100010000000001001000000000010100000000100
CCCc1cc(=O)oc2c3c(ccc12)OC(C)(C)C(OC(=O)C12CCC(C)(C(=O)O1)C2(C)C)C3OC(=O)C12CCC(C)(C(=O)O1)C2(C)C,1,00100101001100101000000000100010011110110000001000011011001001100100110110010100110000100101011000001010000101011110100000110111
O=C(O)CCC(=O)Nc1ccc2c(c1)S(=O)(=O)N(CC(=O)O)C2=O,0,10000101001000100000100010001000100000011100000001010000101000010000001011010001110101100000101010001010100100010000000000000100
Cc1nnc2nc(-c3ccccc3)nc(-c3ccccc3)n12,0,00000100100010000000011000000100111010011000000100000000001000011011000000000000010000100010000010011000011000000000000000101000
CC(=O)OC1C2C(=C(C)C(=O)OC2c2ccoc2)C2(C)C3CCC(C)(C(=O)O3)C12,1,10000000011110001011000000100010111010010000011111001001001001001010010011000000010000100000110000001010000000110010000001111101
CC1=CC(=O)C(=Cn2c(=S)[nH]c3ccc([N+](=O)[O-])cc32)C(=O)O1,1,00000101011001001111101000000000010000110001010000110110001001011000011000010000010010100010000011101011100100000100001100100000
COc1ccc2c(c1)C(=O)c1ccc(OC)cc1C2=S,0,11000100001001000000000000000000010000001000000000001111001000010010100101000010010000100000000011001000000100000000000000001000
CCOP(=O)(OCC)C(C#N)=Cc1cn(C)cn1,0,00000000001000000000011010000100011110110000100000011011000000011000000000000000111000100010000010001010100010000000000001100110
OC1C2CCN(CC2)C1CNC12CC3CC(CC(C3)C1)C2,1,10000000000011000000000000000010000110110000110000000001100001110010101011000001110000001000000100010000010001000000000000010000
CCC(=O)CCCC=C(c1cc(Cl)c(OC)c(C(=O)OC)c1)c1cc(Cl)c(OC)c(C(=O)OC)c1,1,10100010001000100101000010001000010000111000000101001111100000010000000101000100110000000001000100101100010100100000000101000100
Cn1c2ccccc2c2nnc(NCCCCO)nc21,0,10000100100110101000000001010100110001010000011100001000000011111000000000000100110000100100001000011000001000000000000101100000
Cc1coc(C)c1C(=S)Nc1ccc(Cl)c(C(=O)OC(C)C)c1,1,11000001101000001101000010110000011000010000000001010001101000010001010101110110010010100000010001101000000100110000100000000100
O=C(O)c1cc(Nc2nc(Cl)nc(Cl)n2)ccc1-c1c2ccc(=O)cc-2oc2cc(O)ccc12,1,10001100001000001011001100000000011000011000001101100000011001011010111111010110110100101000001010101001010100000000001011100100
C#CC1(O)CCC2C3CCc4cc(Oc5nc(F)nc(-c6c7cc8ccccc8cc7c7n6CCS7)n5)ccc4C3CCC21C,0,10110001111001011101010010001110011110011001010101000001010100011010100111110110110010101010000000001000010110100000011110111100
O=S1(=O)Cc2nc3ccccc3n2C1c1c(F)cccc1F,1,00000100101000011100000000000010011001010000010110000000000100011000000001000001010101110000000000001100100001001000100010110000
CSc1nc(O)c2[nH]c(=N)n(C3OCC(O)C(O)C3O)c2n1,0,00010000011000101000001010010110111000110000000000000000000100110110001000000001010001000010000010001000011000011000100000110000
Cc1cc2nc3n(c2cc1C)C(c1c(F)cccc1F)SC3,1,00000000100000010101000000000011010101010000010010010000001100011000001001000000011101100001100000001010010100011010100001110000
Cc1cc2ccccc2c[n+]1CC(=O)CC([O-])(C(F)(F)F)C(F)(F)F,0,00000000101000100000000010100000010001010100010100100010001101011011000000110001110000100000001010001000100100000010000001000100
O=C(CC(=O)c1ccccc1NC1=Cc2ccccc2C(=O)C1=O)C(=O)NC1=C(Cl)C(=O)c2ccccc2C1=O,0,11000000101000000101000010100100100000011100100111000001001000011100110111010100110010101000001011001110000100000000100000000100
CC(C)CCCC(C)C1CCC2C3CCC4CC(CCC=C(c5cc(F)c(O)c(C(=O)O)c5)c5cc(F)c(O)c(C(=O)O)c5)CCC4(C)C3CCC12C.N,1,01010111101010001111001100110111011010010000010010101111000110001110110110100000111000000000001100111000011100100101000101110100
CC1CCC2C(CN3CCCCC3)C(=O)OC2C2(C)C(=O)CC(N3CCCCC3)C12O,0,00101010001010101000000000000110110010010100010000110000001000110000000010000010100100000010000010001001001000100100100000110001
CC(=O)NNc1nc(C)c(C(C=Cc2ccc([N+](=O)[O-])cc2)=NNC(N)=O)s1,0,11010000001011001101111001001001111100010001100000000010001010111001001000010001010001101001101000001000110000100100011001100100
O=C(O)c1c(O)c2cc(Cl)ccc2oc1=O,0,00000100001000001011000000001000000001010000000011000000001110000010100010110100010000101000000000001010000100001000000000100100
Cc1ccc(-n2cc(-c3ccc(Cl)cc3)c3c(NN)ncnc32)cc1,0,11000000100000010011000000000001110001010000101011001100001000011000100100000000110000111000001010001001010110000000000001100000
CCCCCCCCCC=C(c1cc(Cl)c(OC)c(C(=O)O)c1)c1cc(Cl)c(OC)c(C(=O)O)c1.N,1,10000110001000100101000100100000111010110000000001001111100000010000000111000101110000000001000100101000010100100000000100000100
O=C(Nc1ccccc1)c1cc(S(=O)(=O)N2CCNC2=O)c(S)cc1Cl,1,10001100101000010001000010010010100000111100000101000100011000011000100110100001011000100010001000001110000100100100010000010110
CCOC(=O)Cn1c(=O)c(-c2ccccc2NC(C)=O)nc2ccccc21,0,10000100001000100001000010000000111000110100010100100101001000011011000011000000110000101100000010001100001000000100110011100110
CSc1cc(-c2ccc(Cl)cc2)s[s+]1,1,10100000101000010011001000000000010100000000001111110100000100100000000000000000010010101000000000001000000100001000100000000000
O=C(NN1C(=O)C=CC1=O)c1ccccc1Nc1ccccc1C(=O)NN1C(=O)C=CC1=O,1,10000000001001000000000000000100100100010000000100000000001000011100000110000000110000100010001000001010101100000000100000000101
Cc1cn(COCCCOCC(=O)c2ccccc2)c(=O)[nH]c1=O,1,10000100001001000000000000000100010001010000010100000001001001001100000010000000111010110110010001001000110000110000001100010100
Cc1ccc(C=C2CN(C)CC3C(c4ccc(C)cc4)=C(C#N)C(=O)NC23)cc1,0,10000000101010010010001001101011011000010000011000000010001000000100001100000001010000100010101001011100100101001100001001010000
Cc1cn(C2CC(N=[N+]=[N-])C(COC(=O)CCCCCCCCCCCc3ccccc3)O2)c(=O)[nH]c1=O,1,11001110001010001001010010011010110001010110001110010001001001001100000000000000111001100011010000101001101000111001001101010100
CC1CCC2C(C3OC(=O)CC4CCC(C)C43)C(=O)OC(C3=CCCC3)C12,0,00001000001000001100000000000111010000000000010001000010011010001101000001100001010000100000010000111011110000100001010100010001
O=C(Cc1ccccc1)NN1C(=O)C(=Cc2ccc([N+](=O)[O-])cc2)SC1=Nc1ccccc1,0,11010100001001000110001001000000000100010111000100000010001000111000011000010000110001100010010100001011001011010100000000101100
O=C1CCCC2=C1CC1=C(CCCC1=O)N2c1cccc2ccccc12,1,00001000001010010000001000011010000011010000000110000100001000011100000000100100110000110000000000101000000100010000000000011000
CCCC(=O)Oc1c(Cl)cc(C(=CCCC2CCC3(C)C(CCC4C3CCC3(C)C(C(C)CCCC(C)C)CCC43)C2)c2cc(Cl)c(OC(=O)CCC)c(C(=O)O)c2)cc1C(=O)O.[NaH],1,01010111101010101111001100111111010010110000010001101111010110011110110110000100111000000001000100111000011100100101100101110100
O=S(=O)(O)c1cc(N=Nc2cc(S(=O)(=O)O)c3cccnc3c2O)ccc1CCc1ccc(N=Nc2cc(S(=O)(=O)O)c3cccnc3c2O)cc1S(=O)(=O)O.[NaH],1,00000000101000001011000000000000001101111000100000000000000110101010110000100100110001110001001000001100100100001010000010101010
COc1ccccc1NC(=O)C(=CNC(=S)c1ccncc1)C(C)=O,0,10100001001000000000000010110110110000010000000100100011101010001001000011100000011010100000010001001000010000100100001001101101
O=c1oc2c(-c3ccccc3)cccc2c(O)c1-c1ccccc1,0,11000100101000011000000000000000100001010000010100000000001010001111100000100100010100101000001010011000000000001000000000000000
CCCCCCC(=O)COP(=O)(OCC(=O)CCCCCC)OCC1CCC(n2cc(C)c(=O)[nH]c2=O)O1,1,11001000101000001000000010101010110010110000010010001001101001101110100000000001110010100010010000001110100000111001011101110100
CCOC(=O)c1c2c(n3ccccc13)C(=O)C(C)(C(=O)OCC)S2,1,10000100001000001101000000000001010110110010010101000011111000001100001000100100110000101000000001001000000011000000100100110100
Cc1c(C)c2c(c(N)c1C#N)C(=O)N(Cc1ccc(S(N)(=O)=O)cc1)C2=O,1,10000000001010000001001001000000011000010000010001000010001000010100100101011000110101100011001000001110101000011000001000001000
O=C1CN=C(c2ccc[nH]2)c2cc(Cl)ccc2N1,1,00001001001100100001000000010010000011110000110011000000001000101000000000110000010010101010000011101000100100101100010010100000
CSc1nc(O)c(N)c(C(N)=O)n1,0,00000000001010000001000000000100010000010000000001000100010100110010000000000000000000000100000010001000011000000000100000100100
O=[As]1(c2ccccc2)c2ccccc2Oc2ccccc21,0,00000100001000101010001000010010000000001000000101000000010000001000000001000000010000100000000000011000000000100100000100000000
COc1ccc(-c2cc(=O)c3c(C)cc(O)cc3o2)cc1,1,10000000101101001000000010100000010000010010000000000101001000011010100001000010010000101000001011001000010100010000011001000000
COC(=O)CCCC=C(c1cc(F)c(OC)c(C(=O)OC)c1)c1cc(F)c(OC)c(C(=O)OC)c1,1,10000010101000100100000000001000010000011000000010001111100100010001000101000100110000000000000100101000011100000000000100000110
CN1C=COC1N=C1CCCCC1,0,00101100000000101001000000000010011010010000000110000010001000100000000100100001010001000000010000001000000000000000000001010001
CCCCCCCCCCCCCCCCCCNc1ccn(C2OC(CO)C(OP(=O)(O)OCC3CCC(n4ccc(=N)[nH]c4=O)O3)C2O)c(=O)n1,1,11011000111000001000100010110011110010110100011010001001101000011100000000010111110010100010001100101010010010111010011101110110
CC(=O)NNc1nc(C)c(C(=O)NNC(=O)C(=O)Nc2c(C)cccc2C)s1,0,11010000001001011000110010000000011100010000101000001000001001011000000000000101010000100001100000001011011000010000011001100100
CC(C)C(Cl)=NOC(NC(=O)Nc1ccc(Cl)c(Cl)c1)(C(F)(F)F)C(F)(F)F,0,11000000101010100011100010110000010000010000010101000001100100010000011000010010010001100000001000101000000110100011000000100100
COc1nc(=O)n(C2CC(F)C(CO)O2)cc1C,1,11001000101010001100000010010010110000010000000000100001001000010100001001011000110000000000001100101000000010010000000010110000
CC(=NNC(=S)N1CCC1)c1ccccn1,0,10011000000000000010000000000010010010011000100100000000000110101000000010100000010001110111000101001000000000100100001001100000
Cc1ccc2c3c(c(C)nc2c1)C(=O)c1ccccc1-3,0,01000000001000000000000001000101010000000000100100000000001000011000110001000110011100101000100010001000000100000010010001100000
CCCCCC=C(c1cc(Cl)c(OC)c(C(=O)O)c1)c1cc(Cl)c(OC)c(C(=O)O)c1.N,1,10000110001000100101000100100000111010110000000001001111100000010000000111000101110000000001000100101000010100100000000100000100
Cc1ccc(NC(=O)c2cc(S(=O)(=O)N3CCNNC3=O)c(S)cc2Cl)cc1,1,10001000111000010001000010010011110010111100000001000100011000010101100110010001010000100010001000001110000100100100010000010101
Nc1ccc2cc(S(=O)(=O)O)c(N=Nc3ccc(-c4ccc(N=Nc5c(S(=O)(=O)O)cc6cc(S(=O)(=O)O)c(N=Nc7cccc([N+](=O)[O-])c7)c(N)c6c5O)cc4)cc3)c(O)c2c1,1,11000001101001011101100000000000001100110001101101000000000011111010101100110100110001100100011000001000001100000110001110100000
CCN(CC)C(=S)SS(=O)(=O)c1ccc(C)cc1,0,10000000001000100010000010000001010010110000000001000001001000010000101000010000111001100000001001001010000100101100100000000000
CCOC(=O)C1=NC(c2ccccc2)(c2ccccc2)OC1=C(Cl)Cl,0,00101111001010001101100000000100010010110001100100000001101000001000000100000001110000100000000000001000000000000001000100100100
NC(=S=O)C(F)(F)C(F)(F)C(F)(F)F,1,01000000101010000001000000000010000001010010010000000000000100000000000000000000000000000000000000010100000010000010101000000000
CCOC(=O)N1N=C(c2ccccc2)OC2(N3CCOCC3)CCC(C(C)(C)C)CC12,1,00100100111110001001100000000010011010110100010100001011001000001000011111000000111100110000000010001000010000000010000000110101
CC(=O)Nc1cc(N=Nc2ccc(N=Nc3ccc(NC(=O)c4ccc(N)cc4)cc3C)cc2C)c(S(=O)(=O)O)cc1N=Nc1ccc(S(=O)(=O)O)cc1,1,11110000101010001011000010000000011111010100000101000000101000110000100110110000110001110000101000001110010110010010010011000110
CCCCCCCCOC1N(C2CC(N=[N+]=[N-])C(CO)O2)C(=O)NC(=O)C1(C)Br,1,11111010001011111001000000100011110010110100001010010011001001100000000001000001100001101010001001101001100010000000000100110010
CCN(CC)CCNc1ccc(CO)c2oc3ccc(O)cc3c(=O)c12,0,10010100101001001010010000010001010011110000000000000000001101101010110010100101111000110000011000001000011110001100000000010100
O=S(=O)(O)c1cc(N=Nc2cc(S(=O)(=O)O)c3cccnc3c2O)ccc1C=Cc1ccc(N=Nc2cc(S(=O)(=O)O)c3cccnc3c2O)cc1S(=O)(=O)O.[MgH2].[NaH],1,00000000101000001011000000000100001101011000100000000010000110101111100001100100110001110000001000001100000100000010100010101010
CC1(Br)C(=O)NC(=O)N(C2C=CC(CO)O2)C1N=[N+]=[N-],1,01000000001000011001000000000001110010010101001000000010001101000011000001000000110001101011001000001001000011000000000110110010
C#CC(O)C=CC(O)CCCC(O)CC#CC(O)C#CC(O)CCCC(O)C=CCCCC(=O)CCCCCCCCCCCCCCCC(O)C(O)C#CC(=O)O,1,01111101011000111111100110001101001000010000001000000010001001000100000101001011100000001000010001010101010110000011001111000110
NS(=O)(=O)c1ccc(CNC(=O)c2ccccc2SC(=O)CCCC[n+]2ccccc2)cc1.[Br-],1,11000100001010000001000100001100001001010000010100000010000000011100110110110001110000110010001000101010000100010001100101000111
CN(c1ccc(C(N)=O)cc1)c1c(O)nc2ccccc2c1O,1,00000100011110100001000101000000010001010000000110001101000000011010000011110100010000100000000000001000011000010100000000100100
COC(=O)C(=NNc1nnc(C)n1N)C(C#N)c1ccc(Cl)cc1,0,11000010001110000011011110000100111000010000001011000001001011000000000001000000010001101110000000001000100000000001000000100100
COc1cccc2c1[OH+][U+2]1(=O)(=O)(O)(O)(O)[O+]=C(N)[N-][N+]1=C2,1,10100010001000010001001000010000010011011100000001100001000000001010010101000001010001110000010000101000010110010000010001010000
COC(=O)CC1(O)C(C=Cc2ccccc2)C(C(=O)OC)C(=O)C(C(=O)OC)C1C(=O)OC,0,11101100001000010000001000000010010010110010000100100011001010001101000001001100110000100000000000011000011000100100010000011100
CCCCCCCCCC=C(c1cc(Br)c(O)c(C(=O)O)c1)c1cc(Br)c(O)c(C(=O)O)c1.N,1,00000110001000000100000100100000111010110000000010001110100000000110000110100001110000001100000100101001010100000000000100000100
Cc1ccnc2c1NC(=O)c1cccnc1N2C1CC1,1,00100000001000010011000100000010010010010110110001000000001000001001000010100100011000101010000010001000000000010000001001111100
COC1(OC)CCCCC2c3cccc(OC(C)=O)c3C21OC(C)=O,1,01111100001100010000000001010010010011010000010000110001000010001100010001000000110000101000000000001010000000010001010001110110
CCOc1ccc(NC(=O)CCC(=O)NN)cc1,0,10100100001000000001000010001000010001110100101000000101000000010010010010010110110000100000000000001010000001000000000000000100
Nc1cc(S(N)(=O)=O)ccc1SSc1ccc(S(N)(=O)=O)cc1N,1,01000000011100100001000000000001000010000000010001000001000000010100100100010000010000100000001000001000000100000000100100000000
CCCCCCCCCCCCCCCC(=O)OC(COC(C)=O)CO[PH](=O)O,0,01010000001100001001010000101000010010110000000001010011000000000010010000000011100100000000000100000000001000010001001101000100
CCCC(Cl)=NOC(=O)Nc1ccc(Br)cc1,0,10000100001011000001000010101000010000110000000101000111000000010000000000011100110001101000001100001000000000000100100000000100
CC(=O)Nc1ccc(S(=O)(=O)Nc2ccc(S(=O)(=O)c3ccc(-n4sc5ccccc5c4=O)cc3)cc2)cc1,1,10001000001001010010110010000010010101010000000100000100001010011000100000010110011000100000001000001001010000000001011011100100
N#CCCC(CC#N)N1CCN(CCO)CC1,0,01000000010000000000011000000110001000010000000000000000000000000100001110100101100000000111001000010000100000000100100001000001
CCC1NC(=O)C(C(O)C(C)C)N(C)C(=O)C(C(C)C)N(C)C(=O)C(CC(C)C)N(C)C(=O)C(CC(C)C)N(C)C(=O)C(C)NC(=O)C(CCCCNC(=O)COc2ccc(CC(NC(=O)OC3CCOC3)C(O)CN(CC(C)C)S(=O)(=O)c3ccc(N)cc3)cc2)NC(=O)C(CC(C)C)N(C)C(=O)C(C(C)C)NC(=O)C(CC(C)C)N(C)C(=O)C(CO)N(C)C1=O,1,11011100011111001001000101110110110100111110111111110011001000011010111000011011110011111111111100111011100111100111010111110110
O=C(O)CCCCCCCCCCCBr,1,00000101001000000000000000001000000000010000000000000000000000000000000001000000100000101000000000000000010000010001000100010100
N.O=C(O)c1cc(C(=C(c2cc(Cl)c(O)c(C(=O)O)c2)c2cc(Cl)c(O)c(C(=O)O)c2)c2cc(Cl)c(O)c(C(=O)O)c2)cc(Cl)c1O,1,00000100001000000001100100000000001010010000000011001000000000000010000110100100010000000001000000001000110100100000000000000110
CNC(=NC#N)NCc1ccccc1,0,10010100100000000000001000000100011001010010000100000000000000001000010000000000110001110110000100011110100000000000000000000011
CCCCCCCCN1CCCN(N=Cc2c3c(O)c4c(O)c(C)c5c(c4c2O)C(=O)C(C)(OC=CC(OC)C(C)C(OC(C)=O)C(C)C(O)C(C)C(O)C(C)C=CC=C(C)C(=O)N3)O5)CC1,0,00101000111101111110100000101110110011110100000001001011001100101011001011100111111101010010011011111010110000000000100111111101
Clc1ccc2nsnc2c1,0,00000000000000000001000000000000000101000000100011000000000000000100000001000000010000101000000100111001100100000000000000100000
O=C1C(=Cc2ccccc2)CCc2ccccc21,0,01000100001100100000010001000110000000000000100100000010001000001000100011100000010010101000000010101000000001000100000000000000
Cc1cn(C2CC(F)C(COC(=O)CCCCCCCCCCCN=[N+]=[N-])O2)c(=O)[nH]c1=O,1,11001000101010001011010010011011110001010100001000000001001001000100000000001000110001000010010000101001101100111001001111010100
O=C1OCCC12CN(Cc1ccccc1)N=N2,0,00000100001001001001000010010011000010010010000101000010011010001000000010101000110000100010000000001100100010110000000000100000
COC(=O)C1=NC(=N)N=C(C(=O)OC)C12C(=O)Cc1ccccc12,1,10000000001000000110010100011111010010110000100100011001001010011000000001001000010010100001000000001000000100010000001000100101
COc1ccc(-n2c(=O)c3[nH]cnc3n(-c3ccc(OC)cc3)c2=S)cc1,0,10000000001011000000000000000000111000110000100001000101001000010010000001000010010000100010100001001001011000100001000010100000
COc1ccc2nc(O)cc(C)c2c1[N+](=O)[O-],0,10000000001000000000000010100000010000011011001000100001001000011110001001010000010000110000001000001000000100010100110001100000
Cc1noc(NS(=O)(=O)c2ccc(NC(=O)c3ccc4nc5ccccc5c(Nc5ccc(S(=O)(=O)Nc6onc(C)c6C)cc5)c4c3)cc2)c1C,1,10011110001000101000100010000010010011010000000100000100001000011100100001110110010000100100101000011110110100000001101010101100
Cc1cn(C2CC(O)C(COC(=O)CCCCCCCCCCCN=[N+]=[NH2+])O2)c(=O)[nH]c1=O,1,11001000001010101011010010011010010001010000000000000001001001000100010001000000110001000010010000101001111000111001001101010101
CN(C)CCNCc1ccc(-c2cccc(-c3ccc(CNCCN(C)C)cc3)n2)cc1,1,10000000100110010000000000010001010000000000000000010110000100011000001000100000110010100010000000011000010010000100100000100011
[O+]#C[Mo+2]12345(C#[O+])(C6=C1[C-]2C3=C64)[PH](c1ccccc1)(c1ccccc1)C=C[PH]5(c1ccccc1)c1ccccc1.[O+]#C[Mo]1234(C#[O+])(C#[O+])C5=C1[C-]2C3=C54,0,00010101000000001000010000000000011100000001000100110001100000101001001001000010110100100000001001011010010000000000010100001100
CC(NC(=O)OC1C2C=CC(O)C1CC2)c1ccccc1,0,11000100011000000000010000010011010000010000010100100001010110001000100000000110110001100001001000001010010001100000010001010100
COc1c(Cl)cc(Cc2cc(C(=CCCC3CCC4(C)C(CCC5C4CCC4(C)C(C(C)CCCC(C)C)CCC54)C3)c3cc(Cc4cc(Cl)c(OC)c(C(=O)O)c4)c(OC)c(C(=O)O)c3)cc(C(=O)O)c2OC)cc1C(=O)O.[NaH],1,11110111101011101111001100110111010010010000010001101111000110011100110111000101111000000010000100111000011100100101000101110100
Cc1nn(C(=O)c2ccncc2)c2c1C(c1ccccc1)SC(=N)N2,1,10000110001110000000100000010000010110010000000100000010101000001011000001100001110000100010100010001001010000111100000000110101
Cc1ccc(S(=O)(=O)N2CC(O)CC2C(=O)O)cc1,0,10000100001010100001000101000011110000010000000100000000001000010000100000010010010010100000001001111000010100000000001000010100
COc1c(C(=O)CC2c3c(cc4oc(C)cc(=O)c4c3OC)OC(=N)C2c2nc3ccccc3[nH]2)c(O)c(OC)c2occc12,1,10000110001010101011000110010101010100111100010100000011101100011010110001100111110100110110000010001100100111011100010100111100
Cn1c(=O)c2nc(N=NNc3nncs3)[nH]c2n(C)c1=O,0,11010001001010001001100001000101010100011100000010001000001010010000000000000100010001000010100000001100001100000001000011100000
Cc1ccc(CCC(=O)C(=O)O)s1,0,00000100001000101000000000001000011100010000000000010000011000100000010000010000110000100001000000001000000000001000000010000110
COC(c1ccccc1)(c1nc(C#N)c(N)o1)C(F)(F)F,0,01000100111000001001001000100000011000000010010111000001000100011000111001000000010000100000011011001100100000001011000000100010
CCc1cccc(C(=O)NCCN(C)C)c1[N+](=O)[O-].Cl,0,10100001101110010000000000010001010001110001000000000100000101001001011100010000110000100000000001001010100000000100010000000100
CC(CN(C)C)C(=O)c1ccccc1,0,01100100001110000000000000010000010000011000000100000000000000001100100000000000110000100100100010101000010000000100000000000100
Cc1cc(C(=O)O)c(C)cc1SSc1cc(C)c(C(=O)O)cc1C,1,01000100001000000000000100000001010000010000000000000000001000100000000110010000010000000000000000001000000100010000101000000100
O=S(c1ccccc1O)S(=O)c1ccccc1O,1,00000000001000000000000000000000000000010001000100000000010000001010100100000000010000100000000000001000000010000100000000100001
Nc1ccc(N=Nc2ccc(-c3ccc(N=Nc4c(S(=O)(=O)O)cc5cc(S(=O)(=O)O)c(N=Nc6cccc([N+](=O)[O-])c6)c(N)c5c4O)cc3)cc2)c2cc(S(=O)(=O)O)ccc12,1,11000000101101111111100000000000001100110001100101000000000011111010111010110100111001110010011010001000001100000110001110100010
Clc1ccc(-c2cc(-c3cc(-c4ccc(Cl)cc4)[nH]n3)[nH]n2)cc1,0,10000000100001010001001000000100000000000000101011010000000000110000000000100000010010101010000000001000000100000000000000100000
O=[N+]([O-])c1ccc(C(O)C(=NO)c2nc3ccc(Cl)cc3nc2O)cc1,0,01000100001000000101001000000000000001010001000111000010000001010111001001110000010001111001000000111000001100010100000000100000
COC(=O)c1cc(=NNC(=O)CC(=O)Nc2ccccc2Cl)c2ccccc2o1,1,10000000101000001101000010001000110001011100000101000001000000101000100011001111110011100010000001011100100100101100000000001100
COc1cc2cccc(OC)c(=O)c2c(O)c1OC,0,10100000001001010000000000001000010001010000000000100001011000011010000101100100010000100000000000001000000100000000001001000100
CC(C)c1cccc(C(C)C)c1NC(=O)C(CC(=O)CC(c1ccccc1)c1c(O)c2ccccc2oc1=O)=NO,0,11000100001000011011100010010100010001010000010111000000001010001010110100110100110001110011000000011000100001111000000101000100
CC(=O)OC1COC(Nc2[nH]c(=N)n(C)c(=O)c2N=O)C(OC(C)=O)C1OC(C)=O,0,11010000011100001000100000110010011000110000100000101101001000000100000001000000010111000010001010001010000100010000000011011100
COc1oc(C(=O)NC2CCCCC2)c(-c2ccc(Cl)cc2)c1S(=O)(=O)c1ccccc1,0,10111100101000001001000000010010010100010000111111000001000001011000100001000011010101101000001000111010000000001000000100110110
CC(C)=CCOc1cc(NC(=S)c2ccsc2C)ccc1Cl,1,10000000000000101001000110100001010100010010111001100011111000010100000101010000110000100010010101011000010100100000101001000000
CCOc1ccccc1NC(=O)CCC(=O)NN,0,10100000001000000001000010001000110001110100101100100001000000001000000010000100110010100000000000001010000001000000000001000100
O=C1OC2C(O)OC3COC(=O)c4cc(O)c(O)c(O)c4-c4c(O)c(O)c5oc(=O)c6c(c(O)c(O)c7oc(=O)c4c5c76)-c4c(cc(O)c(O)c4O)C(=O)OC3C2OC(=O)c2cc(O)c(O)c(O)c2-c2c1cc(O)c(O)c2O,1,01010100001110001001000000010010010000010100000010000000011010111111110101110000011100000000011110011000010100100000000000010100
NC(=O)CNC(=O)CCCCC1CCSS1,1,10000000001010000001010000001010100100010100010000000110000000001000011000000010100100000000001000101000001000001011000100010110
CC1(C)OP(=O)(c2ccccc2)C=C1Sc1ccc([N+](=O)[O-])cc1[N+](=O)[O-],1,01000110011000001101111000000000010011001011010110000000000000001000101110011000010000100100000001101000010100001100100000101110
OCC(O)C(O)C(O)C1SC(c2ccccc2)=NN1c1ccccc1,0,01001101100010010100000001000000010100010000000100000000000001011000010000000001110000100000001010111000000000000000001110110000
O=S(=O)(O)c1cc(N=Nc2ccc(O)c3ncccc23)ccc1CCc1ccc(N=Nc2ccc(O)c3ncccc23)cc1S(=O)(=O)O.[NaH],1,00000000101100001011000000000000001101110000100000000000000110101011110100100101110001110001001000001000100100001010000000101010
O=C(NCc1ccc(Cl)cc1)c1cc2sccc2nc1C(F)(F)F,1,10000000101000100001000001000001000101010110011011000010100000010010010101000001110000101010001000001010000100000010010000100111
COC(=O)Cc1cc(OC)c(OC)cc1Br,0,10000000001000000000000000000000010000010000010000100001000100100101010001000000110000001000010100001000001100000000100011000100
O=c1c2ccccc2n2c(-c3ccc(O)cc3)nnc2n1-c1ccccc1,0,10000100101010000010000001000000010011010000010100000001001001001010000001000100010100100000010000001000011000000010000010100000
C=CCC1(c2ccccc2)Oc2ccccc2-n2cccc2C1=O,1,00101100001000011000101000001000000010010000101100001010101000001000000101000110110100100000110100001000010001010100000000100000
CSc1s[s+]c(SC)c1-c1ccccc1,1,01000100101000000010000000001000010100000000000100000100000100001010001010000000010110100000001010001000000001001000100100000000
Cc1cc(N=Nc2ccc(NC(=O)c3ccc(N)cc3)cc2C)ccc1N=Nc1ccc2c(O)c(N=Nc3ccc(S(=O)(=O)O)cc3)c(S(=O)(=O)O)cc2c1,1,11110001101011001011000010000000011100010000000101000000101011110010110010110100110001110100101000001010011110010010000010000110
O=C(Nc1ccc(C2=NCCN2)cc1)c1cc(C(=O)Nc2ccc(C3=NCCN3)cc2)ncn1,1,10001000101000000011000010000010000000010000100001100100011001010000100001110000010100110110000000001010010100000100000010100100
O=C1C2ON=C(c3ccncc3)C2C(=O)N1c1ccc(Cc2ccc(N3C(=O)C4ON=C(c5ccncc5)C4C3=O)cc2)cc1,0,00011110101000001000001010000000010100011000010000010010111000001001000000100000110000100110000000001100010000000000000000110001
CC(C)N(C(=O)C12C3C4C1C1C2C3C41C(=O)C(C)(C)C)C(C)C,0,01010000101010100000100000010000010010010000000000000000000000100100101000100000000000000000000010000000000000010110010000010100
Cc1ccc(S(=O)(=O)NC(=O)OC23COCN2COC3)cc1,0,11100000001100001000010010000011110010010000000100010001001000011000101010010000010000110000001000001000000100000001001010000110
O=[N+]([O-])c1ccc(CNC2=NN=S(=O)(O)c3ccccc32)cc1,1,11000000101010100100101000001001000000010101001100000011000000001001001000010001110011101011010010001000100000000100000010100011
O=C(Nc1ccc(C=Cc2ccc(NC(=O)c3cc(S(=O)(=O)O)ccc3O)cc2S(=O)(=O)O)c(S(=O)(=O)O)c1)c1cc(S(=O)(=O)O)ccc1O.[NaH],1,10000000101010000000000010000000000000010000000000000010101100010111100111010001110000100000001000001010000100000010100010001100
COC1C=COC2(C)Oc3c(C)c(O)c4c(O)c(c(C=NOCCO)c(O)c4c3C2=O)NC(=O)C(C)=CC=CC(C)C(O)C(C)C(O)C(C)C(OC(C)=O)C1C,1,00101000111101111110100000101110010011010101000001001011101100101010001001100111111101010110011011111010110000000000100001111100
O=S(=O)(O)c1cc(N=Nc2ccc(C=Cc3ccc(N=Nc4cc(S(=O)(=O)O)c5cccnc5c4O)cc3S(=O)(=O)O)c(S(=O)(=O)O)c2)ccc1C=Cc1ccc(N=Nc2cc(S(=O)(=O)O)c3cccnc3c2O)cc1S(=O)(=O)O.[NaH],1,00000000101000001011000000000000001101011000100000000010000110101111100001100100110001110000001000001100000100000010100010101010
CCCCCCCCC=CCCCCCCCCOP(=O)(O)OCCC=C(c1cc(Cl)c(O)c(C(=O)O)c1)c1cc(Cl)c(O)c(C(=O)O)c1.N,1,10000111001001000111000100100000111010110000001011001111000000001010000110101001110010000001000101101010111100100000000100000110
CC(C)(C)OC(=O)C1=C(N)N(Cc2ccccc2)C2(C)C=CC(=O)C=C12,0,00000100101000001101000000000000010110110010000101000001001000001001100101000001110110100011000001001111010001010010000000101100
c1ccc2sc(SSSc3nc4ccccc4s3)nc2c1,1,00000010000001000000000000000000011100000010010100000000000000011000000001000100010010110000000000001001000000000000110000100000
COc1cc2c(cc1O)-c1oncc1CCC2,0,10001000010000001011000100010010010000011000100000100001100000000010000101100100010110000000000010001010000110000000000011101001
CCOC(OCC)N1C(=O)C2(C(OCC)OCC)CC3C(OC(=O)N3N)c3cccc1c32,0,01010000101011011001100101000010011011110000000000000001101110001001000000001000110000100100000010001010100000111001000000010001
CC(C)(C)c1cc(C2NC(=O)NC2=O)cc(C(C)(C)C)c1O,0,00000001101000100000000001000011010110010000110010000010001100100010000000100000010000000010000000101000100100000010000000011001
CNC(=S)NN=C(C)c1cc(OC)ccc1O,0,10000000000001001000001000001000010000010000000000001001000110100011000101000110010001110101000101001000000100100000000001000000
CCC(C)C(NCc1ccccc1)C(OCc1ccccc1)C1COC(C)(C)O1,0,11010101100000101000101000010010010010100010101100000101000010101000000000000000111000100010001010001110010000010000100001111011
CSc1nc(O)c2nccnc2n1,0,00000000001000000001000000000100110000010000100100001000000110110010000000100000010000001000000011001000111000000000100000100000
O=C1CCN2C(=N1)Nc1cccc3cccc2c13,0,01100100001000010000000000001011000100010000011000000000011000011000000010100000010001101010001100011000000011001000000100100000
CSCC(NC(=O)COc1cccc2cnccc12)C(=O)NC(Cc1ccccc1)C(O)C(=O)N1CSCC1C(=O)NC(C)(C)C,1,11110101101000010011001000010011010110010110100111100011100001011011010000100101110110101111010010111000000110000010110100111101
Cc1cccc(C)c1NC(=O)C(Cc1nc2ccc([N+](=O)[O-])cc2nc1O)=NNC(N)=O,0,11001000001010010101101010000000010000010001100100001010001110111111011001010101110001101000000000001000011100010100001000100100
CN(C)N=C(CC(O)(C(F)(F)F)C(F)(F)F)c1ccc([N+](=O)[O-])cc1,0,01001000101100000100001000000000010001010001010000010000001110000000001000011100110001100000000010001000010000010110100000100000
O=C(Cc1ccccc1)NN=C(c1nc2ccc([N+](=O)[O-])cc2nc1O)C(O)c1ccc(C(O)C(=NNC(=O)Cc2ccccc2)c2nc3ccc([N+](=O)[O-])cc3nc2O)cc1,0,11000100001010000100101001000000000000010111000100000010010011111111011001110000110001100010000000011100001100010100000000100100
O=C1Oc2ccccc2C(=O)C1=CNC(=S)c1ccncc1,0,10000001001010001010000000000000000100010000000100000010101000001001100001100000011000101000011011001001010000100100011000100001
O=C1C(=O)N(CNC(c2ccccc2)c2ccccc2)c2ccccc21,1,11000100101000110000000000010000100000011000010100000000001000001100100100001000110001101000000010001000000000110100000000000000
Cc1nn(C(=O)c2ccc(Cl)cc2)c2c1C(C=Cc1ccccc1)SC(=N)N2,1,10001100001100000001100000010000010110010000001111000010001100001111000001001001010000101010100011001001010000111100000000110100
COC(=O)C=CC(C#N)(C#N)N=Cc1sccc1C,1,10000000001001100000001000010001111100010111000001100011001000000000110111100000010001110000001010001000100001010010000010000100
CC(C)(C)CC(C)(C)c1cc2c(O)c(c1)Cc1cc(C(C)(C)CC(C)(C)C)cc(c1O)Cc1cc(C(C)(C)CC(C)(C)C)cc(c1O)Cc1cc(C(C)(C)CC(C)(C)C)cc(c1O)Cc1cc(C(C)(C)CC(C)(C)C)cc(c1O)C2,0,00000000110000001100000000001010010000010010000000000000001000000010000000100000111010000010011000001100000100000010001000000001
CN1CCc2ccccc2C(C(=O)c2ccc3c(c2)OCO3)C1=O,0,01010101101100001000000000000110010001010000100100000000011000001000010110100000010010100000001010101010010100010101000001010100
COc1ccc(-c2cc(-c3ccccc3)c3ccccc3n2)c(OC)c1OC,0,10011100100000000000000000000000010001001000000100100001000000011000010001000100010010100000001010001100000100000000001101100000
O=C1CCSC2=C1SCc1sccc12,0,00000000101000100000010000000111000110100011000000000000001000100000000000100000010000100001010010011010000000110000000000000100
O=C(CNC1=NCCN1)Nc1ccc(NC(=O)c2ccc(C(=O)Nc3ccc(NC(=O)CNC4=NCCN4)cc3)cc2)cc1,1,11010100101000000000000010000010110000010100000001000100011000010001100000110100110000100110000000101010010000000100000000100100
O=C1c2c(O)ccc(O)c2C(=O)c2c(NCCCCO)ccc(NCCCCO)c21,1,10010000101000000000000000110100000000010000000000001000001000011011100110010000110100100100001000001000001000000000000100000010
CC1(C)CC(N2CCN(C3CC(C)(C)NC(C)(C)C3)CC2)CC(C)(C)N1,0,00000010000000000000000000000010010010010001001000001000000000110100000010000000000000000010100000000000000000000000001000110000
NCCCc1nonc1C(=O)O,0,00000110001000001001000001001000100000010000000010000000000000000001000010000000100101100101000000001110011001000000000100100100
CCc1c(Cc2cc(C)cc(C)c2)n(COCCC[Se]c2ccccc2)c(=O)[nH]c1=O,1,10110101001001000100001001000001011000110010010100000001011001001001000010000000110011100110000000101000000100100010001111000010
Cc1cc(=O)c2c(O)c3c(O)cc(O)c(-c4c(O)cc(O)c5c(O)c6c(=O)cc(C)oc6cc45)c3cc2o1,0,00001000001000001000000110000001010000010100010000001010001000001010100101100110010100000000000010001000000100000000011010001000
Cc1cn(C2CC(NO)C(CO)O2)c(=O)[nH]c1=O,1,11011000001010001000000011010010010000010001000000000001001001000100001000000000110000000010011000101000100010110000001001010000
CCCCCCCCCCCCCCCC(=O)Nc1ccn(C2CCC(COP(=O)(O)O)O2)c(=O)n1,1,11001000111000001000000010111010110010110100011010001011101000011100000000010101110000100000001100001010000000011011010100110100
CC(=O)c1c2c(cc3c1CC1(C3)Cc3ccc4c(c3C1=O)CCC4)CCC2,0,00001001001000011010000101001010010010010000100000000000001010000000010100100100011110100000010000001000011100011000010001101100
CCC(C)C(NC(=O)c1ccccc1S)C(=O)O,1,11000100101000010000000000010001010001110100001101001001000000011000000100000000110000100000001000001110000000000000010001010100
Cl.NNc1ncnc2c1ncn2C1OC(CO)CC1F,1,11100001100010001011000010100010100011011000100000000000001110000110100100000000110000010000001000001101010010010000000010110011
CC(=O)NS(=O)(=O)c1ccc(-n2sc3ccccc3c2=O)cc1,1,10000000001001010000101000000010010101010000000100010000001010011000100000010100011000100000001000001000010000000001011011100100
O=S(=O)([O-])c1ccc2c3c(ccc2c1)[OH+][Cu-][N+](c1ccc(C=Cc2ccc([N+]4=Nc5c(ccc6cc(S(=O)(=O)[O-])ccc56)[OH+][Cu-]4)cc2S(=O)(=O)[O-])c(S(=O)(=O)[O-])c1)=N3.[Na+],1,11010000101010110000000000010100000000000101010000100010000101011101110001010101110000100100001000111100000100001000100010100001
COc1ccc(C=C(Cl)c2ccc(OC)c(OC)c2)cc1OC,1,10000000000010000001000001000000010110010000100000100011001000000000000001000000011000100000011000101000010100000101000001000000
O=C1OC2(c3ccccc31)c1ccccc1-c1ccccc12,0,00100000001000001000000000000000000011001010000100001000001010001000000000001000011000101000000010001000000000000000000000000000
CCCc1cc(=O)oc2c3c(cc(OC(C)CC)c12)OC(C)C(C)C3O,1,01000100111000101000000010110100110110110000000000100001001000101010110000110010111000000001010010001000010100101110000000110000
CC(=O)OCC1OC(N2C(c3ccccc3)=CC(c3cccs3)C(C#N)=C2S)C(OC(C)=O)C(OC(C)=O)C1OC(C)=O,1,01100100111100111101001011001111111101010000000101001011001011001000000000010011110001110000100010101110100000011100000001110101
CC(SC(=N)N)C(=N)N,0,01000100001010000001000000010000110000010000001100000000000000000000000000000000100000100000000000000001000000010000100000000000
CC1C2(O)CC34CC(=O)OC3(CC(O)C4C)C1(C)CO2,0,00110010001000101000000011001110110010010000100000100000001000000000000011100000010000000010100010001001110010010010001011110000
COc1cc(=O)oc2c3c(ccc12)OC(C)(C)C(OC(=O)C12CCC(C)(C(=O)O1)C2(C)C)C3OC(=O)C12CCC(C)(C(=O)O1)C2(C)C,1,10100101001100101000000000000010011110010000001000111011001001000100110101000100110000100110001000001010000101011100100001110111
Cc1cn(C2CC3C(COC(C)(C)N3O)O2)c(=O)[nH]c1=O,1,11011100001011001001001011010010011010010000010000000000001001000100010000000000110000000010010000011000100000110000001001110000
COc1ccc(-c2nc(-c3cnccn3)n(Cc3ccccc3)n2)cc1,1,10000100100001000001000000100010010011011010100100100001001000011111000001100010110010100010000010011101010000000000000100100001
O=[N+]([O-])c1ccc(C2OCC3CSCN32)cc1,0,01010100001100101100011010000010001110010001000000000000010000000000101000010001010100100001000000011000000100000100001010110001
Cn1nc2c(c(Cl)c1=O)Nc1ccccc1O2,0,01000000001000001011100000000000010010010100010101000000001010101000000001000000010000100010000010001000001000000101000011110000
O=C(O)c1cc(O)cc(O)c1N=Nc1ccc(CCc2ccc(N=Nc3c(O)cc(O)cc3C(=O)O)cc2S(=O)(=O)O)c(S(=O)(=O)O)c1.[NaH],1,01000100101000001000000100000100011100110000000000001000000100100010110110100100110001100001001000001000111100001011000100001100
CCN(C(=O)NC(Cc1ccccc1)C(=O)NC(CC(C)C)C(=O)OC)c1ccccc1,0,11000100001000010001000000010000110010111010000100000111000001001100000011101001110000100110000010001100000000001100010100000100
Nc1ccc(C=Cc2ccc(N=Nc3ccc(C=Cc4ccc(N)cc4S(=O)(=O)O)c(S(=O)(=O)O)c3)cc2S(=O)(=O)O)c(S(=O)(=O)O)c1.[NaH],0,00000001101000001001000000000000001100010000000001000010000100100101100001100000110001100000001000001000000100000010100110001000
O=C1C(Cl)N(c2ccc([N+](=O)[O-])cc2)C1c1c[nH]c2ccccc12,0,01010000001000000101001001000000010001111001001100001000001000001000001010010100011000110010100001011000010000000100000100110010
CCOC(=O)C1(C)CCc2sc(N)c(C#N)c21,1,00000010001000011001001000000011011110110010000001001001001000000101000000100100100011100000000000001010110000001000000001110100
C[n+]1c(-c2ccc(C=NNC(=O)c3cccc(C(=O)NN=Cc4ccc(-c5cn6ccccc6[n+]5C)cc4)c3)cc2)cn2ccccc21.Cc1ccc(S(=O)(=O)O)cc1,1,10100000101000110000000011001001110000010010000100000110001110111100100010010101111001100000001110001010010101010110000001000100
CCNCC.O=C1C2CCCC1C1C(=[N+]([O-])[O-])C=C([N+](=O)[O-])C2C1[N+](=O)[O-],0,10001100001000000000000000000010011001111001010001000000001010101010001100011000110010010000010010011000000110000100000000010000
CC1=COC2OC3(C)CCC4C(C)CCC1C24OO3,0,00000001001000011101010001001110010010100001011000000000001000000011000000000000010100100000000110011100000000000000010000111001
Nc1ccc(N=Nc2ccc(-c3ccc(N=Nc4c(S(=O)(=O)O)cc5cc(S(=O)(=O)O)c(N=Nc6ccc([N+](=O)[O-])cc6)c(N)c5c4O)cc3)cc2)c2cc(S(=O)(=O)O)ccc12,1,11000000101101101111001000000000000100110001100101000000000011111010111010110100111001110010001010001000001100000110001110100010
Cc1occc1C(=S)Nc1ccc(Cl)c(COC(C)(C)C)c1,1,10000000100000001001000010100000010000110000000001100001111100011001010100010000110000100000110001101000010100100010100000001000
CCCCN(CCCC)NC(=S)Nc1ccccc1,0,10000100000000000000010010101001010000111000000100001100100000011000010000000001110000100000100001001000000000100100000100000000
CC(C)(C)SS(=O)C(C)(C)C,0,00000000101000000000000000000000010000000011010000000001000000000010000000000000000000000100000000000000000000000110100010001000
CC(=O)OC1C(OC(=O)CC(C)C)c2c(ccc3ccc(=O)oc23)OC1(C)C,1,01100101011100001010000000010000010110010000000000000111001001010000100100011000110000100000000000001010101001011101000001110101
CC(Nc1cc(=O)n(C)c(=O)[nH]1)c1ccccc1,0,11000100001000001001100010010001010000010000010100101000101000001000000000000000010001100011000001001000000100000000011001010000
O=C1CC(=Cc2ccccc2)C(=O)c2ccccc2N1,0,00000100001101100001000001001110000010010001000100000010001000101000100001000000010000101010000010001000000001100100000000000000
COCCOCCOCCOCCOCCOCCOCCOCCOCCOCCOCCOCCOCCOCCOCCOCCOCC(=O)N(CCn1ccc(NC(c2ccccc2)(c2ccccc2)c2ccccc2)nc1=O)CCn1cnc2nc(NC(=O)c3ccccc3)nc(O)c21,0,11010100011111010000010010010001111010010100101100011001001001111110100011010100111010101000010111001010011011000110100101110100
COc1cc(-c2ccc(N=Nc3ccc4c(S(=O)(=O)O)cc(S(=O)(=O)O)c(N)c4c3O)c(OC)c2)ccc1N=Nc1ccc2c(S(=O)(=O)O)cc(S(=O)(=O)O)c(N)c2c1O.[NaH],1,10000000101010000111000000000000010110010000001001100001000101101010111101100100110011110000001000001000000100000010100011000010
C=CCn1nnc2ccccc2c1=O,0,00000001001010000000000000011010010001010000100100000010001000001000000001000100110000100000000100001000000101000000000111100001
C[n+]1c(-c2ccc(C=NNC(=O)C(=O)NN=Cc3ccc(-c4cn5ccccc5[n+]4C)cc3)cc2)cn2ccccc21,1,10000000101000100000000011001000110000010010000100000110001110101000000000010101111001100000000111001000000001000100000001000100
COCCNC1CCC2(SCCS2)c2[nH]c3ccccc3c21,0,10000000001001010111110000010010110111000110010100000001000000001000001101000100110000110110010000001010000001101000000100010000
O=C(Nc1ccccc1Cl)c1cc2cc(N=Nc3ccc(Br)cc3)ccc2oc1=O,0,11000100001001001011000010000000101101010000000101010000001010111000100110100011010011101000000100001110000110100100000010000100
CC(=NNC(=O)CC(=O)N(C(=O)c1ccccc1Cl)c1ccc(C)cc1)c1ccc(Cl)cc1,0,10000000001000000001000000000101010000010100101111000100001010101000010110001010110001101011000100001100010100100100000001000100
CCOc1ccc(Nc2ccc(N=Nc3c(N)c(C)cc(N=Nc4ccc(-c5ccc(N=Nc6ccc(O)c(C(=O)O)c6)cc5)cc4)c3N)cc2S(=O)(=O)O)cc1,1,11000100101000001011000100000110011101110000100101010001011101111011110110110010110001110000011000001010001101010011100000001100
COc1cc(C)cc2c(-c3c(OC(C)=O)cc(OC(C)=O)c4c3CC(C)N(C(C)=O)C4C)cc(-c3cc(-c4c(OC(C)=O)cc(OC(C)=O)c5c4CC(C)N(C(C)=O)C5C)c4cc(C)cc(OC)c4c3O)c(O)c12,0,10000010001100000000110000001111110000010000000000110001011010001111000001100100011100101000001011011001111100011000000001010100
COc1ccc(-c2cc(-c3cc(OC)c(OC)c(OC)c3)cc(-c3cc4ccccc4oc3=O)n2)cc1,0,10000000101001001000100000100000010000000000000101110001001010011110110001000110011010110000000010001100110100000000000011100000
Cc1ccc(-c2cc(-c3ccccc3)c(C#N)c(=O)n2C2OC(CO)C(O)C(O)C2O)cc1,1,11000100101011001000001010001011011000110000000100001000001000001000001001010001111011100000001010101010110110001000100110010000
CCCCCCCCCCCCC(F)C(=O)OCC1OC(n2cc(C)c(=O)[nH]c2=O)CC1N=[N+]=[N-],1,11011010101010001001000010110010110011110100001010010001001001000100000000000001110001100110010000111001100000111000001101010100
C1=NCCNCCNCCN=Cc2ccc(cc2)OCc2cccc(n2)COc2ccc1cc2,0,00000000000000011010000100101010010100000001000001100000010000011010001001000000010000100011000001001000000010110000000001100000
N#CCCC1(CCC#N)CCc2ccccc2C1=O,0,00000000001000101000011000010110001011000000100100000000001000001100000000100000110011101000010010001000100001000000100000000000
Cc1cc(N=O)ccc1O,0,00000000001000000000000000000000010000010000000000000000001000100011000100100000010101100000000010001000000100010100000000000000
Cc1cc(NS(=O)(=O)c2ccc(NC(=O)c3cccc4c(Nc5ccc(S(=O)(=O)NC(=N)N)cc5)c5ccccc5nc34)cc2)no1,1,10001110001110011001000010000000110001010001000100010100101010011000100101110111110010100000001010001010000100110001101010100100
COc1cc(N=Nc2ccc(N=Nc3cc(NC(C)=O)c(N=Nc4ccc(S(=O)(=O)O)cc4)cc3S(=O)(=O)O)c(C)c2)c(C)cc1NC(=O)c1ccc(N)cc1,1,11110000111010001011000010000000011111010100000101110001001000110000100111110000110001110000101000001110010100010010010011010110
Cc1c2oc3c(C)ccc(C(=O)NC4C(=O)NC(C(C)C)C(=O)N5CCCCC5C(=O)N(C)CC(=O)N(C)C(C(C)C)C(=O)OC4C)c3nc-2c(C(=O)NC2C(=O)NC(C(C)C)C(=O)N3CCCCC3C(=O)N(C)CC(=O)N(C)C(C(C)C)C(=O)OC2C)c(N)c1=O,0,11011100001111101001000000110111110100111000111001100000001010010001100110110011011100110010010000101011010010110011000011111110
N#CC1(OC2CCCCO2)Cc2ccccc2C1,0,00001000000000011000011000000010101010000000110100000011010100101000000010001000011010100000001001001100110000000010000000110000
O=P(O)(O)OC1C(OP(=O)(O)O)C(OP(=O)(O)O)C(OP(=O)(O)O)C(OP(=O)(O)O)C1OP(=O)(O)O,0,00010000001000000001000000010010010000010000001000001001000000001000000000000000000000000000000000000010000000000000000000010000
CNS(=O)(=O)NNS(=O)(=O)c1ccc2ccccc2c1,0,10000000001000000000001000001000011000100000000100000100100000011010111000110000010000110000001000001000000100000000001000000000
CCSc1[nH]c(N=C(NC(=O)c2ccccc2)NC(C)C)c(C(N)=O)c1C(N)=O,0,11001100101010000001000000010000011001110010000100000100001001001100100011100100110001110010100110101010010011000010110000001100
O=[N+]([O-])c1ccc2c(c1)nc1n2C(c2c(F)cccc2F)SC1,1,00000000101000010101101000000010001101010001010010010000000100011010001001010000011101100001100000001110010100001110100000110000
Cc1ccsc1C(=S)Nc1ccc(Cl)c(C(=O)OC(C(C)C)C(C)C)c1,1,11000001101001100101000010110001010100010110000001100101101010010000010100010010010000100000010111001000000101110100100000000100
O=C(NCC(=O)N1CCCC1C(=O)OC(=O)C1CCCN1C(=O)CNC(=O)OCc1ccccc1)OCc1ccccc1,1,10101100001000000011001000000010100000010010010100000001000000101100010010000000110100100010011000101000011000100110000000110100
CCOc1ccc(C(C)c2cc3c(cc2OC)OCO3)cc1,0,11001101100000001000000000010010010000100000100000100001010001000010011101000010110001100000000000101010000101000100000001000000
Cc1cc(C(c2cc(C)c(O)c(C(=O)O)c2)c2cc(C)c(O)c(C(=O)O)c2)cc(C(=O)O)c1O,1,01000100001000000000000100000000010010010000000010000000001000000010000110100000010001001001000000101000001100010000000000000110
Cc1n[nH]c(=N)sc1=NO.Cl,0,00100000100001000000000001010010011100010000000100000000001000000100000000100000000011010110100010001000000000010000110000100000
Cc1cn(C2CC(N=[N+]=[N-])C(COC(=O)C3CCC4C5CCC6=CC(=O)CCC6(C)C5C(O)CC34C)O2)c(=O)[nH]c1=O,1,11011111001010001001001110010010110010010100011010110011001001000101011001100000110011101010110100101001110000111110011011110100
c1ccc2c(c1)SCCCSCCCS2,0,00011000000001000000010000000110000101000000100110000100000000001000010000000001010000100000000000001000000001000000000000000000
CN1CN(c2ccccc2)C2(CCN(CCC3COc4ccccc4O3)CC2)C1=O,0,10010100001000011000100001001110010010010010001100000000011000001010000111101000111100100000000110001010000000110100000101010011
Cc1ccc(S(=O)(=O)NN=CC2(c3ccccc3)c3ccccc3-c3ccccc32)cc1,0,10001100001000000100000000000011010010000000100110001010001010011000100001010100010001101000001011001000100100000001001000000000
COc1cccc(OC)c1NC(=O)C(=O)Nn1c(NNC(=O)c2ccncc2)nc2ccccc2c1=O,0,11100100001000010000000010000100010001010000100110100101101000011001000001110100010000101000000110001010011100010100000011101111
O=C(O)c1ccc(CS(=O)c2ccc([N+](=O)[O-])cc2)c([N+](=O)[O-])c1,0,01100110001000000101011000100000010000010001000000000001000000000000011010011100110000100000000001101000110100100110000000100100
Cc1nn(C(=O)c2ccccc2O)c2c1C(c1ccc(O)cc1)SC(=N)N2,0,00000010001110000000100000010000010110010000000100000010001100001010000101000001110000100010100010001001010000111010000001110101
COC(=O)C(C#N)=Cn1ccc(=O)[nH]c1=S,0,10000100011000000100001000000000111100010000000000010111001000000100000001010100110000100010000001011000100000010000000100000100
N=C1NN(c2ccccc2)C(=O)C1C(=O)C(=O)Nc1ccc(Cl)cc1,0,11000100001000000001000111010000010001010001001111000100001000011100000010110001111000101010000000001000001100010000000000010100
OC12c3ccccc3C1(N1CCOCC1)CCCCC21OCCCO1,1,00101000001100001000000000000011010010010000000100001010000110011000001110010001010000110000100000011010000000000101001001000100
COc1cc(C2Oc3c(OC)cc(C=CC(=O)O)cc3C2C(=O)O)ccc1O,1,10010100101100101001000100001001010010010011000000100111000000001011100101100000110000100010010000011010000100110100000001011101
C(=C1NC(c2ccccc2)=Nc2ccccc21)c1ccccc1,0,00000101100000010000000001000101000010100000000110100010100000001000000001100000010000101010000110001010000001000100000100100000
Cc1ccc2c(c1)sc(C)[n+]2CCO,1,00000000001000010000000100000001111101010000000000010000001000000000000000000011110000110100001000001010000100000001010001000000
C=CCN(CC=C)C(=O)Nc1ccc(C(=O)NN=Cc2cccc(OC)c2OC)cc1,1,11100000001100010001000010001000010000110000100001100111010000111100000011010100111001100000000010001110010001000101000001100100
CCCCCCCCCCCCCCCCNc1ccn(C2CC(OP(=O)(O)OCC3OC(n4cc(C)c(=O)[nH]c4=O)CC3N=[N+]=[N-])C(CO)O2)c(=O)n1,1,11011010101010001000100010110010110010110100001010011001001001011100000000010101110011100010011100101011100010111010101101110100
CC1=NN(c2ccc(S(=O)(=O)O)cc2)C(=O)C1N=Nc1ccc(-c2ccc(N=Nc3ccc(OS(=O)(=O)c4ccc(C)cc4)cc3)c(S(=O)(=O)O)c2)cc1,1,10000101101000011110000001000001110110011000100100010001001000110010100110110010111011110001101000001000010100010010000000110010
O=C1Nc2cnc(Cl)nc2Nc2ccc(Cl)cc21,1,01001000001000110001000000001000000011000000100011000100011000110000000000110000010000101010000010001000000100000001001001101001
O=C1CCCC(C(Sc2ccccc2)(Sc2ccccc2)Sc2ccccc2)C1,0,00001100001010000000000000010011000000010001010100000000001000001000000010100010010000100100100001001011000000010010100001010000
COCc1cc(=O)oc2c3c(c4c(c12)OC(C)(C)CC4)OC(C)C(C)C3O,1,00100100001000101000100010100110011110110011000000100001001000011000110001110000111000000010010000001000010101101000000000110000
O=C(NCc1ccc2ccc3cccnc3c2n1)c1ccc[n+](Cc2ccccc2)c1.[Br-],0,10001100011010000001001000000010000100110010110100010000000010011101010010110001111010100010101010001010011100000000000000100101
CCC(C)C1NC(=O)C(C(C)=O)=C1O,0,01000000101000000000000010011100010000110010010010000000001000000010000000000100110000000010000000111001000001000000000001010100
O=C1OCCOCCOCCOC(=O)c2ccccc2SSc2ccccc21,0,00000000001101001000000000000010000100000000000101000110011001101000100001000000010000101000000010001000001000010000000000000100
CC=CCSc1cc(NC(=S)c2ccsc2C)ccc1Cl,1,11100000000000100001000010111001010100010110110011000010111000010100000101011000110001100010010001001000000100100000100000010000
O=C(Nc1nc2ccccc2s1)c1cc([N+](=O)[O-])ccc1Cl,0,11000000001000000101101010101000011100110001010101000000000001011000101101011101010010100000000000001010000100101100010000100100
CCOC(=O)C(Cc1ccc2c(c1)CCC2)(Cc1ccc2c(c1)CCC2)C(=O)OCC,0,01001000001010000001000000100010010001110000100100000011001011100000001000100000110010100010000000001000000100000010000010001100
O=S(=O)(Nc1nnc2c3ccccc3ccn12)c1ccc(F)cc1S,1,11100010101110010000000000001100100001010100010101000000000100011100100000000101110000100000001000001100000110000000001101100001
O=C1c2ccccc2S(=O)(=O)c2cc(-c3nnn[nH]3)ccc21,0,10000100101010010000100000101000010001001000000100000001011000001000100001100001010001101010010010001000010110010000000000101000
Cc1ccc(S(=O)(=O)N2CCCC2C(=O)NNC(N)=S)cc1,0,10001000001010010001000001000011110100010001010011000000001000110000100010010000010000100000001001101000010100100000001000010110
Cc1cn(C2CC(N=[N+]=[N-])C(COC(=O)CCCCCCCCCCCN=[N+]=[N-])O2)c(=O)[nH]c1=O,1,11001010001010001011010010011011110001010100001010010001001001000100000000000000110001100010010000101001101100111001001101010100
CC1(C)CC(=O)C2=C(C1)NC(SSC1=C(C#N)C(c3ccc(Br)cc3)C3=C(CC(C)(C)CC3=O)N1)=C(C#N)C2c1ccc(Br)cc1,1,11000101001101000001011000000010011011000000101000000000001000000000100000010001010000111010000100001000100000111110100001110001
CC(=O)OC12CC(C)C3(O)C(C=C(CO)CC4(O)C(=O)C(C)=CC43)C1C2(C)C,1,11100010001100011000001000000110010010010010100000010001101001000010110000000000110100000000011101001011101001000001010001111100
CCOC(=O)C1C2CCC(O2)C1C(=O)O,0,01000100001000001001001100010110010001110000010010000001001000000000000000000001100100100000000000000000000000000000000000010110
CC1OC(OCC2OC(Oc3ccc4c(=O)c(-c5ccc6c(c5)OCO6)coc4c3)C(O)C(O)C2O)C(O)C(O)C1O,1,11001000101111001100000000000110110000110011010010111001111000000011010101000111111100100000000010101000010101011100000001011000
COC(=O)NN=C(C(=O)Nc1cccc([N+](=O)[O-])c1)c1nc2ccc([N+](=O)[O-])cc2nc1O,0,11000000001001011100101010000000010000010001000100000011101010111110001001110001010001100000111000001000001100000101010000100100
CC(C)CCCC(C)C1CCC2C3CCC4CC(CCC=C(c5cc(Cl)c(OCc6ccc([N+](=O)[O-])cc6)c(C(=O)O)c5)c5cc(Cl)c(OCc6ccc([N+](=O)[O-])cc6)c(C(=O)O)c5)CCC4(C)C3CCC12C.[NaH],1,01010111101110001111001100110111010010010001110001101111000110011100111110010100111000100011000100111000011110100101000101110100
CC(C)c1ccc(S(=O)(=O)c2ccc([N+](=O)[O-])cc2[N+](=O)[O-])cc1,0,11000000101010000100101000010000010100000001000001000000000001010000101100011011010001100000001000111000000100000100000000100000
C(=Cc1ccccc1)C=NCCCCCCN=CC=Cc1ccccc1,0,00000100000000001110000000000000000000000000000110000010000000001001000001000001110001100000000010001000000001100100010100000000
CCCC[Sn]1(CCCC)ON=C(c2ccccc2)C(c2ccccc2)O1,0,10001100100000011000000000100000011001101100010100000001000000001010000100000001110000100000000010001000001000000100000100111011
Cc1cc(C)c2c(=N)c3ccccc3n(CCCCCCn3c4ccccc4c(=N)c4c(C)cc(C)nc43)c2n1.Cl,0,00111110000000000000001000010000111011010010010100000000001000011001000000000100110010110000000000001000100100011000100101100100
COc1cc2ccc(C(=O)NCCCNC(=O)c3ccc4cc(OC)c(OC)cc4c3)cc2cc1OC,1,10000000111001100000000000010010010000010000000000100001000000010010010001010000110010100000010000001010010100000000001101001100
C[Se]CCC1OCC2OC(n3cc(C)c(=O)[nH]c3=O)CC2N1O,1,11111100001010001000001011011010111000110000000000010000011001001100010000000001110100110010010000011000100000110000001001010000
CC(C)C1NC(=O)C(Cc2ccccc2)NC(=O)C2NC(=O)C(Cc3ccccc3)NC(=O)C3CCCN3C(=O)CNC(=O)C(Cc3ccccc3)NC(=O)C3CNCCCCC(C(=O)O)NC(=O)C4NC(=O)C(CC(N)=O)NC(=O)CNC(=O)C(C(O)C(=O)O)NC(=O)C(CSCC(NC(=O)C(CCC(N)=O)NC(=O)C(CCCNC(=N)N)NC(=O)C(N)CSC4C)C(=O)NC(CSC2C)C(=O)N3)NC1=O,1,11001101011010000111000101011110110110011111110111011100101011101011010011110011110010111010010000111111101011111001011100110111
CC(C)CCCC(C)C1CCC2C3CC(CCC=C(c4cc(Cl)c(O)c(C(=O)O)c4)c4cc(Cl)c(O)c(C(=O)O)c4)C4CCCCC4(C)C3CCC12C.N,1,01001111101010001111001100110111111010010100010011101111000000001110110110100000110000000001000100111010111100100101000110110110
COc1cc(Nc2n[nH]c(NS(=O)(=O)c3cc(C)c(Cl)cc3S)n2)cc(OC)c1OC,1,10001000101010010101000000100000110000000100101001100001001100010000100001100110010010000010001000001100000101111000001111101000
Cc1ccc(C2=NOC(=O)C3CCCCC23)cc1,0,11001000101000001000000000000011010000010000010010000000001010001000000101000000111000100000000100001000000100000000000000110000
Cc1cn(C2CC(N=[N+]=[N-])C(COP(=O)(OCC(=O)c3ccco3)OCC(=O)c3ccco3)O2)c(=O)[nH]c1=O,1,11001010001010001001000010010110110000110110001010011001011101101100000000000000110011100010010100101011100001111000001001110100
COc1ccc2c(=O)c(-c3ccc(OC)c(OC)c3)c(C)oc2c1,0,10100000101111001000001000000000010000000000010000101001001000000011110001010110010100100000011000001100000100000000000001000000
CC(C)OC1N(C2CC(N=[N+]=[N-])C(CO)O2)C(=O)NC(=O)C1(C)Br,1,11111010001010111001000000010011110010010100001010010011001001100000000001000000100001101010001001101001000110000000000000110010
c1ccc(N=c2sc3ccccc3nc2Nc2ccccc2)cc1,0,11000100101100000000000001000000011100000000010100100000000000111000100001000100010011100000000000001010000100000000110010100100
Cn1cc(NC(=O)c2cc([N+](=O)[O-])cn2C)cc1C(=O)Nc1cc(S(=O)(=O)O)c2cc(S(=O)(=O)O)cc(S(=O)(=O)O)c2c1.[NaH],1,11001000101110000110000010100000010010010001000000000000101101010000101010011101110010000000001000011010100100000110000011100100
CC(=O)OC12CCCCCC1C1(O)C(O)CCCC21,0,11101000001100000000110000100010010010011000010000010001000010000000000000000000000000000000001000000110010000000000000111110100
CN(C)C(=N)CSS(=O)(=O)O,1,00000000001100010000000000000000010000010000000000000000000000000000100010000000100000000010001000000000000000010101111000010001
CCCCCCCCCCC(c1ccc(O)c(C(=O)O)c1)c1ccc(O)c(C(=O)O)c1.N,1,01010100001000000000000100100000011010110000000000000000000101000011000110000001110001101000001000011000000100000000000100100100
O=[N+]([O-])C=Cc1cc2ccc3ccccc3c2[nH]1,0,00000000001000000010010001000000000011000001101110100010000000011001001100010100110000100111000000001000000100000100000000100000
CNc1ccc(C)cc1S(=O)(=O)c1ccccc1[N+](=O)[O-],1,10000000101000010000001000000001010110000001100110000000001000001100101010011001010000100010001110101000001100000100010000000000
CN(C)c1ncnc2c1Cc1ccccc1C(=O)N2C,1,00110000001100010010110000001010010010010000100100000000001001001100000000100001010010101011000010001100010000010100000001100000
CCc1c(Cc2ccccc2)n(COCCCO)c(=O)[nH]c1=O,1,10010101001001000000001000000000011000110010010100000001011001001000000010000000110011100110001000001100001000100010001100000010
O=C(NN=Cc1cccc([N+](=O)[O-])c1)C(=O)NN=Cc1cccc([N+](=O)[O-])c1,0,10010000001000010100100000001000000000010001000100000110001000101000001001110000010001100000000011001000001100000100000000100100
CC1NC(=O)C2=C1C(=O)NC(=O)C2,1,00000000001001001000000010001110011110010000011000000100001000000000000000000000000000000010000000001000010000000000000001110001
O=C(Nc1ccccc1F)c1c(O)nc2sccn2c1=O,0,10000000101000100000001010000001100101010000100111010000001100011010000010100100010000110000011001001010001000000000000110100100
O=c1cc(Cl)c(Cl)nn1-c1ccccc1,0,00100100001000000001000001000000110010010000000101000000001010001000100000000000010100100110000000001000000100100000010100100000
O=C1C2=Cc3ccccc3OC2(O)Oc2cc(O)cc(O)c21,0,11100000001000001010000000000100100010011010000101010000101000001010100101000000010110100001000000101000010100000110000100000000
CC(=O)C1CCC2C3C=CC4=CC(=O)CCC4(C)C3CCC12C,1,00001001001000010110000100100111110110010000010000100000001100100100010001110010010010001000100100001000001000000010000011110100
Cc1occc1C(=S)Nc1ccc(Cl)c(C=NOC(C)(C)C)c1,1,10000000100000001001000010101000010000110001000001100011101000010101000100010000010001100000110011101000000100100010100000000100
Nc1nc(Cl)cc(NCC2(CO)CC(CCc3ccccc3)C2)n1,0,10100100100000000001010101000110000110010010000101000100000100011001010000011000110010101011001000001001000101000000000000110001
O=C(C=Cc1ccc(C=CC(=O)Nc2cccc(C3=NCCCN3)c2)cc1)Nc1cccc(C2=NCCCN2)c1,0,10001001101000010000001011001111000010010000000001000110110000011001000101101000010100100010000010001000000100100100000100100100
Cc1ccc(S(=O)(=O)C(C#N)c2nc3ccccc3nc2N2CCOCC2)cc1,0,11110010101100001000001100000011011000010000100100000010001000111000100011010100010000100100001000011000100100000000001000100100
Cc1cc(S(=O)(=O)Nc2nc3cccnc3[nH]2)c(S)cc1Cl,1,10001000101000010001000000000000110000000101100001100000001000011000100001100010010000101010001000001100000110111001001110101000
CC(C)(C)C(=O)OCOP(=O)(O)OCC1CCC(N2C=CC(N)NC2=O)O1,1,01001000101000101001000000000010111010011011111010001001101100001000101000000001110010000110000000001010011000011010000000010100
CC1N=NC([S-])=NC1=O.[Cl-].[Pt],1,11000000001000100100000010000101011000011000000000000000001100000000000000100010000010000000000000001000000001000000000000110000
CC=C(CCC1NCCc2c1[nH]c1ccccc21)[Si](C)(C)C,0,00000001000000001001000100001010011001010001100101010010000010001000000000101100111100110010000001011000010000000001000100110101
O=[N+]([O-])c1cccc(-c2csc(NNC3=NCC(=Cc4ccc5c(c4)OCO5)S3)n2)c1,0,11010001111100011100100101000011000100101001100000000010011010111000011100110000010010101000000011101010100100011110010010101000
Cc1ccc(S(=O)(=O)NC(=O)NCCSSCCNC(=O)NS(=O)(=O)c2ccc(C)cc2)cc1,0,10000000001000010000000000010011010000010100000000010000001000010000111000010000110000100000001000001010000100000101101000000100
O=C(C=Cc1ccccc1)NC1C=Nc2ccccc2NC1=O,1,10010101001000000000000001001101000010011000000110000010101010101001100101000000110000101010000011001011000000110100000000110100
COC1OC2C(O)CN3C(=O)C(OS(=O)(=O)c4ccc(C)cc4)C1C23,1,11000101001000101000100100000011011000010101100000001001011000010000100001011000011000110000011000011000010100100000000000010000
N=c1ccn2c(n1)OC1C(OP(=O)(O)O)C(CO)OC12,0,01010100001000001001000010010010010010010000001010100001000000011110001001010100110000100001011000101110000010110010000000110000
CC1(Br)C(=O)NC(=O)N(C2CC(F)C(CO)O2)C1N=[N+]=[N-],1,01001000101010011001000000000011110010010101001000000011001000100000000001001000100001101011001000101001000010000000000010110010
CCCCCCCCCCCCCCCCCCSCC(C)(COP(=O)(O)OP(=O)(O)OCC1OC(n2cc(C)c(=O)[nH]c2=O)CC1N=[N+]=[N-])OC(=O)CCCCCCCCCCCCCCC.[NaH],1,11001010101010001010001010111010110010110110001010011001111101001101101000000001111011100010010100101011101000111011101101011100
Cc1cn(C2C=CCCC2)c(=O)[nH]c1=O,0,10101000001000000000000010000010010000010000010000010000001101000100000010000000111000000010001000001000100000110000001001010100
Cc1nn(C(=O)Cc2ccccc2)c2c1C(c1ccccc1O)SC(=N)N2,1,00010100001100000100100000011000011110110010000100000010001000001010010101000001110000100010100000001001000000111101000000111100
Cc1nn(C(=O)c2ccccc2O)c2c1C(c1ccccc1)SC(=N)N2,0,00000110001110000000100000010000010110010000000100000010001100001010000101000001110000100010100010001001000000111000000001110101
O=[N+]([O-])c1nccn1CCC[n+]1ccc2ccccc2c1.[Br-],0,00011100001110000000000000100100000000010001110101100000000000011101001100110101110000110000011000001000000100000101000101100000
O=C1CCC2(CC1CCSc1ccccc1)OCCO2,0,00000101001001001000001000010110001010010001000100000010011000001000100000110000110001100000000000011000100000000010100001010000
C[n+]1c(-c2ccc(C=NNc3ccnc(NN=Cc4ccc(-c5cn6ccsc6[n+]5C)cc4)n3)cc2)cn2ccsc21.Cc1ccc(S(=O)(=O)O)cc1,1,10000000101010100001001001010001010101010010101110011110001110010010100011110101111001100010001010001000000101010111000001101000
CCCOC(=O)c1cc(OC(C)=O)c2c(OC)ccc(OC)c2c1,1,10000000001101000101000000100000010000110000100110100001100010001100000001000100110000100000001000011110010100010010000001000100
CN(N=Cc1ccc2ccccc2c1)C1=NCCCN1.I,0,00111000001100000000001001100010010000010000000101000110010000011010000000110000010001100010000110001000000100000110000000100100
Cc1cc(O)cc2c1OC1(C)CCC3C(C)(CCC4C(C)(C)C(O)CCC43C)C1C2,0,00100000101100111000100001000011010011010000010011000100001000100010010001000000010010010000001000101001010100010000010011111000
CC12CC(=O)NC(=O)N1CCS2,1,00000000001000000000010000000011010110010000100100001000001000100000000010000000000000000010011000001000010000100000100000100000
COc1ccccc1-n1c(N)c2c(C)c(-c3ccccc3)[nH]c2nc1=S,0,10100100110010010001010000110010010000010001000111100101001010011000000001010000010000100010000111001000000000010000000101101000
COc1ccc(C=CC(=O)C(C)C)cc1,0,11000000001001001000000001011011010000010000000000000011001000010011010001000010010000100100000000001000000000100100000000000100
CCc1cccc(C)c1N1C(=O)C(=O)C(c2nc3ccccc3o2)C(=O)C1=O,0,00000001001001011011111000000000010100110000000100000000101001011000110001000001110010100010000000001000100110010000000000110000
O=C(Nc1ccc(C2=NCCN2)cc1)Nc1cccc(C(=O)Nc2ccc(C3=NCCN3)cc2)c1,1,10011000101000110000000010000010000000010000000001100100111000011100111001110000010100100110000000001110010100000100000000100100
Cc1ccc(NC(=O)CCc2nc(=S)[nH][nH]2)cc1,1,10000100001000000010000010001001010000010100000000000100011000110000000100011000110100100011010001001010000100010000000000100100
CCC(=O)CCC1=Nc2nnc(CCCCc3nnc4n3C(=O)C(CCC(=O)CC)=N4)n2C1=O,1,00100000001010000000100010001001110101110000000100001000001000100000000001000000100100000101100001001001101000010000000101100110
COc1ccc(-c2nc(-c3cnccn3)n(CC=Cc3ccccc3)n2)cc1,1,10000100100001000100000000100011010010011000100100100011001000011111000001101010110010100000000100011101110000100100000100100001
CC1=C(C(=S)Nc2ccc(Cl)c(C(=O)OC(C)C)c2)SCCO1,1,11000001001000101101011010110110010101011000000001000011111000011000010101110010010010100000010001111000000100100000100000000100
COc1cc2nncc(SC)c2cc1OC,0,11000000001010000000000001000000010000000010000000100001100100001000000001000100010000000000011000001000010100001000100001100001
COc1cc(C=Nc2cc(Cl)c(N=O)c(Cl)c2)ccc1N(CCCCl)CCCCl,1,11110000001001000001000101000001010010000000101011100011010010100100000001000010110101100000000010101000000100101100000101000000
O=C1C(=Cc2ccc([N+](=O)[O-])cc2)C(=O)N(c2ccccc2)C1c1ccccc1,1,01101100001100000101101001000000010000010011000100000010001010001000101000010000010000100000010010101000000001011100000000110001
CCOC(=O)N1N=C(c2ccccc2)OC2(N3CCCC3)CCC(C(C)(C)C)CC12,1,00101100111010001001100000000010011010110100010100001001101000001000010111000010111100110000000010001000010000000010000000110101
Nc1nc(N)nc(-c2ccccc2-c2nc(N)nc(N)n2)n1,0,00000000000000000001000001000100000000000000000101000000100000011010000000000000010000101000000010001000110000000000000000100000
COC(=O)C(NC(=O)C(CC(=O)OC(C)(C)C)NC(=O)OC(C)(C)C)C(O)c1ccccc1,0,11000101101000001001001000000000010001110000010100000011010011001001000101000000110001100000101010011001001001001010011000100100
CC(C)(C)OC(=O)NC(Cc1ccccc1)C(=O)N1CCCC1C(=O)OCc1ccccc1,0,11001100101000001001001001010010010000110010010100000001010000101101000010000001111000100110001010101001111010001010010000110100
O=C1CC(=O)NC(NN2C(=O)CSC2C(=O)c2ccco2)=N1,1,10000010001001001001000000001111100110011110000000000000011010001000000010000001010000100011000000001010000101000000001010111100
CCCCC(C)CCCC1=C(O)C(CC(=O)O)OC1=O,0,01010100001000001000100000110100010000110010000110000000001000001010001001000001101000011001000000011000000010100001001100010100
Cc1oc(C)c2c1C(=O)c1ccccc1C2=O,0,01000000001000001000000000000000010000001000000100000000001000001001110000010100010100101000000010001000000000000000000000000000
CCC[N+](CCC)(CCC)CCC.O=S(O)(=[OH+])c1cc(N=Nc2cc(S(=O)(O)=[OH+])c3cccnc3c2O)ccc1C=Cc1ccc(N=Nc2cc(S(=O)(O)=[OH+])c3cccnc3c2O)cc1S(=O)(O)=[OH+],1,10001010101000001111000000100010011111111000100000000010010010101111100101110100110001110000001000001110000100000000110000101010
O=C1OCC2OC(O)C(O)C(O)C2OC(=O)c2cc(O)c(O)c(O)c2-c2c(O)c(O)c3oc(=O)c4c(c(O)c(O)c5oc(=O)c2c3c54)-c2c1cc(O)c(O)c2O,1,01010100001110001001000000010010010000010100000010000000011010011111110101110001010100000000011110011000010100100000000000010100
CCCCc1cc(=O)oc2c3c(c4c(c12)OC(C)(C)CC4)OC(C)C(C)C3O,1,00100100001000101000100010100110010110110011000000100000001000011000110000110011111000000011010000001000010100101000000100110000
COC1CC(OC2C(C)OC(OC3C(C)OC(OC4C(C)OC(OC5CCC6(C)C(=CCC7(O)C6CC(O)C6(C)C(O)(C(C)=O)CCC76O)C5)CC4OC)CC3OC)CC2OC)OC(C)C1O,0,01100100001010001001010000001110010010110110110100010001100001000000100001011001011100000001101000111101111000011110011111110101
C=Cc1cc[n+](Cc2ccc(C[n+]3ccc(C=C)cc3)cc2)cc1,1,00000000000000000100000000010100000000100000010000010010000000000000000000000001110000100010100000011000000101000100100000000000
Cl.c1ccc2c(c1)[nH]c1cnc3c4cccnc4[nH]c3c12,1,10100000000000010001000010000000000001000000100100100000000010001110001000101100010000100010000000001000100000100000000100100001
CCOC(=O)c1nc2cc(C(F)(F)F)ccc2nc1Nc1ccc(F)cc1,0,11100010111000000101000000000000010000110100010100000001001100010100100001010000110000100010001000001110001110000010100110100100
C=CCOc1ccccc1N=NC(C#N)=NNc1ccccc1OCC=C,0,11110000010000011011101000000000101100110000100100100011000111001000000010000000110001100000000000101000100001000001100001000000
CCOC1OC(=O)C2C(c3ccc(Cl)cc3Cl)=NOC12,0,01001000011000001001000000000100010101101001010011000001011110001001100000000000110000101000010010001001000100100000000000110100
O=S(=O)(OC=C1CCCCC1)C(F)(F)F,0,00101100101000100000000000000010000000110000010000000011010001000000100000100000000001000000101000001000101000000010000000000000
COc1ccc(N=C2[Se]C(=NC(=O)c3ccccc3)N(c3ccc(OC)cc3)C2=Nc2ccc(OC)cc2)cc1,0,10010100001101000000001110000010110110010000000101100011000100111110010001100010010001100000100000001010010000000101000100000100
COc1ccc(OC)c2c1-c1nnnn1CCC2(C)C,1,11000000001110010001001000000010010010010001000000100011011000000001000011000000010100100000001000001000001000010110000101100100
CCCc1cc(=O)oc2c3c(c4c(c12)OC(C)(C)C(O)C4=O)OC(C)C(C)C3O,0,00100100001000111000100010100100010110110011000000100000101100101000110000110010111100010001010000001000010100101010000001110000
CC1OC(OC2C(O)COC(OC3C(C)OC(OC4C(OC(=O)C56CCC(C)(C)CC5C5=CCC7C8(C)CC(O)C(OC9OC(CO)C(O)C(OC%10OC(CO)C(O)C(O)C%10O)C9O)C(C)(CO)C8CCC7(C)C5(C)CC6)OCC(O)C4O)C(O)C3OC3OCC(O)(CO)C3O)C2O)C(O)C(O)C1O,1,01111101001111101100010011011110011010110011010000001101010100110110111111010011111001101100011000101111010010001010010000111100
O=C1C=C2C(=NC34CCCCC3C(c3ccccc3)C3=C(c5ccccc5CC3)N24)c2ccccc21,1,01001101011000100000110100000010100010011001110100000010001000001101010000110001010010101111000010001010001100000010000001110001
COC(=O)CC[N+]1([O-])CC1,0,10000000001100100000000010001010010100011110000000100001000000010001000101010000100000000000000000000000001000000000000000000100
[N-]=[NH+]CC(=O)OC(COCc1ccccc1)COCc1ccccc1,0,01000100001000000000000100000000000000010110000100001001010000001010010010010001110100100010000000011000111000000000001000100100
C[N+]12CCCCC1CC2,1,00001000000000000000000000000011110000010010010000000000000000010110000000000000010000000000001000000000000000000000000001110001
Cc1nnc(-n2c(O)cc(=O)n(-c3ccccc3)c2=S)nc1C=Cc1ccc(N(C)C)cc1,0,00000100001110000000100001000000010010010000100100000110001000111011000011000000010001100110100001011000100100100101010100101100
O=[N+]([O-])c1ccccc1C1SCc2nc3ccccc3n21,1,00010110001000000101000000000010011111010001010100010000000000011000001001011000010001100001100000101110010000000101100000110000
Cc1cc2ccc(=O)oc2c2c1OC(C)(C)C(OC(=O)C13CCC(C)(C(=O)O1)C3(C)C)C2OC(=O)C12CCC(C)(C(=O)O1)C2(C)C,1,00100101001000101010000000000010011110010000001000011011001001010100110100010000110000100100001000001010000101011000000001110110
CCCCCOCCCCCCCC(=O)OCC1OC(n2cc(C)c(=O)[nH]c2=O)CC1N=[N+]=[N-],1,11001010001011001001000010111010110011110100011010010001001001000100000010000001110001100010010001101001101000111001001101010100
CCOC(=O)C1=C(O)C(=O)c2c(OC)ccc(OC)c2C1=O,0,10000000001000000101000000000100010000111000000000100001001000001010100001000000111100100000001000001000000001110000000101000100
O=S(=O)(SC1=NCCN1)c1ccccc1,1,00000100001000100000000000000010100000000001000101000000010100011000100000100011010001100110001001001000000000000100100000100000
CC1C=C(Sc2ccccc2)C(=O)O1,0,00000101011010101000001000010100010000001001001100000000001000101000000000000100010000100000000000001000000000100000100000010000
N#Cc1nc(-c2ccco2)oc1N,0,00000010001001001101001100100000001000000000000001000000000001011000110000001000010000100010011000001000100000001100001001100000
O=[N+]([O-])c1ccccc1Sc1ccccc1[N+](=O)[O-],1,01000000011000000000000000000000000010001001010100000000000000001000001000011000010000100000000000101000000000000100100001000000
CC(C)CCCC(C)C1CCC2C3CCC4CC(CCCC(c5ccc(O)c(C(=O)O)c5)c5ccc(O)c(C(=O)O)c5)CCC4(C)C3CCC12C.[NaH],1,01010101101010001111001100110111010010010000010000100001000111001011110110000000110001101010001000011000011100100101000101110100
O=C(Nc1ccccc1)c1cc(C(=O)Nc2ccccc2)[nH]n1,0,11100100001000010001000010001000000010010000000100000100001000011000000000100000010010110010000000001010000100000000000000100100
O=C(Nc1cccc([N+](=O)[O-])c1)C(=NNC(=O)c1ccncc1)c1nc2ccc([N+](=O)[O-])cc2nc1O,0,11100000001001010100101010000000000000010001000100000010101010111111001001110001010001100000100100001010011100000101010000100101
COc1cc(OC)c2c(c1)C(=O)c1cccc(O)c1C2=O,0,10000100001001010001000000000000010100010010000000100001001001011010100101010000010100101000000010001000000100000000000001110000
CCN1c2cc(Br)cc3[nH]c(=S)n(c23)CCC1C,1,00000000110011110100000000000110111000110000010000001100000000000001001010000110110000001010011101001000000100010000000100011000
Cc1cc(NC(=O)c2ccc(NC(=O)c3ccc(N)cc3)cc2)ccc1N=Nc1ccc2c(O)c(N=Nc3ccc(S(=O)(=O)O)cc3C)c(S(=O)(=O)O)cc2c1,1,11110001101011001011000010000000011100010000000001000100101011110010110010110100110001110100101000001010011110010010000010000110
Cc1cn(C2CC(N=[N+]=[N-])C(COC(=O)CCCCCCCCCCN=[N+]=[N-])O2)c(=O)[nH]c1=O,1,11001010001010001011010010011011110001010100001010010001001001000100000000000000110001100010010000101001101100111001001101010100
O=c1cc2ccccc2nn1Cc1cccc(Cl)c1,1,00000000001000010011000000001010010011010010000101000000001000011000000011000000110001101010000010001100100100000100010000101000
COC1C(OC(=O)c2ccc(C)[nH]2)C(O)C(Oc2ccc3c(O)c(NC(=O)c4c[nH]c(C(=O)Nc5c(O)c6ccc(OC7OC(C)(C)C(OC)C(OC(=O)c8ccc(C)[nH]8)C7O)c(C)c6oc5=O)c4C)c(=O)oc3c2C)OC1(C)C,1,11110100101011111100000010000010011010110111001000100001001110000110111101101111010100110010011000001010010000000101100100111100
O=C(C=Cc1ccccc1)CC(=O)C=Cc1ccccc1,0,10000100001010000000000000001001000000010000000100000010000000001001000001001000110000100000000000001000000000100100000000000101
C=C(c1cccn1S(=O)(=O)c1ccccc1)c1cccn1S(=O)(=O)c1ccccc1,0,00000100001000000000000100000000100000010000001100000000000000011000100001000100010001100000001100001001100000000010001100000010
COC(=O)C1CCC(=O)C(Sc2ccccc2)C1,0,10000100001010000000101000010010010000010011011100000001001000001000000011100010010000110000000000001001100000000010100011010100
COc1cc(-c2cc(=O)c3c(C)cc(O)cc3o2)cc(OC)c1OC,1,10000000101100001000000010100000010000010010000000100101001000011010100001000100010000001000001010001000010100010000011011000000
CC(=O)OCC1OC(n2c(N)c(C#N)c(C)c(C#N)c2=S)C(OC(C)=O)C(OC(C)=O)C1OC(C)=O,1,01000000011100001011001011000110011100010000000011001101001010010000000000010010100001000000000001101010100000001000100111011100
CC(=O)N(C)SCC(NC(=O)C(Cc1ccccc1)NC(=O)OCc1ccccc1)C(=O)NC(Cc1ccccc1)C(=O)NC(Cc1c[nH]c2ccccc12)C(=O)NC(CCCCNC(=O)OCc1ccccc1)C(=O)NC(C(=O)NC(CSN(C)C(C)=O)C(=O)NC(C(N)=O)C(C)OCc1ccccc1)C(C)OCc1ccccc1,1,11011101111110000101101001010100011001110010000100101001010011001000010110000101111010111110001010011000010010100100110101100110
COC1(OC)c2no[n+]([O-])c2CCC1O,0,00000010000010001000100010000010111010010000110100000001000000001001000001110001000010100000000010001000010100000001000010111000
Cc1cc2c(c(S(=O)(=O)c3ccccc3[N+](=O)[O-])c1)NCCC2,1,00001100101010000000001000000011010110000101100111000000001100001000101000111001011010100010001110101001000100000100000000000000
O=C1OC(CS(=O)(=O)c2ccccc2)CC1O,0,10000100001010001000001000000011000000010000011100010000101000011000100000000000110000100000001000001000010000110000010000010000
COc1ccc(NC(=S)c2ccoc2C)cc1CC(=O)OC(C)C,1,11000011001000001001000010010000010000110000010001100001101000010001010111010000110000100000111001101000001100100000100001000100
COc1cccc2c1OC1c3ccccc3OCC1(O)C2,0,10110000000000111000000000000010010011010010100100100001010000001010000011000000111010100000000000001010000000100111000011010000
Cc1ccc(C2=CC(=Cc3ccc(N(CCC#N)CCC#N)cc3)C(=O)O2)cc1C,0,10000000111000001010001101010101011000000000000000000110001110001101001010000000110010100110000000001000101101010100100101000000
O=C(O)CC1SC2(C(=O)N(Cc3ccccc3)c3ccccc32)N(c2ccccc2)C1=O,0,00000100001000010001011001010100010110010111010100001000001010001100000001001000111000100011001000011100001010010000000000010101
CCOc1ccccc1N=Nc1ccc2oc(=O)c(C(C)=O)cc2c1,0,01100000001000001010000000001000011101110110100101100001001110111000100100100010110001110000000000101100000101000000100011000100
COC1N(C2C=CC(CO)O2)C(=O)NC(=O)C1(C)I,1,11000000001000001001010000000000010010010100000000000001001101000001000001000100110001000010001000101001000011000001000110110010
O=C(NN=Cc1ccccc1)c1ccccc1Nc1ccccc1C(=O)NN=Cc1ccccc1,1,10000100001000100000000000001000100000010000000100000110000000101000000111010000010001100110001010001010000100000100100000000100
CCOC(=O)C(CCCCS(=O)(=O)O)C(=O)OCC,0,01010100101000000001000000100000010000110000000000000001001000000000100001000010100100100000001001010000000000000000000100000110
O=C(OCCN=C1c2ccccc2CCc2ccccc21)c1ccccc1,0,01010100101001101101010000000010000000011000100100000001100000001100001000100000110011101100011010001000010000000010000000000100
O=[N+]([O-])c1ccc2[nH]nc(OCc3ccccn3)c2c1,1,01010000001011000101101000100000000000000001100100000001100000001000001000110100110010100010000001001000010100000100000101100100
COc1ccccc1C(=O)Nc1ccc(Cl)c(C(=O)OC(C)C)c1,1,11100001001000000101000010110000010000010000000101100001101000011000010101010011010000100000010000001010000100100000000011000100
C[n+]1c(-c2ccc(C=NNC(=N)NN=Cc3ccc(-c4cn5cc(Cl)ccc5[n+]4C)cc3)cc2)cn2cc(Cl)ccc21.Cl.[Cl-],1,10100000100000100001000001001000110000010010000011000110000110100100000000110001111001101000000010101010100001010111000001000000
COC(=O)CCCC=C(c1cc(Cl)c(OC)c(C(=O)OC)c1)c1cc(Cl)c(OC)c(C(=O)OC)c1,1,10000010001000100101000000001000010000011000000001001111100000010001000101000100110000000001000100101000011100100000000100000100
COc1ccc(C=C2SC(c3ccc(Cl)cc3)N(NC(=O)CCCCCCCCC(=O)NN3C(=O)C(=Cc4ccc(OC)c(OC)c4)SC3c3ccc(Cl)cc3)C2=O)cc1OC,1,10010000001110000101000001001000010110010100001011100011001010010000000001000000110000101000111001101010001100110101001101010101
COC(=O)C12CCCC(=O)C1C1CCCCC12,0,10001001001000000000000100000110010010010100010010010001001010010100000001100000000000011000000000011010010100100010000100110100
I.O=C(NNC1=NCCCCN1)Nc1ccc(Cl)cc1,0,10001000001000000001001011000011100010010100101011000100011000010000011000110000010000101010000000001000010100000100000000100100
CC(=O)C12OC(C)(c3ccco3)OC1CC1C3CCC4=CC(=O)CCC4(C)C3CCC12C,0,00001111011010001101010010001110011010010001011000000010001000001011000111101100010010101010100100101000000000100010000011110110
CC#[N+][Rh+2]1234[O+]=C5N(C(=O)c6ccccc6)CC(C(=O)OC)[NH+]5[Rh+2]1([N+]#CC)([O+]=C1N(C(=O)c5ccccc5)CC(C(=O)OC)[NH+]12)([O+]=C1N(C(=O)c2ccccc2)CC(C(=O)OC)[NH+]13)[NH+]1C(=[O+]4)N(C(=O)c2ccccc2)CC1C(=O)OC,1,10110100101000000000001010101010011001010010000100000001000000101100000001010001010000101000000010011001010101010000010010110100
COc1nc2c([nH]c(=N)n2C2OC(CO)C(O)C(O)C2O)c(=O)n1C,0,11000000001001101000000010010000110000010100000000101001001000010000011001010001111001001010001000101010010010011000100111110000
O=C(O)c1ccc(N=Nc2ccc(CCc3ccc(N=Nc4ccc(C(=O)O)cc4O)cc3S(=O)(=O)O)c(S(=O)(=O)O)c2)c(O)c1.[NaH],1,00000100111000001010000000000000011100110000000000000000000100100010110110100100110001110001001001001000110100001010000000001110
O=C1OCC(O)C(C2OC(=O)c3cc(O)c(O)c(O)c3-c3c(O)c(O)c(O)c4c3C(=O)OC2C4c2c(O)cc(O)c3c2OC(c2ccc(O)c(O)c2)C(O)C3)OC(=O)c2cc(O)c(O)c(O)c2-c2c1cc(O)c(O)c2O,1,01010000101100101101001000000010010000110000011011100000011100001111010101100100110100101010010110001011011101111000011000010111
COC1=NCN=C2SC=C(N)N=C12,0,10001010000000010001000000000111010100010001000001000101000000000000010011000000010010000000000010001011001000010101000000100000
COc1ccc(C2ON(c3ccccn3)CC=C2C)cc1,0,11010010000101011010000000000010010001010111100100010101001000011010000011100010010000101000100000001000000000010100010000110001
O=C(Nc1ccc(C2=NCCN2)cc1)c1cccc(C(=O)Nc2ccc(C3=NCCN3)cc2)c1Cl,1,10001000101000010001000010000010000000010000000001100100011001011000100101110001010100100110000000001010000000000101000000100100
O=Cc1cc(C(=O)OCc2ccccc2)n(S(=O)(=O)c2ccccc2)c1,0,00000101001000000101001100000000100100010010000100000011010000011011100000000000110010100010001010001000110110000100001100100100
COC(=O)C1=C(C)N2CCOC2CC1c1ccccc1,0,10001100011010111100110000000010011010010000100100000011001000001000000011000000110100100001000000001010000000000001000000010101
Cn1[nH]c(=N)c2cn(C3OC(CO)C(O)C3O)c3ncnc1c23,1,11100000000001001010010010010000110000010001100001101000000000001100001000010001111000000010101010101000010011011000000001110100
OCC1(CO)CSSC1,1,00000100000000000000000000000010010110010000000000000000100100000000000000000000100000000000001000001000000100000000000000000000
N#CC1(C=O)c2ccccc2C=CN1C(=O)c1ccccc1,0,10000100001000000000001000000100101110011010000110001011000010001100000001000000010000100000110010001001110010000000000101010100
COC1OC(C(C)O)C2OC(C)(C)OC12,0,01000000000000001010000100010000010010010101001100000001000000010100000001000001000010000000010010010000000000001000000000111000
O=C(NCCCCN1CCCCCC1)C1c2ccccc2-c2ccccc21,0,10111000001001100100000000010010001000010000000101000000000000001000010010100010110010101000010010101000000100000001000101010101
Nc1c(S(=O)(=O)O)cc2cc(S(=O)(=O)O)ccc2c1N=Nc1ccc(-c2ccc(N=Nc3c(N)c(S(=O)(=O)O)cc4cc(S(=O)(=O)O)ccc34)c(S(=O)(=O)O)c2)cc1,1,11000001101000001111000000000010000100010000100101001000000001111000111110110100110001110000001000001000001100000010000010000010
O=C(O)c1nc2ccccc2n2cccc12,0,00000100001000000000000000000000010100010000110101000000000000011000000011000100010100101100000100001100001000000000000000100110
O=c1oc2ccccc2c(O)c1C(c1cccc(C(c2c(O)c3ccccc3oc2=O)c2c(O)c3ccccc3oc2=O)c1)c1c(O)c2ccccc2oc1=O,1,01000000001010011100000000000000000001010000010101001000001010001010100000110100010001100010000000101000101100101000000100000000
Cc1cn(C2CC3C(COCN3O)O2)c(=O)[nH]c1=O,1,11011100001110001000001011010010010000010000000000000000001001000100010010000000110000000010010000011000100000110010101001010010
COc1ccc(C(Cl)=C(C=O)c2ccc(OC)c(OC)c2)cc1OC,1,10010000001010000001000000000000010100010000100000100011100000000000000001000100010000100000011000001000011110100000000001010100
CC(=O)Nc1ccc(S(=O)(=O)c2ccc(NC(=O)c3ccccc3SC(=O)CCCC[n+]3ccccc3)cc2)cc1.[Br-],1,11000100001010000011000110001100011100010000010100000100001010011000100110110011110000110000001000101010000100010001110101000100
CCC1(CC)C(=O)N(C(=O)c2ccccc2)N(C(=O)c2ccc(Cl)cc2)C1=O,0,00000100001000000001000000001001010010110000001111000000001000011100000100000000110000101010000011001001010000000000000100000101
O=C(O)C(=O)O,1,00000100001000000000000000000000000000010000100000000000000000100000000000000000000000000000000000000000000000000000000000000100
CCc1c(Cc2ccccc2)n(COCCO)c(=O)[nH]c1=O,1,10010101001001000000001000000000011000110010010100000001011001001000000010000000110011100110001000001000000000100010001000000010
O=C(OCCc1ccccc1)c1ccc2cc(O)c(O)cc2c1,1,00000100001001000101010000000010010000010010000100010001100000011010000100010100110001100011000000001001010100000010000010000100
N#CNC(=N)NP(=O)(Oc1ccccc1)Oc1ccccc1,0,10000100001000000000001010000000001000010000000110110101001000101010000000000000110000100100000000101010100000010010000010001000
CC(=O)Nc1nnc(SSc2nnc(NC(C)=O)s2)s1,1,11000010001010000000000011000000111100010001000000000000010000000000000010000000010000000000000000001001000000000000110001100100
Cc1cc2c(cc1-c1cc3c(cc1C)C(C(C)C)=C(O)C(=O)C3=CNCC1CCCN3CCCCC13)C(=CNCC1CCCN3CCCCC13)C(=O)C(O)=C2C(C)C,1,11001010001010000000100001010010010000010000010000000010001000100010100010000110110100100100101110101000000111011000101000110000
O=C(O)C1NCCc2c1[nH]c1ccccc21,0,00000100001000100001000100000010000001011000100101000000100010001000000000100100011000110010000000011000010000000000000100010100
Cc1ccccc1SC[c-]1nc2ccccc2c(C)[n+]1=O,1,01000010001000000000010000000000010001010000000110000000011000001000000001000101110001100100001000001101100000010000100001110000
CCOC(=O)CCC(=NNc1ccc(Cl)cc1[N+](=O)[O-])C(=O)OCC,0,10000000001000010001100100001010010001111001000011100001001010001000001011011001110001101000000000101000001100000101000000000100
C[N+]12CCCCC1C(CN1C(=O)CCCC1=O)CCC2.[I-],0,01001000101010010001000001000010010000010010010000100000001000010100010000101000110000000000001000101000000000100000000000111101
Cc1cc(-c2ccc(N=Nc3cc(S(=O)(=O)O)c4ccccc4c3N)c(C)c2)ccc1N=Nc1cc(S(=O)(=O)O)c2ccccc2c1N,1,10000000101000000111000000000000010101010000000101000000001010001000100000000100110001110101101000001100000100010010000010000010
COP(=O)(OC)c1ccc(NCc2cc(O)ccc2O)cc1,1,11000010101100000000000100000000010000010000100000000001001000111011010101011000110000110100000000001010010100000000000000010101
O=C(C(=Cn1c(=O)cc[nH]c1=S)C(=O)c1ccccc1)c1ccccc1,0,10000100011000000000000001100000100010110000000101100110001000001100000110000000010000100010100001101000010000000001010000001100
Cc1cn(C2CC3C(COC(CCN=[N+]=[N-])N3O)O2)c(=O)[nH]c1=O,1,11111100001010001000001011011011111000010100001000010000001001001100010000000010110001000011010000011001100100110000001001010000
CN(C)CC1C2C=CC(C3CC23)C1CN(C)C,0,00100000000110000010000000000010110000000000000100000000000101000010000000000000110000000000000000000000010000100100000100010000
O=S(=O)(O)c1cc2nc3c4cccc(S(=O)(=O)O)c4c(Nc4ccccc4)cc3[n+](-c3ccccc3)c2cc1Nc1ccccc1,1,10010110101001010001000000000000100011010000000101110000000010011000100011100101110000110000001110001000000100000011100100100001
C=Cc1cncc(C#N)c1CCc1c(C#N)cncc1C=C,0,00000000000000100001001000010100001000000000000000000010000000000101001000000000110000100001000010011000110001001010100000100001
Br.CCc1cccc(CC)c1Nc1nc(-c2ccccc2-c2ccccc2)cs1,0,11000101111000010000000000000001010100101000000101100000000001111010010000000110110010101000001010001000000100001000010010100100
C=Cc1c(C)c2cc3nc(c4c5nc(cc6[nH]c(cc1[nH]2)c(C)c6CC)c(C)c5C(=O)C4C(=O)OC)C(CCC(=O)OCC=C(C)CCCC(C)CCCC(C)CCCC(C)C)C3C,0,11010001011000100011101000111100010101111011000000100011111010011011110011000001111011110011101100011101111111001011011101111100
O=C(NC(=S)Nc1ncc([N+](=O)[O-])s1)c1ccccc1C(=O)NC(=S)Nc1ncc([N+](=O)[O-])s1,1,11000010001000000000000010001000001110010001100100000000010001001001001101010000010000100000010101101010000010100100001000100111
COc1cccc(Nc2nc(N)nc(N)c2N)c1,0,10100100000001010011000001000000010000000010000001111001000110011010100001000000010000101000000000001000000100000000000010100000
Nc1nc(Cl)cc(NCC2(CO)CCC(O)C2)n1,0,10100101101000000001000101000010000110010000010001000000000100010011000100011010110010001000001000001001010101000000000000110000
O=c1sc(Nc2ccc3ccccc3c2Cl)nc2ccccc12,0,11100101001010000001000010000000011101000000000101000000001100011000010011011110110000100000000000111000000100000001000000100000
O=C(OC1=CCN(Br)C1=O)C1=C(O)C(=O)N(Br)C1,0,10000000001000000100100000101010000000011000010000000101101101000110000010000000010001001000001000001010000101011000010000000100
O=C1c2ccccc2C(=O)c2c(S)cccc21,1,01000100001000010000000000000000010000000110000100000000001000001000100000000100010100101100000010001100000000000000000000000000
COC(=O)c1c(C)cccc1C1CN=NC12Cc1ccc(C)cc1C2=O,1,10010001001000011100000000001011010010010010100001000001001111101000000001100101010010100000001010001101000100010001110000110100
CC(=O)OC1OC2C(NC(=O)OC(C)(C)C)C1CC2(OCc1ccccc1)OCc1ccccc1,0,11010100111100001000000000000010010010111011000100010001000000001011000000010010110000110110001000001011010010101110000001111100
COC(=O)c1nc(N)nc(O)c1-c1ccc(Cl)cc1,1,10000000101000000101000001000000010000010000001011000001000000010010000001010000010100101000010000011000001100001001000000100100
Cc1cc(S(=O)(=O)Nc2nnc3ccccn23)c(S)cc1Cl,1,10011000101110010001000000000100110000010100100101010000001001001100100000000100010000101000001000001100000100110000001110101000
CCOC(=O)c1sc(SSc2sc(C(=O)OCC)c(C)c2[N+](=O)[O-])c([N+](=O)[O-])c1C,0,00000000111001000101000000000000011100110001000000000001001001000000011001010000110000100000000000001000000000000100110100001100
O=[N+]([O-])c1nccn1CC(O)CO,0,01110000001100000010010000000000000000010001100101000000010000000100001100110100110000000100001000111000000000000101001000100000
O=C(Nc1ccc2[nH]c(=S)sc2c1)Nc1ccccc1F,0,10010000101000000001000010000000101100010010000110000100100101011000011010010000010000100010001001001000000100100000011100000100
CC(C)(C)OC(=O)NC(Cc1ccccc1)C(=S)N1CCCC1,1,11001101101000001000000000000010010000110110001100000001010000001001000010000011110000100110001011001001000000101110010000000100
CCOC(=O)c1cccn1S(=O)(=O)c1cc(Cl)ccc1NC(=O)CC,1,10101000101000000101000110001000110101110100000011000011001000001010100011000100110000101000001100001000100100000010110100000100
O=C(Nc1ccc2c(O)cc(S(=O)(=O)O)cc2c1)Nc1ccc2c(O)cc(S(=O)(=O)O)cc2c1.[NaH],1,10000001001000000010000010000001000000010000000000010000100100011010111110010100110000100000001000001000000100000010000010000100
N#CC(C#N)=C1SC(=Nc2ccccc2)C(=Nc2ccccc2)N1c1ccccc1,0,00000100001000000000001111000000011100010000000100100010000000101000000001000000010001100000100000001010101000100001000000001001
[CH2-][Pd-2]1([CH2-])[n+]2cccc3ccc4ccc[n+]1c4c32,1,00010000001000000000011000000000000000000000000000100001000001011000000000010001010100101000001000001000001100000001000000000000
O=C1CCC2=NCc3c(ccc4ccccc34)N12,0,00000001001001010000001000000011000001110001001100001000001000011001000000110100110100100000000000001000010001100100000000110000
O=C1C[N+]23CC[N+]45CC(=O)O[Cu-5]24(O1)(OC(=O)C3)OC(=O)C5,0,01000000001000001000000000000010000000000010000000000000001000010000000000100001000000000101000100001000001000001000110000000000
C[N+](C)(C)C.[O+]#C[Cr]1(C#[O+])(C#[O+])(C#[O+])[N+](c2ccccc2)=N[NH+]1c1ccccc1,0,00011100010000100110000000100010011000101000001100000001000100001000100000000011010000100010000000001100000000001001100000101000
CC1=[N+]2c3ccccc3[SH+][Cu-3]2(O)[OH+]c2ccc3c(C)cc(=O)oc3c21,0,01010100001000101000100000100001010111010011000100100000001000111000110000001101010100110010000000001011000111010000000000100000
COC1(C)C(=O)NC(=O)N(C2C=CC(CO)O2)C1O,1,01000000001000001111000000000010110010010100000000000011001101001001000001000000110000100010001000001001010011000000000110110010
CC1(C)Oc2ccc3ccc(=O)oc3c2C(OC(=O)C23CCC(C)(C(=O)O2)C3(C)C)C1OC(=O)C12CCC(C)(C(=O)O1)C2(C)C,1,00100101001100001010000000000010011110010000001000011011001001010100110100011000110000100100001000001010000001011100000000110111
COC1N(C2CC(N=[N+]=[NH2+])C(CO)O2)C(=O)NC(=O)C1(C)Br,1,11111010001010111001000000000011010010010100000010000011001001100000000001000000100001101010001000101001000010000000101000110010
COc1ccc(-c2cc(-c3ccco3)c(C#N)c(=S)n2C2OC(CO)C(O)C(O)C2O)cc1,1,11000010100101001001001010001001011000110000000010001101000000011010001001010011111011100010001011101010110110101100100001010000
COC1(Cc2cc(O)c(O)c(Br)c2Br)C(=O)OC2C(O)COC21O,0,00110000001000011000000100000011010010010011000011100001101000001010111101101000110000001000000101001000110100110100000001011000
CCN(CC)C(=S)NN=C(C)c1cccc[n+]1[O-],0,10000000000000000000000000100000011010110010000100000100000010101000001000010001111001100011000101001000100110101110000001000000
Cc1ccc(C(=O)Nc2ccc(S(=O)(=O)O)c3cc(S(=O)(=O)O)cc(S(=O)(=O)O)c23)cc1NC(=O)c1cccc(NC(=S)Nc2cccc(C(=O)Nc3cc(C(=O)Nc4ccc(S(=O)(=O)O)c5cc(S(=O)(=O)O)cc(S(=O)(=O)O)c45)ccc3C)c2)c1.[NaH],1,10010000101000110010000010011000010000011000000000110000101101011100100010000100110000100010001001001110010100110010000000100110
Cc1occc1C(=S)Nc1ccc(Cl)c(C(=O)OC(C(C)C)C(C)C)c1,1,11000001001000001101000010110000010000110000000001100101101010010001010100010010010000100000110101001000000101100000100000000100
COC(=O)c1oc([N+](=O)[O-])c(-c2ccccc2)c1-c1ccccc1,0,10001100101000001100010000001000011100010001000100000001100000001000101001010000010101100000000010001000000000001100000000000100
C=C1C(C)C2C(Cc3ccccc3)NC(=O)C23OC(=O)C=CCC(=O)CCC(C)CC=CC3C1O,0,00100100001000001001001000001110010111010010010110000010001100011000001011100101110101100010000101001000111011101101000001011010
CCC1(c2ccc3ccccc3c2)Oc2ccccc2-n2cccc2C1=O,1,00100000001000011000100000001000010010110000100100001000001000111010000101010110110101100000110100001000010100010101000000000000
CC(=NN)C(C)=NN=C(C)C(C)=NN=C(C)C(C)=NN,0,00000000000000000001000010000001010000010000000000100000000100000000000000000000100001000000001000100000000000000000010001000000
S=c1[nH]n2c(CCCCCCCCc3nnc4sc(=S)[nH]n34)nnc2s1,1,00000000000010100010000110000100101100010000000000000110100000100000010000000000100000000011000001001000000000000000000100100110
COc1cc2oc(=O)cc(C)c2c(OC)c1OC,0,10010000001000101000000000010001010100000011000000100001001000011000100001000100010010000000000000001000000100010000010001000000
CCCc1cc(=O)oc2c3c(c4c(c12)OC(C)(C)C=C4)OC(C)C(C)C3=O,1,01100110001000101011100000100100011110100010000000110110001000101000110010000010111100000001010000101000000100100011000000110100
CC(=O)O.O=C(CCN1CCCCC1CCO)Nc1ccc2c(c1)C(=O)c1ccc(NC(=O)CCN3CCCCC3CCO)cc1C2=O,0,11001100001000001010000010001010010010011100010000100000101000011000100010010010111000110100001010101010000100000000000001111100
CC1(CCCO)CCCCCCCCCC(C)(CCCO)C1=O,0,00101000001000000000000000010011110010010000000000000000001000000001000000000000100000000100001001101010001001000000000100100000
CCC1(c2ccccc2)Oc2ccccc2-n2cccc2C1=O,1,00101100001000011000100000001000010010110000100100001000001000101000000101000110110100100000110100001000010000010101000000100000
COP(=O)(OC)C(Cc1c[nH]c2ccccc12)NC(=O)OCc1ccccc1,0,11000100011000000101000000000000010001110010000100100001000000001000010111000101110001110110101000011010010010100000010100110100
NC(CCC(=O)OCc1ccccc1)C(=O)NC(CCC(=O)OCc1ccccc1)C(=O)O,1,11001100001000000011000000001000000001010010000100001001010001001000000000000000110000111010000010011000011000000000010000100100
Cc1cc(S(=O)(=O)N2CCNNC2=O)c(S)cc1Cl,1,00001000111000010001000000010010110010011100000001000000011000000101100010000000010000000010001000001100000100110100010010001001
Cc1cccc(-n2c(C)nc3ccc(NC(=S)Nc4ccccc4)cc3c2=O)c1,0,10000100001000010000010011101001010001011000000100010100101000011110000001010100010000100010000001001100000100100000010110100000
Cl.NCCSSCCN,1,10100000000000010001000000000010000000000000000010000000000000000000000000000000110001000000000000000000000000000000100000000000
CCCNC(=O)Cn1c(-c2ccccc2)cc2ccccc21,0,10000100101000000000000001111000111000110100111100000000000000011000010000000000110001100000001010001000000101100100000000000100
CC(=O)OCC1OC(n2c(N)c(C#N)c(-c3ccccc3)c(C#N)c2=S)C(OC(C)=O)C(OC(C)=O)C1OC(C)=O,0,01000100111100001001001011001110011100010000000111001101001010011000000100010010110101100000000011101010100100001000100011010100
COc1cc(N=Nc2cc(NC(C)=O)c(N=Nc3ccc(S(=O)(=O)O)cc3)cc2S(=O)(=O)O)c(C)cc1N=Nc1ccc(NC(=O)c2ccc(N)cc2)cc1C,1,11110000111010001011000010000010010111010100000101100001101001110000101111110000110001110000101000001110010110010010010011000110
COc1ccc(C=c2sc3nnc(CCC(=O)Nc4cccc(C(F)(F)F)c4)n3c2=O)cc1,0,10000100111011010010000011001100011110110100010100000011111000111010000001001010110000110001001001001010000111000110000010100100
CC(=O)NNc1nc(C)c(C(C=Cc2ccccc2O)=NNC(=N)N)s1,0,11010100001011001001110000000001111100010001100100000010011010111111000100000001110001101001101000001000110000010000010001100100
N#Cc1nc(CCCN2C(=O)c3ccccc3C2=O)oc1N,0,10100000001000001001011000100000001000010000001101000100101000111000110000001000110000101001011010001000100000011000000101100100
C=C(OC1C(C)=C2C(C1OC(=O)CCCCCCC)C(C)(OC(C)=O)CC(OC(=O)CCC)C1(O)C2OC(=O)C1(C)O)C(C)=CC,0,01101001001101111100010000101111010111110110000000010111001000010010001000001101100000101100000000011010001000110001001111110110
O=S(=O)(O)c1cc(O)c2c(N=Nc3ccc(Nc4ccccc4)c4c(S(=O)(=O)O)cccc34)cc(S(=O)(=O)O)cc2c1,1,10000100101101010010000000000000000101010000001100110010000000011011100110000100110001110001001010001000000100000010101010001010
CCOC(=O)c1c(N=P(c2ccccc2)(c2ccccc2)c2ccccc2)nnc(-c2ccccc2)c1-c1ccccc1,0,00001100111110000101000000000001010000110000100100000011001000001001000000110000110101110000000011001000001000001000000100110110
CC(=O)SCCC(NC(=S)Nc1ccccc1)P(=O)(Oc1ccccc1)Oc1ccccc1,0,11000100001000001000010010001010010000011100000110100101000100011010000010000000110011100100010001011010000001100000110101010100
CC1OC(OC2C(Oc3c(-c4ccc(O)c(O)c4O)oc4cc(O)ccc4c3=O)OC(CO)C(O)C2O)C(O)C(O)C1O,0,01001000001011001000001000000110010000111001010000001111111000001011110101100101111000101100001010101101010110000000000000110100
CCCC[Sn]1(CCCC)OCC(C)O1,0,10010000000000001100000000100110011000100000010010000000000000000010000100000011100000000010000000000010000100000100000100010001
O=C1CCC(C2(O)c3ccccc3-c3ccccc32)C(=O)N1,0,00100000001000000000010000010010000010011000010100001000001010001000000000100100010000101110001010001001000000000001000000010000
COc1cccc(NC(=O)C(Cc2nc3ccccc3nc2C)=NNC(=O)C[n+]2ccccc2)c1.[Cl-],0,11101100001001110000100011000000011000010100110100101011101010111010011011100101111001100000100000001100010100000000000000100100
CCCCOC(=O)c1c2nc3c(C(=O)OCCCC)ccc(C)c3oc-2c(C)c(=O)c1NC(C)=O,0,11000100011101001101000010110001010000110000000001000011101010010001101100100011110000110000000000001000000010010000110111111100
O=C(NC=C(c1ccccc1)S(=O)Cc1ccccc1)Nc1ccccc1Cl,1,10000100001000001001000010010010100100010011000101010010000001011100010010000010111010101010000000101000010000100100000000100110
Cc1ccc(-c2cn3c(nc4ccccc43)c(-c3ccccc3)n2)cc1,0,10000100100000000000010000000001110011010000010101010000001000011001000001000001110110110100100010001100000100000000000000100000
COc1ccc(C(=NNc2nc3ccccc3n2Cc2ccccc2)C(=O)O)cc1,0,10000110001001000001100000000100011000010010010100000001000010111010000001010111110001100010000000001100010100000001100010100100
N=C(N)NS(=O)(=O)c1ccc(NC(=O)c2ccc3nc4ccccc4c(N)c3c2)cc1,1,10010100001010100001100010000000010001010001000101010100001000011100100001010100110010100000001010011010010100010001001000100100
COc1cccc2c1[OH+][Cu-5]13(O)([O+]=C(N)[N-][N+]1=C2)[n+]1cccc2ccc4ccc[n+]3c4c21,0,10100010101000010001001100011000110001011100000101100001000100011010010101010001011000110000000000001001001110000101010101000000
Cc1cc2c(c(C(=O)NCCC(=O)NC(C)C(=O)OCc3ccccc3)c1)Oc1c(cc(C)cc1C(=O)NCCC(=O)NC(C)C(=O)OCc1ccccc1)S2,0,11000100101000111011000000011011010101011110000101000101001000001000010100010000110000100010010010001010010100100000010000101101
Cc1c2oc(=O)c(C#N)cc2c2ccccn12,1,11001100001000001000001000000000011000010000010101000000001010001000101000001100011100101000010000001010110100001100100000100000
COc1c2c(cc3oc(C)cc(=O)c13)OC(=N)C(C(N)=O)C2CC(=O)c1ccc(N)cc1,1,10000001001010111011000010010111010010011100000001000001101000011001100001000110111000101000000010001101010110011100010010011100
O=C(O)c1ccc(NC(=O)c2ccccc2[Se][Se]c2ccccc2C(=O)Nc2ccc(C(=O)O)cc2)cc1,1,10000100001000000000000010000000010000010000001100000100011000011000000111010001010000101000000000001010011010000010000000000100
COc1cc2c(c([N+](=O)[O-])c1)NC(=O)CC(C)S2,1,10000000001001000000000000100110010110010101100000000101001001000010001001111000010000000010000000111001001110000101000010010100
COC1=C(C)C(=O)C2C(C)C(c3ccc(OC)c(OC)c3)C2C1=O,0,10000000001110000000100000000100011000000000100001100011001000001000010001000000111000100010011000011000000100000101000001010101
CCOC(=O)N1N(c2ccccc2)C(=O)C1(c1ccccc1)c1ccccc1,0,00001101001000000001000001000110010010110100100100000001001000001000000001000000110001100000010000001000000000000000000000100101
Cn1c(=O)[nH]c2nccnc2c1=O,0,10000001001000000001000000000001010000010000100100111000101010000000000000100000010000000010000000001000000000010000001011110000
Cc1cn(COCCCSc2ccccc2)c(=O)[nH]c1=O,1,10000100001001000000000000010010010001010001011100000001001001001000000010010000110011110010000000001000100000110000101100010000
Cc1cc(=O)c(C#N)c(C)s1,0,00000000001000000000001010000010011100000000000000000000111000000000000000000000010001000000000000001011100101001100000000000000
Cc1cc(OC(=O)c2c(C)cc(OC(=O)c3c(C)cc(O)cc3O)cc2O)cc(O)c1C(=O)O,0,00000100001000000101000000000100010010010000000010000101001100000110000110100000010000000000000010101000010100010001000000000100
O=C(Nc1ccn(C2CCC(CO)O2)c(=O)n1)c1ccccc1,1,11011100011010001000000010000010000000010100011110000000101000011100000000010100110000100000001100001010010010010010010000110101
O=S(=O)(Nc1nc2ccccc2n1S(=O)(=O)c1ccccc1)c1ccccc1,1,10001100001001100000000000000100110010010000010100010000000000011100100001110000010000100000001000001100000000000001001000100000
CC(C)CCCC(C)C1CCC2C3CCC4CC(CCC=C(c5cc(Cl)c(O)c(C(=O)O)c5)c5cc(Cl)c(O)c(C(=O)O)c5)CCC4(C)C3CCC12C.N,1,01010111101010001111001100110111011010010000010011101111000010001110110110100000111000000001000100111000111100100101000101110110
CCOC(=O)N1C=NC23C(c4ccccc4)C(c4ccccc4)C12C(=O)N(C)C(=O)N3C,0,00101100011000000001000000000100010010110111000100000101011000001100000001000000111100101001100001001010000000000000010001110101
Nc1nc(N)c2nc(CNc3ccc(C(=O)NC(CCC(=O)O)C(=O)O)cc3F)cnc2n1.O=C(O)C(F)(F)F,0,11000101101000100001000001011000010001010010110011011000010110011100000011000010111010111100000011011111011100100011010001110101
CN1CCN=C1c1ccc(NC(=O)Nc2ccc(NC(=O)Nc3ccc(C4=NCCN4C)cc3)cc2)cc1,0,10000000101000000000001010000110010000010000000000000100110000010100011010010000010000110000010100001000001000000100000001100100
O=C(O)c1ccc(Nc2nc3nn(Cc4ccccc4)cc3c(=O)s2)cc1,1,11000100001010000001100010000000011110010010000100000000001000011000000010010110110010101010000000011100011100000011100000100100
CC(C)NC1CCCCC2c3cc(F)ccc3C12O.Cl,1,11111110100000001000001000010110010010010000110000000000000110000100011000000001010010110100010000001000010100000000000000110000
COc1cc2c(c(OC)c1OC)C(=O)C(OC(=O)CCCCl)C2N.Cl,0,10110111001000100001100000101000010000011010100010100001001000011000000001000100111101000000000000001010101100000000000101010100
O=C(O)c1ccc(OCc2nc3cc(C(F)(F)F)ccc3nc2-c2ccccc2)cc1,0,01000100111000100000000000000000010000010100110100000001000000011111000011000010110000110000000010001010011110000011000010100100
CCOC(=O)C=CSCC(N)C(=O)O,0,01000100001000000011000000000001010100110000000101001011011000000000010000100000100000100000100000100000000000010000100000000100
CC(NC1CCCC1(O)C#Cc1ccc2c(c1)OCO2)c1ccccc1,0,11101110101100001000000000010111011010010000111100100000010000001000011100000000010001100101000000101010011110010100000001010000
CCOC(=O)C(=Cc1c(C)[nH]c2ccccc12)P(=O)(OCC)OCC,1,01100100001000000001000000000000010101110000000101011011001000011000000011000100111000100010001100001110000000000000000101000100
O=[N+]([O-])c1ncc(N(CCO)CCO)s1,0,00100000001000000000000100001101001100010001100010000000100101000000001000010000110000000100011010001000000000000100000000100001
CCOP(=O)(Nc1ccccc1P(=O)(OCC)OCC)OCC,0,10000000001001010000000001001000110001100000100100011001000000001000000010001000110000100000000000001010000000100010100001000000
COc1ccc(-c2cc(C(=O)Nc3cc(C(F)(F)F)cc(C(F)(F)F)c3)c3ccccc3n2)cc1,0,10000111111001000000100010000001010001010100010100010001001000011010000101000111010010100000001000001010000110000010001000110100
CC(C)(C)OC(=O)NCCCCC(NC(=O)OCC1c2ccccc2-c2ccccc21)C(=O)N1CCCC1C(=O)NCC(N)=O,1,11011000111010001101001011010011110000110000010101000001010000101101010010000000110010101001001010111001101011101111010100010100
O=[N+]([O-])c1ccc(-n2nnc3ccccc32)nc1,0,00000110001010010100001000010000010000010001110100000000000010001000001001010000010001100100001000001000100000000100000100110001
CN(C)CCSc1ccc(-c2ccc(-c3ccc(SCCN(C)C)cc3)nn2)cc1,1,11000000100111000000000000000011010001000001000000010100000000000000000000010000110011100000001000001001000000000100100000100000
N=c1[nH]nc(-c2ccccc2S)o1,1,01000000000000011000010100011000000000000100000100000000000010101000100000100000010010101010000010001100000000010000001000110000
CCCc1cc(O)nc2c3c(c4c(c12)OC(C)(C)C=C4)OC(C)C(C)C3O,1,01100010000000101001000010100100011110111000000001100100000010111010010000010010111000010001010000001000010100101011000000111100
OC12CCC3(OC4CCCCO4)c4ccccc4C3C1c1ccccc12,0,00111010001100001000000000000110001010010000010100001011000110101000000000001100010001100000010101001100011000000011000000110000
O=C1c2ccccc2C(=O)c2sc(Nc3cc(Cl)ccc3Cl)nc21,0,11000001001000000001000010100000001101000000001111010000001000011001100010000000110010101000000010011000000110100000000000100000
c1ccc(-c2c(-c3cccs3)[nH]c(-c3cccs3)c2-c2ccccn2)nc1,1,01010000000000100000000000010001000100000010100100000001000100101100001000100000010110100010000000001000000000000100000010100001
Cc1cc(=O)oc2c(CNC(C)C(=O)O)c(O)ccc12,0,11000100001000101000101010110000010100010001000000001000001000010011110100000100110000100000011000001000000100010010000000100101
COC(=O)C(Cc1c[nH]c2ccccc12)NC(=O)C(Cc1c[nH]c2ccccc12)NC(=O)C(Cc1c[nH]c2ccccc12)NC(=O)C(Cc1c[nH]c2ccccc12)NC(=O)C(Cc1c[nH]c2ccccc12)NC(=O)OC(C)(C)C,0,11000000101000001101000000000000010001110000000100100011010001001001010111000101110000110010001010001001000010001010010100000100
Cc1cc2c(C(C)C)c(O)c(O)c(C=Nc3ccc(Cl)cc3)c2c(O)c1-c1c(C)cc2c(C(C)C)c(O)c(O)c(C=Nc3ccc(Cl)cc3)c2c1O,0,01010101000000000001000000010100110000010000001011000010001010101010000010100100010101101010001110001010000100011001000001000000
CCc1ccccc1N1C(=O)C(=O)C(c2nc3ccccc3s2)C(=O)C1=O,0,01000001001001010001101000000000011100110010010100000000001001011100010001000100111010100001000000001000000000010000010000110000
CC1=C(C(=O)Nc2ccc(Cl)c(C(=O)OC(C)C)c2)SCCO1,1,11000001001000101101011010110110010101011000000001000011111000011000010101010010010010100010010000011010000100100000000000000100
CC(=O)OCC1OC(n2c(C)cc(-c3ccco3)c(C#N)c2=S)C(OC(C)=O)C(OC(C)=O)C1OC(C)=O,1,01001010011101001001001011001111011100010000000110001101001010011000000000010010110011100010000011101010100100001101100001010100
O=C(O)CCC(=O)OCCNCCOC(=O)CCC(=O)O,0,10000101001001010001000000011000000001010010000000000001000000000001000001000000100000000000000000000000111010000000000000000100
COc1ccc(C=C(C#N)c2nc(-c3cc4ccccc4oc3=O)cs2)cc1,1,10000000001001001000001001000001011100111100010101000011001010011110110001000010011010110000000010001100101100001100000010100000
CC(C)CCCC(C)C1CCC2C3CCC4CC(CCC=C(c5cc(Cl)c(O)c(C(=O)O)c5)c5cc(Cl)c(O)c(C(=O)O)c5)CCC4(C)C3CCC12C.[NaH],1,01010111101010001111001100110111010010010000010011101111000110001110110110100000111000000001000100111000111100100101000101110110
Cc1cn(C2CC(N=[N+]=[N-])C(COP(=O)(OCC(=O)C(C)(C)C)OCC(=O)C(C)(C)C)O2)c(=O)[nH]c1=O,1,11001010101010101000000010010010110000010100001010011101001001101100000000001000110011100010010100101011100000111010001001110100
CN(N)N=Nc1[nH]cnc1[N+](=O)[O-],0,00000000001100000001001000000000011101100001100000000000000000000010101001010100010001000110000001001110000010000100000000100000
FC(F)(F)c1ccc(N=NN2CCCC2)cc1,0,01001000110000100000000000001010100100010100010100000000000000100000000010100010010001100000000000001000000010000010000000000101
Cc1cccc(NC(=S)NN=C2C(=O)Nc3ccccc32)c1,0,10010000001000110000000010001101010010011000100100000000111000111000000110000000010001101110000011001000000100100100010001000000
CCOC(=O)c1ccc(C(=O)n2ccnc2)[nH]1,0,00000000001000010111100000000000010010110010100000000001011001001001000000110100110100100010000010001000000000000100001100100100
CC(=O)NS(=O)(=O)c1ccc(NC(=O)c2ccccc2SSc2ccccc2[N+](=O)[O-])cc1,1,11000000011000000001001010000001010010010001110100010100001000011000101100011001010000100000001000101010000000000101111001000100
S=C1OC2CCCCC2O1,0,01001000000000001000000000010011000000000000110001000100000000000000100000000000000000000000000001001000000000100000000000110000
Cc1cn(C2CC(N=[N+]=[NH2+])C(COC(=O)CCCCCCCCCCCI)O2)c(=O)[nH]c1=O,1,11001010001010101001010010011010010001010000000010000001001001001100000001000000110001110010010000101001101000111001101101110100
Fc1cccc(F)c1C1SCc2nc3ccc(Cl)cc3n21,1,00000010100000010101000000000011000101010000010011010000000100011100000001000000011101101001100000001110010100001000100000110000
CCCCCCCCCCCCCCCCN1CCCCCC1=O,0,00101000001000000000000000110010010010110000000000000011001000010100000010100011100000000000000000011000000000000000000101000100
CC(=O)Nc1ccc(C=C2SC(=S)N(C=C3C(=O)N(c4ccccc4)N=C3C)C2=O)cc1,0,10011100001100011110000011000000010110010000000100000110001000011010010000010000010100110000000111101000000101011100010001101100
CC(C)CCCC(C)C1CCC2C3CCC4CC(=C(c5cc(Cl)c(O)c(C(=O)O)c5)c5cc(Cl)c(O)c(C(=O)O)c5)CCC4(C)C3CCC12C.N,1,01000101101000001111001100010111011010011000010011101001000010000010110110101000110000000001000000011001111100111101000100110110
CC(C)N(C(=O)C12C3C4C5C3C1(C(=O)N(C(C)C)C(C)C)C5(C#N)C42)C(C)C,0,01100000011000100000101000010000111010011000001000000000000000000000101000000100010000101000110010000000100000010100010100010100
N#CC(C#N)=Cc1ccc2c(c1)OC(Cl)O2,0,00000000010100001101001001000000001100011000000100000010000000000000100100001000111010100000000000001010100100100101000000010000
CCOC(=O)Oc1cc2ccsc2c2c1c1ccccc1n2C(=O)OCC,0,00110100101001100001010000000011110111110110010110100001001000011100000000000101110000100000100000001000000100110000011001000100
CCN(CC)c1ccc2cc3ccc(N(CC)CC)cc3[o+]c2c1,0,00000000110000010000000100000000010011100000000000001000000000011000000110010000110000100000000010001000000100000100000000000001
C1CCC(NC2CCCCC2)CC1.CC1(C)OP(=O)(O)CC1=O,0,10101010011000001000000000000010010010110010110000000000001010010000100010000000000000000000100100101000000110001000000000110000
NC(=S)NN=C1C(=O)C=C(Nc2ccc(Cl)cc2Cl)c2ccccc21,1,10010100001110000001000000000000100001010010010111000000011001101001000010000000110011101100000011001010000100100100000011000000
O=C(OC1CCC(=C2SCCCS2)C1C1SCCCS1)c1ccccc1,0,00001101001000000100111000000110100101011000011101000001100000001110000000100010010000100000001010001010011001000000010000110100
CC(=O)Nc1cccc(N2C(=O)C(=Cc3cccc(Oc4ccccc4)c3)SC2c2ccccc2)c1,0,10110100001000010110000011000000010100010000000100100011101000011110000001000000011100100010100001001010000100110100010001010101
COc1ccc(S(=O)(=O)O)cc1C(=O)c1cc(S(=O)(=O)O)ccc1OC.N,0,10000000011000000000000000000000011000010000000000100101000000010000100111010000110000100000001000001000000100000010000011000100
O=S1(=O)CC(O)C(O)CS1,1,00000000011000000000000000011010000110011000000000000000000010000000000000001001010001000000000000000000010000000000000000010001
Cc1[nH]c2ncnc(N)c2c1Cc1ccccc1,0,10000100000000000111001000000000010010010010100101011000001000001000100000000000110000100010000000001010010000000010001100100001
O=C(Nc1cc(C(=O)Nc2cccc(S(=O)(=O)O)c2)cc(C(=O)Nc2cccc(S(=O)(=O)O)c2)c1)c1cccc(C(=O)Nc2cc(C(=O)Nc3cccc(S(=O)(=O)O)c3)cc(C(=O)Nc3cccc(S(=O)(=O)O)c3)c2)c1.[NaH],1,10010000001000110000000010010001000000010000000000000000101100011100100010000000110010100000001000001110010100000010000010000100
O=C1Sc2ccccc2C(=O)N2CCSC12,1,01000000001011000010010010001010000111010000100101000100001000001000000010000000010000101000100010001010100000010000100000011001
N=c1ccn(C2CSC(CO)O2)c(=O)[nH]1,1,01011000001000001000000000010111000110010000000001000110001000000100000000000110110000100010001001001010000010010010001001110001
COC1=C(N=[N+]=[N-])C(=O)c2ncccc2C1=O,0,10001000001001000101000000000100010000000100101010000001001100011001100001100001011001101000000010001001000010000000000000100000
Cc1ccc(S(=O)(=O)NC(=O)Nc2nc(Cl)cc(Cl)n2)cc1,0,10000000001000000001000010000001010000010000001001010000001000010000111010010010010010100001001010001000000100000001001000101100
O=C(O)c1cc(N=Nc2ccc(C=Cc3ccc(N=Nc4cc(C(=O)O)c(O)c5ccccc45)cc3S(=O)(=O)O)c(S(=O)(=O)O)c2)c2ccccc2c1O.[NaH],1,00000100101000001010000100000000001101111000000110000010000100101111100111100100110001110000011000001000000100000010100000001111
CC1C(C#N)(C#N)C(C#N)=C(N)C1(Cl)[N+](=O)[O-],0,00000000001000000011001000001100111010000001010001110000000010000000101011010000000000000001000010001000100001001100000001010010
CC1(C)CCc2cc3c(O)c(-c4ccccc4)c(=O)oc3cc2O1,0,10100100101000001000001000001010110010111000010101000000001010011010100000100100010110100000010010001000000110001100000000100000
Fc1ccc(CSc2cnnc(SCc3ccc(F)cc3)c2SCc2ccc(F)cc2)cc1,0,01110010101010000000001001000000100000001000000000001110000101000000000000001001110001100010001000001001000000010000100000100001
NC(=O)N(O)c1cccc(Br)c1,0,00000100001011010001000000000000100000011000000000000000000000001000000010000000010000101000000100101100000100001101000000100110
CC1(C)NNC(SCc2ccccc2)=NC1=O,1,00001100001000010000000001000001010010000010000100000000001000011000000000000001110001100010100001001000010000010000100100100001
CNn1c(-c2ccc(C)cc2)n[nH]c1=O,1,10000000101000000000001000000001011000010000000000000000011000010000000000110000010010100010000000001000001100000000001000100000
CCc1c(Cc2ccccc2)n(COCCSc2ccccc2)c(=O)[nH]c1=O,1,11010101001001000000001000010010011000110011000100000001011001001000000010010000110011100010000000101000000000100010101000000010
CCOC1CSc2ccccc2C(c2ccccc2)=N1,1,00000100110001000000000100100110010110100000010100000101000000001000000001100000110010101000000010011000001000000000000000110000
CCOP(=O)(OCC)C(C#N)=Cc1ccco1,1,00100010001000001001001010000000011100110000100000011011000000011000000000000000111000100010100000001011100010000010000000100000
O=C1OC(c2ccccc2)=NC1=Cc1ccco1,0,00111110101000001011000001000001000000001000000100100110001000001001100100000000110000100110000010001001000000000010000000100000
O=C(O)c1ccc(C2COc3ccc(Cl)cc3C2)cc1,0,00010110001100001001001000000010011001010000000011000000010000000010000010000000110010101000000000001001011100100110000000010101
CN(C)c1ccc(C=C2C=Cc3ccccc32)cc1,0,10000000000110000000010101000100010110001000000100000010000000001000000110000000010000101000000011011000010001000100000001000000
C=C1C(=O)OC2C=C(C)C3=CC(=O)C(C)(CC(OC(=O)C(C)=CC)C12)O3,1,00100000011000101000001110110110010110010000000001100011001000001010000011001000010010111000000000101010110100100100000001110110
COc1c(I)c(OC)c2c(c1I)OC1OCCC21,1,10100100000000101000010000001110011000000000010000010011000000010010000101000100000001000000000000101001000010101000000100010000
Cn1cc(NC(=O)Nc2cc(C(=O)Nc3cc(C(=O)Nc4ccc5cc(S(=O)(=O)O)cc(S(=O)(=O)O)c5c4)n(C)n3)n(C)c2)cc1C(=O)Nc1cc(C(=O)Nc2ccc3cc(S(=O)(=O)O)cc(S(=O)(=O)O)c3c2)n(C)n1.[KH],1,11001000101101000010000010100000010010010001001000000000101001011100111010010100110010100000001000001010100100100010010011100100
CN(C)C(=O)Nc1cc2c3c(c1)CCCN3CCC2,1,10001000001100000011000110000010010000011000100100000000000000010100000110100000010010000000000000001000010101000110010000001100
CC(C)CCCC(C)C1CCC2C3CCC4CC(CCC=C(c5cc(Br)c(O)c(C(=O)O)c5)c5cc(Br)c(O)c(C(=O)O)c5)CCC4(C)C3CCC12C.N,1,01010111101010001111001100110111011010010000010010101111000010001110110110100000111000001100000100111001011100100101000101110100
Clc1nc(NC23CC4CC(CC(C4)C2)C3)nc(NC23CC4CC(CC(C4)C2)C3)n1,0,10000100000010000001000000010010101110110000101101000000110000110000000000000000000000000000000000001000000001000100000000110000
C=CCn1c(=O)c(C(=O)NC(=O)OCC)cn(C2CCCCC2)c1=O,0,10111000001000000001000001001010011000110000110000000011011000001100001101000100110010100000001100101010000001001000001010110100
O=C(Nc1ccc(Cl)cc1)c1ccccc1[Se][Se]c1ccccc1C(=O)Nc1ccc(Cl)cc1,1,10000100001000000001000010000000000000010000001111000100011000011000000101010001010000101000000000001010000010000000000000000100
O=[N+]([O-])c1ccccc1S(=O)(=O)c1ccccc1[N+](=O)[O-],1,00000000101000000000000000000000000110000001000110000000000000001000101000011001010000100000001110101000000000000100000000000000
CC1=Nc2ccccc2SC(c2c(Cl)cccc2Cl)C1,0,00000000000001010001000000010011010100000000000111000100101000001010000001000011010000100101000000001001000100101000000000111000
N#CC1(Cc2ccccc2Cl)c2ccccc2C=CN1C(=O)c1ccccc1,0,10000100001000000011001000000100101110011010000111001001000011001100111000000011110000100000000010001001110100100000000001000100
COC(=O)C(=O)C(C(=O)C(=O)Nc1ccccc1C(N)=O)c1nc2ccc(Cl)cc2nc1O,0,11000010001010000101100010101000110001010000000111000101001100011111000111010000011000101000000000101000011101100000000000100100
COc1ccccc1NC(=O)C1=C(C)NC(C)=C(C(=O)Nc2ccccc2OC)C1c1ccccc1F,0,10110000111000000001000010001000110010010000000110110001101100001000000011000000011010100010000000001010001000100001000001010100
COc1cc2c(cc1OC)C1C(COC(=O)Nc3ccccc3)CN1CC2,0,10110100011000000001100010000010010000010000001100100101001010111010000011101000111011100010011010111000000101001000000001011100
O=C(O)c1cc(O)cc(O)c1N=Nc1ccc(C=Cc2ccc(N=Nc3c(O)cc(O)cc3C(=O)O)cc2)cc1,1,01000100001000001000000101000100010100010000000100001010000000100011000110100000010001100000000000001000011100100101000100000100
Cn1cc(NC(=O)Nc2cc(C(=O)Nc3cc(C(=O)Nc4cc(C(=O)Nc5ccc6cc(S(=O)(=O)O)cc(S(=O)(=O)O)c6c5)n(C)c4)n(C)c3)n(C)c2)cc1C(=O)Nc1cc(C(=O)Nc2cc(C(=O)Nc3ccc4cc(S(=O)(=O)O)cc(S(=O)(=O)O)c4c3)n(C)c2)n(C)c1.[NaH],1,11001000101101000010000010100000010010010000000000000000101101011000111010010100110010100000001000001010100100000010000011000100
CC1CC2C3CCC4=CC(=O)C=CC4(C)C3=CCC2(C)C1(O)C(=O)CO,1,10100101001011000101100001001110010110010000010000000010001001100000000101101100110010000001101000001100101000000000010010110100
C=C1CCCCCCCCCCC12SCCC2CCCCSC,0,00101000001100000000011001011010011110000010010001000010000000001000000000100010101000100000010000001010000000000001101100010000
CC(C)C(NCc1c(O)ccc2c(-c3ccccc3)cc(=O)oc12)C(=O)O,0,11001100101000101000101010010000010100010000000100001000101000011011110110001100110000100000001010001000000101000010000000110101
N=C(N)c1ccc(NC(=O)c2ccc(C(=O)Nc3ccc(C(=N)N)cc3)c(N)c2)cc1,1,10011000001010100001000010000000010000010000000001001100001000010101000100010001111000100000000000001010010101010000000000000100
CCCCCC=C(c1cc(Br)cc(C(=O)O)c1O)c1cc(Br)cc(C(=O)O)c1O.N,1,00000100001011001100000100100000111010110000000010000110100000000011000110100001110000001000000100101000000100000000000100000100
CCSCCCCCCCCCCCC(=O)O,1,00000101001000000000000000001010010001110000100000000000010000000000001001000000101000100000000000000000000000000001100100100100
CC(C)(C)OC(=O)NC(CCCCNC(=O)CNC(=O)OCc1ccccc1)C(=O)NC(CCCCNC(=O)CNC(=O)OCc1ccccc1)C(=O)NC(CCCCNC(=O)CNC(=O)OCc1ccccc1)C(=O)NC(CCCCNC(=O)CNC(=O)OCc1ccccc1)C(=O)O,1,11011100101000101001000000010000110000110110000100011001010001001001010000000000111011111010001010011001010000101110010100100100
CCOC(=O)C(F)=Cc1ccc(C#N)cc1,0,00000001101000000001001001000000011000110000000001000011001000000000000001000000111000101000000000001110100000001100000010001100
CCOC(=S)SC1OC(COC(C)=O)C(OC(C)=O)C(OC(C)=O)C1OC(C)=O,0,01000000011100001011000001000110010100110000000000001001011010000000100000000010100100100000001001100010000000101000101001010100
O=C(Nn1c(-c2ccccc2)nc2ccccc2c1=O)c1ccc(CS)cc1,0,11000100101000000000000000000000110001010000000100110110001000011101000001010110110000110010000010001110011100000000000010100101
O=C(Nc1ccccc1S)c1ccccc1,1,11010100001000010000000010000000101000010100000100010000000000001100000010000000010000110000000000001110010000000000000000000100
O=C(Nc1ccc(C=Cc2ccc(NC(=O)c3ccc4ccccc4c3O)cc2S(=O)(=O)O)c(S(=O)(=O)O)c1)c1ccc2ccccc2c1O.[NaH],1,10100000101010000000000010000000000001010000000100000010101100011111100101110101110000100000011000001010000100000010100000001100
NC(=O)C1=NOC(C(N)=O)C1C1OC(CO)C(O)C1O,0,01101010001010001001000000000000000100110000000001001100000000011000000100000101101000001000111000101000010010000000000000110100
Cc1cccc(NC2=NCCO2)c1Cl,0,10100000000000111001000000000010110000000000000001000010011000001101000010001001010000110000000000001000000100010101001000100000
CCOC(CC(O)C1COC(=S)S1)OCC,1,01010000010100001000000000000010010100111010000000010101010110000000000000010000100000100100000001011100000000000000000010010001
Cc1cc(S(=O)(=O)N2CCNC2=O)c(S)cc1Cl,1,00001000101000010001000000010010110000011100000001000000011000000000100010100000011000000010001000001100000100110100010010001010
COc1ccc(-c2cc(O)c3nc4ccccc4n3c2)cc1,0,10000100100001000000010000000001110000010000110101000101000000011010100101010010110100100100000000001100000100000100000000100000
Cc1c(C(=O)CC(=NO)C(=O)Nc2cc(Cl)c(Cl)cc2Cl)[n+]([O-])c2ccccc2[n+]1[O-],0,10000000001000000011101010000100011100011000000111000000101000001010000010010001111001110001000101001010000110100000000010000100
C[N+](C)(C)CCOP(=O)(O)OP(O)(=[OH+])OCC1CCC(n2ccc(=N)[nH]c2=O)O1.[LiH],1,11001000101001001100000000010011110000010001011010001001101000011101100000000110110010100010000000011010000000011010111001111000
CCCCC(C)CCCC1=C(O)C(=CC(=O)O)OC1=O,1,01000100001000001010100000110000010001110000000010000110001000101010001000000101100000010101000000011000100001010001001100000100
Cc1cc(N=Nc2c(N)c(C)cc(N=Nc3ccc(C(N)=O)cc3)c2N)ccc1N=Nc1cc(C(=O)O)c(O)c(S(=O)(=O)O)c1,1,01000110101010001011000100000110011101010000000111000100011000110010100110100000110001110000111000001000011100010011000000001111
O=[N+]([O-])c1ccccc1S(=O)(=O)c1cccc2c1NCCC2,1,00001000101010010000001000000010000110000101100111000000000100001000101000111001010010110010001110101000000000000100000000000000
CCOC(=O)NC(Nc1ncccn1)(C(F)(F)F)C(F)(F)F,1,10010100101000000001000000010000010000110000111100000011001101001000000000100000110000100100001000111000100001000010000000100100
CCCCCC[N+]1(C)CC2C3C=CC(C3)C2C1,0,00000000000011000000000001100010010110100000000000000000000100011001100000000001110000000000000010000000100001100000010100110000
Fc1cccc(C2SCc3nc4ccccc4n32)c1,1,00000110100000010101000000000010011101010000010100010000000100011000000001000001010001100001100000001110010100000000100000110011
CCOC(=O)c1cc2sc(NC(=O)c3ccco3)nc2o1,1,11000010101000001101000010001101011100110010001000000011001001011000100000000000110001100011000000001010010101001000010100100100
O=C1NNC(=O)c2ccccc2SSc2ccccc2C(=O)NNC(=O)c2ccccc2SSc2ccccc21,1,00000001001001000000000000000000000100000000000101000100001001101000000000000000010000101011000010001000000000000000000001000001
Cc1ccc(N=C2N=C(N3CC(C)OC(C)C3)c3ccccc32)cc1,0,11000001001000001000100100000111011000010100000100000000001000101000100000110010010101101000010110111010000100000001000000110000
COc1ccc(-n2sc3ncc(C)cc3c2=O)cc1,1,10000000001001000000000000000001011100010000110000000001001010010010000001000110011000100000000000001100010100000000010010100001
C(C[PH](c1ccccc1)(c1ccccc1)c1ccccc1)=C(c1ccccc1)c1ccccc1,0,00000110000000000010000000000000000100010000001100000110000001001100000000000000110100100000000100101010010001000000000010000000
Fc1cccc(Cl)c1C1SCc2nc3ccccc3n21,1,00000100100000010101000000000010011101010000010111010000000100011000000001000010011101100001100000001110010000101000101000111000
N#Cc1c(OCCF)c2ccccc2n2c1nc1ccccc12,0,00000100100001000010011000001000111011010010111100000001000000011000001011000100110001110100000010001110110000001000000000100000
COC1(c2ccccc2C)OC(=O)c2c(C)cccc21,1,00100000001000111101000000000000010110000000000100001001001010001000010001001001010110100000000000001010000000010000000000000010
CC(C)(C)C(=O)OCOP(=O)(OCOC(=O)C(C)(C)C)OCC1OC(N2C=CC(N)NC2=O)CC1F,1,11001000101010111001000000000010111010011001110010001001001100101000101000001001110000100110000100101010010000101010000010010100
COc1cccc2c1[OH+][Cu-5]13(O)([S+]=C(N)[N-][N+]1=C2)[n+]1ccccc1-c1cccc[n+]13,0,10100010001000010011000000101000011001011110010101100001000000001010010001000011010000100000000000101001001101000110010101000000
CC(C(=O)c1cc(O)c(O)cc1C(O)(C(F)(F)F)C(F)(F)F)C(O)(C(F)(F)F)C(F)(F)F,1,11100000101000000000000000010000010100011001010100000000000100011010000110000100010000100000000000001000000100000010100000010100
Cc1occc1C(=S)Nc1ccc(Cl)c(C(=O)OC2CCCCC2)c1,1,10101000001010001101000010100010010000110000010101100001101000010001000100010010010000100000110001001010000100100000100100110100
Cc1cn(CCCCCCOC(=O)NC(CCCNC(=N)N)C(=O)O)c(=O)[nH]c1=O,0,11000100011011000001000000010000010001010001000100001001011001000000111000100000110010011010011011011000100000110100011101000110
O=C(Sc1nnnn1-c1ccccc1)Sc1nnnn1-c1ccccc1,1,01000101001010001000000001000000110010010000000100000000011010001000000000101000010000100000000000001000000100000010100100100100
COc1ccc2c(c1)C(C(=O)O)CC(=O)N2C,0,10010100001011010100000100000010010000010000000000101001101000000010001001000010010010100001000000101001100100000100000001010100
CCSCCCCCCCCCCCC(=O)OCC1OC(n2cc(C)c(=O)[nH]c2=O)CC1N=[N+]=[N-],1,11001010001010001001000010011010110001110100101010010001011001000100001000000000111001100010010000101001101000111001101101110100
O=C(O)Cc1ccc(-n2nnc3c(O)nnc(O)c32)cc1,0,10000110001010000110000000010000110010010000010000000010000010000010010001000010110000100010000000001000011101000000000100100100
Cc1nn(C(=O)c2ccc(Cl)cc2)c2c1C(c1ccco1)SC(=N)N2,1,10000010001101101001100000010000010110010000001011000010001000001010000001000001110000101010100010001001010000111000000000110100
CCC1CCc2c(c(=O)oc3c2cc(OC)c2cccc(OC)c23)C1,1,11100100101000011100000000000110010001100001011001100001001010001000100001100100110000101101001000001011010100001000000101010000
CC(C)=CCN1c2ccccc2NC(=O)CC1C,1,00000000001000010000000000100110010010010000001101000010001010101000000000000000111000100010001110001011010000110000010001010000
Cc1ccccc1C1OC(=O)c2ccc3ccccc3c21,1,00010000001000001001000000000010010001001100000100001000001000011001000000010101110001100000000010001000000000111101000000010001
O=C1CC2SC(COCc3ccccc3)(CCN2Cc2ccccc2)C1,0,00000100001000100001000000000010000110010110100100000001001000001000000010000000110011100010000011011111110000000001000000110001
COC1C(OC(=O)C=CC=CC=CC=CC(=O)O)CCC2(CO2)C1C1(C)OC1CC=C(C)C,1,10000110001101101000001000010011010010010100011011000011100010000100100011001010100000000000011100000010010000010000000001111100
Cc1ccc2cc(N)c3ccc(C)[n+]4c3c2[n+]1[Cu-3]41[n+]2c(C)ccc3cc(N)c4ccc(C)[n+]1c4c32.O=C1OC(C(O)C[O-])C(O)=C1O,0,01001000001000101001100000000000010111010000000011000001001001011010010110110101110001111001000000011011001101100000000000110000
Cc1cccc2c(=O)c3c(O)cc(O)cc3n(C)c12,1,00000000001001010000011000000100110001010000010000001010001000001010000100000101010000100100000001011000010100010000000001001000
COC(=O)C(CC(=O)c1c[nH]c2ccccc12)c1c[nH]c2ccccc12,0,11000000001000000111000000010100010101110000000100001011001000001000000111000100110000110110000000001000000001000000000100000100
COC(=O)C1=CC(=O)OC1(OO)c1ccc(Br)cc1,0,11100100001101001100000000000000010011110000101000000101001000000001110001010100010010101000000100001000000000000110000000000100
Cn1cc(NC(=O)Nc2cc(C(=O)Nc3ccc4cc(S(=O)(=O)O)cc(S(=O)(=O)O)c4c3)n(C)c2)cc1C(=O)Nc1ccc2cc(S(=O)(=O)O)cc(S(=O)(=O)O)c2c1.[NaH],1,11001000101101000010000010100000010010010000000000000000101101011000111010010100110010100000001000001010100100000010000011000100
N=C(CCSS(=O)(=O)O)NCC(c1ccccc1)c1ccccc1,1,11000100001000010000000000001010000000010010010100000000010000001000111000010100110001100100001000001000000000010001100001000010
COc1cccc(NCC(=O)Nn2c(-c3ccccc3)nc3ccccc3c2=O)c1,0,10100100101011010000000000000000110001110100000100101101001001011111000001010100110000110000000010101000001100000000000010100101
O=[N+]([O-])c1ccc(N=Nc2c(O)c(N=Nc3cc([N+](=O)[O-])cc([N+](=O)[O-])c3O)cc(N=Nc3cc(S(=O)(=O)O)cc4cc(S(=O)(=O)O)cc(O)c34)c2O)cc1,1,11100000001000001110011010000000000100010001001100000010001000111010101110111000110001110000001000111000001110000110001010101010
CCCCCCCCCCCCCCCCCCCCCCCCCCCCCC=C(c1cc(Cl)c(O)c(C(=O)O)c1)c1cc(Cl)c(O)c(C(=O)O)c1.N,1,00000110001000000101000100100000111010110000000011001110100000000010000110100001110000000001000100101000110100100000000100000110
O=S(=O)(O)c1cc(N=Nc2ccc(C=Cc3ccc(N=Nc4cc(S(=O)(=O)O)c5cccnc5c4O)cc3)cc2)c(O)c2ncccc12.[NaH],1,00000000101000001011000001000000000101011000100100000010000110101011100010100100110001110000001000001100000100100110000010100010
Cc1cc(NS(=O)(=O)c2ccc(Nc3c4ccccc4nc4c(C(=O)Nc5ccc(S(=O)(=O)NC(=N)N)cc5)cccc34)cc2)no1,1,10001110001110011001000010000000110001010001000100010100101010011000100101110111110010100000001010001010000100110001101010100100
N#Cc1cccc(C2SCc3nc4ccccc4n32)c1,1,00000100000000010101001000000010011101010000010101010001000000011000001001000000010001100001100000001110110100001000100000110011
COC(=O)c1c(C#C[Si](C)(C)C)c(C#C[Si](C)(C)C)c(C#C[Si](C)(C)C)c(C#C[Si](C)(C)C)c1C(=O)OC,0,10010100001000001100000000000000011010010010001000000001001000000000000001100110000001000000000000001000000000000000000000100110
O=c1[nH]nc(Cc2ccccc2)n1N=Cc1c(O)ccc2ccccc12,1,00001100001000001000001000000000000111110011000100000010011000111011000110110100110011100010001010001000000000000000001000100000
O=S1(=O)OCCOS(=O)(=O)C1(Br)Br,0,01000000001000001000000000000011000010000010000000000010000000000000000010000001010001001000010000100000000000000100000000000000
O=C1C(c2ccccc2)=C(c2ccccc2)C(c2ccc(CCCCCCc3ccc(C4=C(c5ccccc5)C(=O)C(c5ccccc5)=C4c4ccccc4)cc3)cc2)=C1c1ccccc1,0,10000100101000000000010000000000100000000000000100000010001000001000100000000010111000100011000010101000000000000000000100101000
O=c1n(-c2ccccc2)c(=O)n2n1C1C3C4C3C2C2(F)C4C12,0,00010101101000000100010001000100010010010000000100010001001000001101000001000000010001100100000000001000000010110100000000011000
O=C1OC(CCCN2CCCCC2)(c2ccccc2)CC12CCCC2,0,00101101011001111000010000010010000010010000100100001000001001001000000010100010110000100000000000001010000010110000000101001011
CCCCCCCCC=CCCCCCCC(F)C(=O)O,1,01010101101000000100000000100000110011110000000000001010000000000000000000001001100000000001000000010000000000000000000110000100
COc1ccc2[nH]c3c4c(cc(-c5ccccc5)c3c2c1)C(=O)N(c1ccccc1)C4=O,0,10000100101001000001001011000000110000010000000110011011001010101010000001000110010110100011001110001000000100010000000100100000
Cc1occc1C(=S)Nc1ccc(Cl)c(C(=O)OC2CCCC2)c1,1,10101000001010001101000010100010010000110000010101100001101000010001000100010010010000100000110001001010000100100000100100110100
O=c1c2ccccc2[se]n1-c1ccccc1,1,00000110001000000000000001000000010001010000000101100000001000011000000100000100010000100000000000001001000000000100000010000000
CCOC(=O)CCC(NC(=O)c1ccc(Nc2nc3ccccc3nc2C(=O)OCC)cc1)C(=O)OCC,1,11000000001000000101000000111000010001110000000100001001001000011000100001010010110000101000001011011110011100000100110110100100
Cc1cc(S(=O)(=O)Nc2nc(-c3ccc(Cl)cn3)n[nH]2)c(S)cc1Cl,1,11001000101010010101000000000100110000000100100011000000001100010100100000100010010110101010001000001100010100111010001110101001
O=C(Nc1ccc2c(O)cc(S(=O)(=O)O)cc2c1)Nc1ccc2c(O)c(N=Nc3ccc4cc(S(=O)(=O)O)ccc4c3)c(S(=O)(=O)O)cc2c1,1,11100001101001001010000010000001001100010000000000010000100011111010111110110100110001100100001000001000001100000010000010000100
CCOC(=O)Cc1ccc(Nc2nc3ccccc3nc2C(=O)OCC)cc1,1,11000000001000000101000010000000010000110000000100000011001000011000110001010000110000100010001000001110001100010100100110100100
O=C1C(=Cc2cccs2)NC(=S)N1CN1CCCC(CO)C1,0,00001001111000100000000001000111101110010100010000000110111000101000010010001100111100100010001001011000000010010100000000010001
CCCCCCCCCCCCCCCC(=O)Nc1ccn(C2CCC(COP(=O)(O)OCC(COP(=O)(O)OCC3OC(n4cc(C)c(=O)[nH]c4=O)CC3N=[N+]=[N-])OC(=O)CCCCCCCCCCCCCCC)O2)c(=O)n1,1,11001010111010001000001010111010110010110101011010011011101001011110010000010101110111100010011100101011101000111011011101110100
CCc1cccc(C)c1NS(=O)(=O)c1ccccc1,0,10001101001000010000000000000000010000100000000100000000001001011000110000000101110000110000001000001000000000010001001000000100
CC1Cc2c(-c3cc(-c4cc(-c5c(O)cc(O)c6c5CC(C)NC6C)c5ccccc5c4O)c(O)c4ccccc34)c(O)cc(O)c2C(C)N1.O=C(O)C(F)(F)F,1,00000100101000000000100000000110010001011000110100000000010000001010000101100100010100110110000010001011111100001010001000111100
COc1ccc(Nc2nc(NNC(=O)Cc3ccccc3)nc(NNC(=O)c3ccncc3)n2)cc1,1,11010100001001000100000010000100110000010110101110100001100000011011010001110010110000100010000000001010010100010100101000100101
O=C(Cn1ccnc1[N+](=O)[O-])NCc1ccc(F)cc1,0,10110010101100001000000000000000100001010101100101000010000100000100011100110100110000100010000000001000000000100101000000100111
COC(=O)CC(CNC(=O)OCc1ccccc1)OCc1ccc(OC)cc1,0,11000101001001000001000000001000010000010011000100000011000010011111010001000010110000100010001000001000011000100000000000101100
S=C(Oc1ccccc1)SSC(=S)Oc1ccccc1,0,00000100000000000010000000000000000000110000000100100001000000001110000000000000010000100000000001011000000000101000100000000000
CC1C(c2cc(C(C)(C)C)c(O)c(C(C)(C)C)c2)c2cc3c(cc2OC1N1CCOCC1)OCO3,0,00110001110100101000000010000110010100010000010000011010010100100110010110100000010000000010010000101000100100100110000001011101
Cc1c(C(=O)O)c(O)cc2c1C(=O)c1c(O)c(OC3OC(CO)C(O)C(O)C3O)c(O)c(O)c1C2=O,1,01010100001011001001000000000000011000011001000010001001111100000110100110110101111100000000001010101010110110000000000000011100
NC(=S)Nc1nc(S)nc2[nH]ccc12,1,10100000000010010001100010010000000000110000010000000010000000010000100111000100010000100010000101101100000000100001001000100000
O=c1cc(-c2cccs2)ss1,1,00000000101000100000000000000001000110001010000000000000001010101000100000000000011000100000000000001100100100000100000000000001
COc1cc(C)cc2c(-c3c(O)cc(O)c4c3CC(C)NC4C)cc(-c3cc(-c4c(O)cc(O)c5c4CC(C)NC5C)c4cc(C)cc(OC)c4c3O)c(O)c12,1,10000110000000000000100000000111010000011000100000100001011000001011000101100100011100110010000010011011111100001000001001111000
Cc1nnc2n1-c1ccccc1-n1c(C)nnc1-2,0,00100100000010000000010000000000110010011000010100000000001000001000000000000000010000100000000000001000000000000010000000101000
CC(=O)Oc1c(C)cc2c(c1C)C(C)CN2C(C)=O,0,00000000001100010010100000100110110000010010000010000101001010000100000000000100010000000000000000011010000100011101001001011100
Cc1cc(Cc2cc(C)c(O)c(C(=O)O)c2)cc(C(=O)O)c1O,1,00100100001000000000001100000000010010010000000010010000001000000010000110100000110000000010000000001000000100010000000100000100
Cc1noc2c1NC(=O)OC(C)(C)C2,0,00100010101000001010000000000010010010000100100000010100001010000010000000000000000000000010110000001100000000000000001010100000
Cc1cc(O)nc(CNC(=O)Cc2ccccc2)n1,0,10000100001000000100000000000000010000011110000100000000001000011011010000000100110000110010000000001010000100001001000000100111
CCC(C(=O)C(C)C(O)C(C)CCc1ccc(C)c(O)c1C(=O)O)C1OC(CC)(C2CCC(O)(CC)C(C)O2)CC1C,1,01100100101100001000000111111110011011111000011000001000011101000111110111110100110000100011000000111011010000010100010001011100
CC12C(=CC(=O)CC1SCCS(=O)(=O)O)C(C#N)=C(N)N2c1ccc(Cl)c(Cl)c1.[NaH],1,00010000101010001011001001101010011010010000010101010000001100000000100001000000110010101001101001001011111111101010100000110110
Cc1cc(C)nc(NS(=O)(=O)c2ccc(NC(=O)c3ccc4nc5ccccc5c(Nc5ccc(S(=O)(=O)NC(=N)N)cc5)c4c3)cc2)n1,1,10011100001010100001100010000000010001010001001100010100001000011101100001110110110011100000001010011011010100011001101000100100
CCCc1cc(=O)oc2c3c(c4c(c12)OC(C)(C)C=C4)OC(C)C(C)C3OC(C)=O,1,01100111011100101001010010100100011110110010000000100101001000101000110000010010111000000001010000001010000100101011000001110100
CCCCCCCCCCCCCCCCCCNc1nc(=O)n(C2CC(O)C(COP(=O)(O)OCC3CCC(n4ccc(=N)[nH]c4=O)O3)O2)cc1F,1,11001000111010001000000000110011110010110000011010001001101100011110111000000111110010100010011100101010011000011010011101110000
Cn1cc(N)cc1C(=O)Nc1cc(C(=O)Nc2ccc3cc(S(=O)(=O)O)cc(S(=O)(=O)O)c3c2)n(C)c1.[KH],1,11001000101101000011000010100000010010010000000001000100101001011000100010010101110010100000001000001010100100100010000011000100
CCN(CC)CC1CCCCN1CC(=O)N1c2cc(Cl)ccc2NC(=O)CC1C,1,00001000001010011011000011110110110011110000010011100010001101100010000010100010110000111010101010001011100100100100000000110100
COc1ccc(-c2nnc3n(C)c4ccccc4n3c2=O)cc1,0,10000100111011000000000000100010010010011000010110001001001000011011001001000010010000110000010000001000010000000010000011110000
O=C(CC1C(=O)Nc2ccccc2S1=O)Nc1ccc(Cl)cc1,0,11000101001000000001000010000000000010010100001111000110001010111100100000010001110001101010010000101001000010000000000000010101
O=C(Nc1ccc2c(O)c(N=Nc3ccc(S(=O)(=O)O)cc3)c(S(=O)(=O)O)cc2c1)Nc1ccc2c(O)c(N=Nc3ccc(S(=O)(=O)O)cc3)c(S(=O)(=O)O)cc2c1.[NaH],1,11100001101001001000000010000000000100010000000100000000100111111010111010110100110001100100001000001000001100010010000000000100
O=C(C=Cc1ccc(O)c([N+](=O)[O-])c1)CC(=O)C=Cc1ccc(O)c([N+](=O)[O-])c1,0,10000000001010000000000001011001000000010001000000000010001000010011001100011000110000100000000000101000000100000100000001000101
NC(=O)CN(CC(N)=O)C(N)=O,0,00000000001110100001000000001000000000110000000000000000000000000000000000000000101000000000000000000000001000001100000000000110
CCCCCCCCCCCC(=O)OCC1OC(n2cc(F)c(=O)[nH]c2=O)C(N)C(OC(=O)CCCCCCCCCCC)C1O,0,11000000101000001001010010101010010011111010000010000001001101000100001000010001111000100110010000101010011000101001001111010100
O=C(c1c(O)cc(O)cc1O)c1c(-c2ccc(O)cc2)oc2cc(O)c3c(c12)OC(c1ccc(O)cc1)C(O)C3,1,11000100111100101000001000000110010000010100000011000000000000001010100100100110010000110000000000001001010110111010010000010111
Nc1c(S(=O)(=O)O)cc2cc(S(=O)(=O)O)ccc2c1N=Nc1ccc(CCc2ccc(N=Nc3c(N)c(S(=O)(=O)O)cc4cc(S(=O)(=O)O)ccc34)cc2S(=O)(=O)O)c(S(=O)(=O)O)c1.[NaH],1,01000001101000001001000000000010001100110000000001001000000101111000111010110100110001100001001000001000101100001010000010001000
CCCCCCCCCCCCCCCC(O)C[N+](C)(C)CCO.[I-],0,01010000001000000101000000100010010010110000000000000000000000010000000000000001100010000100001000010000000100000000101100010001
CC(C=NNC(=N)N[N+](=O)[O-])=NNC(=N)N[N+](=O)[O-],1,10000000011000000000100000000000010000010101000001000010000010100000001000010000100011010010000000100000000000011100100001000010
O=S1(=O)OCCOS(=O)(=O)C1I,0,01000000001000001000010000000010000010000010000000000010000000000000000010000001000001000000000000000000000000000101000100010000
Cc1cccc(C)c1NC(=S)NNC(=O)NNC(=S)Nc1c(C)cccc1C,0,10000000001000010000000010001001010000010000000000001000001010001001010000000101010000101000000001001000010000110000001000000100
O=S(=O)(c1ccccc1)c1ccccc1,1,00000100001000000000000000000000000100000000000100000000000010011000100000000010010000100000001000001000000000000000000000000000
O=[N+]([O-])c1ccccc1S(=O)(=O)c1cc(Cl)cc2c1NCCC2,1,00001100101010000001001000000010001110000101100111000000000100001000101000111001011110101010001110101000000100000100000000000000
COC(=O)C(Cc1ccccc1)NP(=O)(OC)OCC1OC(n2cc(C)c(=O)[nH]c2=O)CC1N=[N+]=[N-],1,11001110001010001001000010010010110000010110001110011011101001001100000001000001110001100110110110101011100000111010001001010101
COc1ccc(-n2nc3c(=N)[nH]nc-3nc2-c2ccccc2)cc1,0,10000100100001000000000000010000110010010000000100000001001010011011000001110010010010100010000010011000011000011010010010100000
CCc1c(Cc2cc(C)cc(C)c2)n(COCCSc2ccccc2)c(=O)[nH]c1=O,1,11110101001001000000001000010011011000110011000100000001011001001001000010010000110011100010000000101000000100100010101010000010
Cc1cc(N(CCC#N)CCC#N)ccc1C(N=Nc1ccc([N+](=O)[O-])cc1)=NNC(=O)c1cc(Cl)ccc1C(=O)c1ccccc1,0,11100100111000000101001100100101011101010001000111000000001110101111001111110000110001101110000110001010111110110100101000100100
CC(=O)Nc1ccccc1S(=O)(=O)c1ccccc1,1,10000100101000000000000010000000110100010100000100000010000000011001100010000010010000100000001010011000000000000000010001000100
Oc1nnc(O)c2c1ccc1oc3ccccc3c12,0,00100100000010001010010000000000000001010000000100000000000000001010110000000100010000100000010000001100101000001000000000100000
CC(CNC(=O)CCC(N)C(=O)O)C(=O)O,0,11001100001000000011000000011000110000010100000010001100010000000000010000000000100000001000001011010000000000000000000000000101
Cc1cccc2oc3c(CC(=O)O)cccc3c(=O)c12.[NaH],0,10000100001001011010010000100000010001010000000000000000001101001000110001000101110000100000000000001100101000010010000000001100
Cc1cn(C2CC(N=[N+]=[N-])C(COC(=O)C(O)C3(O)CCC4C5CCC6=CC(=O)C=CC6(C)C5C(O)CC43C)O2)c(=O)[nH]c1=O,1,11111011001011001111100010011010110110010100011010010011001101100100000100101010110011100010010000111101110000111100011011110100
COC(=O)c1ccccc1C1CN=NC12Cc1cc(C)ccc1C2=O,0,10010001001000001100000000000011010011011010100101000001001111001000000101000000010010100000000010011101000100000001110000110100
CCCCCCC(=O)COP(=O)(OCC(=O)CCCCCC)OCC1OC(n2cc(C)c(=O)[nH]c2=O)CC1N=[N+]=[N-],1,11001010001010001000000010111010110010110100001010011001001001101110100000000001110011100010010100101111100000111001001101110100
COc1ccc2[nH]c3c([N+](=O)[O-])ccc(Cl)c3c(=O)c2c1,0,10000000001001001001010000100000010000000001100001001001001010001010101001011110010000100010000101101000000100100110000100100000
COC1C(OC(C)=O)CC(=O)OC(C)CC2OC2C=CC(=O)C(C)CC(CC=O)C1OC1OC(C)C(OC2CC(C)(O)C(OC(=O)CC(C)C)C(C)O2)C(N(C)C)C1O,0,11101000011110001010010111010110010111010111000100001111001111000000000101110011111011011000000000111111111110100111000011110101
CCOC(=O)C1C(c2ccc([N+](=O)[O-])cc2)NC(c2ccc([N+](=O)[O-])cc2)C(C(=O)OC)S1(=O)=O,0,11000000101100100101101010001000010001110011000000000001001000000000001001110001110011100010000000001100000000000100000000111101
N#Cc1cccc(Nc2ccccc2SSc2ccccc2Nc2cccc(C#N)c2)c1,1,11000000000000010000101000000001101000000000000101010001000000011000001011000000010000100000000000001011100100001000100001000000
CC(=O)OC1CC2C(C)(CCC3C2(C)CCC2(C)C4CC(C)(C)CCC4(C)CCC32C)C1C,0,00001000011110010100000000001111010010010000011100001001000000000000010010100001000010101000001000100010000000000110001001110110
CC(=O)Oc1ccc(OC(Oc2ccccc2)c2ccccc2)cc1,1,01000100001100000000000010000000010000110000010100100001000000001110010010000010010001100000000000001011000000010000000011000100
CC(=O)Oc1ccc(C=CC(=O)OC(C(=O)O)C(OC(=O)C=Cc2ccc(OC(C)=O)c(OC(C)=O)c2)C(=O)O)cc1OC(C)=O,1,01000110001100000000000001001001010010110010000011101011000010000101010000000010110000100000001000001000000110010100000001000100
S=c1sc2c(Cl)nc(Cl)nc2n1-c1ccccc1,0,00010100000000000001000001000000111100010000000101100110011000111010000001000000010100100000010001001000000000001000000000100000
Cc1ccc(Nc2cccc3c2C(=O)c2cccc(Nc4ccc(C)cc4S(=O)(=O)O)c2C3=O)c(S(=O)(=O)O)c1,1,10000100101000010000000000000001110100010010100000000000001000001000100010000100110100101000001010101000000101000010110000000000
Cn1ccnc1C(c1nccn1C)C(C)(C)[N+](=O)[O-],1,01010000111100000000000000000000011000010001100000000000000001000000001000110101010000000000000000001100000000000110001001100000
CN(N=Cc1ccccn1)C1=NCCN1.I,0,00110000000100000000000001100010010000010100100101000010010000011000100000110000010101100110000110001000000011000110000000100100
O=C1CCCCCCCCCCC(=O)C2CCOCCOCCOCCC1Cc1cccc(n1)C2,0,00101001011100011001000000000010000000000000010000010010101000011100000000101000110000100000000000001001000000010010000001110100
C=CCC1(C(C)Cc2ccc(OC)c(OC)c2)CC(OC)C=CC1=O,1,11010000001010000001010100110010010110011100100100100011101100000000001001000001110000100110011000001000100101000000010001010100
Cc1ccc(C(c2c(O)c3ccccc3n(-c3ccccc3)c2=O)c2c(O)c3ccccc3n(-c3ccccc3)c2=O)cc1,0,11000100101010000000000001000001010001010000010100000000001001001010000001111100010101100010000000001000001100010000000010000001
O=c1c(=Cc2ccc(Cl)cc2)sc2nc(-c3ccccc3)nn12,0,00000100101000100001000001001100001110011000001111010010001000011000000000001010010000101000000010001010010001000100000110100100
CN(C)CCNc1ccc2c(=O)n(CCN(C)C)c(=O)n3c4ccc([N+](=O)[O-])cc4c(=O)c1c23,0,10010000101111100110111000010001111010110011010010000100001100101100011011010100110000110000000000001100000100000100000011100010
Nc1nc(N)c(Br)c(Nc2ccc(Cl)c(Cl)c2)n1,1,10000100000000000011000001100100000000000010010001110000000000010100100001010000010000101000000100001000000100100000000010100000
CC(=O)N(C(C)=O)n1c(-c2ccccc2)n[nH]c1=O,0,00000100101000000000000000000000010000010000000100001000011000011000000001100000010110100010000010001000101001000100001001100100
O=C(O)C12C3C4C1C1C2C3C41I,0,00000100001000000000010000000000000010010000000010000100100000000100000000000000000001000000000010000000001000010101000000010100
COc1ccccc1N1CCCSC1=Nc1ccccc1,1,10101100001000010001010010000110010101010000000101100011000010101000000011000000010001110000010000001110000000010000000101000000
COc1ccc2c(c1OC)C(=O)c1cnccc1C2=O,1,11000100001000000000000100000001010000001010000000100001101000010001100001100100010100100000001010001100000000100000000001100001
CCOP(=O)(OCC)C(C#N)=Cc1cccn1C,1,01000000101000000000001010000000011100110000100000011011000000011000000000000100111000101010000100001010100010000000000001000001
[Cl-].c1ccc([P+](Cc2ccc(C[P+](c3ccccc3)(c3ccccc3)c3ccccc3)s2)(c2ccccc2)c2ccccc2)cc1,1,01000100000001001000001000000000001100000000011100000000000000001000010000100001110001100000010000001000000000000000000010000000
Cc1cn(C2CC(O)C(CN(O)C(=O)NC3CC(n4cc(C)c(=O)[nH]c4=O)OC3CO)O2)c(=O)[nH]c1=O,0,11011000001010001000000011010011010000010001000100000001001001000111000000000000110000000010011000101000110010111101011001010100
O=C1CC(c2ccccc2)C2(C(=O)c3ccccc3C2=O)C(c2ccccc2)C1,1,00000100011000001000000000000010000010001000000100100000001000001000000000000000010000111001010011001001010000100000000000010001
C=C1C2CCC3C4(C)CCCC(C)(C(=O)O)C4CCC3(C2)C1OC(C)=O,1,00001101011100010000010000000010010110010000010000000011100000000000010000001001100000100100001100001010000010000000110011111100
CC(=O)C(=CN1CCNC1=S)C(=O)Nc1ccc([N+](=O)[O-])cc1,0,11000000001000100100001010100110010000010001000001011110001000010001001010110001011000100011010001001000000010000100000001101100
CCOc1ncn(-c2ccc(NC(=S)NC34CC5CC(CC(C5)C3)C4)cc2)n1,1,10000001001010000000000010001010010110111000100100000101100000010000000000010001111010101000101101001000010001100001001000110000
Cc1ccccc1N=Nc1c(S(=O)(=O)O)cc2cc(NC(=O)Nc3ccc4c(O)c(N=Nc5ccc6cc(S(=O)(=O)O)ccc6c5)c(S(=O)(=O)O)cc4c3)ccc2c1O,1,11100001101001001010000010000000011100010000000101000000101011111010111010110101110011110100001000101000001100010010000010000100
CC1OC(=O)N2CCC=CC12,0,00000000001000001001000100001110010000011000110000000000001100000001000010000000011000000000000010011001100000100000000000010100
[N-]=[N+]=N[IH2]1OC(=O)c2ccccc21,1,00000000001000001000000010000001010000000100001100000001001000001000000000010000010001101100000010011001010010000000100000000000
N=S(=O)(c1ccccc1)c1ccccc1[N+](=O)[O-],1,00000100101000000000000000000000000010000011000110000000000000011000101100011000010000100001001010101000010000010100000000000000
N.O=C(O)c1cc(Cc2ccc(O)c(C(=O)O)c2)ccc1O,1,00000100001000000000001100000000011000010000000010010010000101000011000110000000110000100010000000001000000100000000000000000100
COc1ccc(C(=O)Nc2ccc(S(=O)(=O)c3ccc(NC(=O)c4ccccc4SSc4ccccc4C(=O)Nc4ccc(S(=O)(=O)c5ccc(NC(=O)c6ccc(OC)cc6)cc5)cc4)cc3)cc2)cc1,1,11010000001001000001000010000001010100010000100100000101001010011010100101010011010000100000001000001010010000000000100001000100
CCC1C(C)C=CN1c1nc(N)nc(NS(=O)(=O)c2cc(C)c(Cl)cc2S)n1,1,10001000101010010001000111000100110000110100101011000101001100010000100000000000110000011000001000011100110100110000001110111100
O=c1c2cc(Br)ccc2oc2ccc(Br)cc12,0,00000100001001001010000000000000000000000000000000000010001000000010100000000100010000101000010100001000000100001000000000000010
CC1(c2ccccc2)Oc2ccccc2-n2cccc2C1=O,1,00101100001000011000100000001000110010010000100100001000001000001000000101000110010000100000110100011000010000010100000000100000
Clc1ccc(C=NN2CCCCCC2)c(Cl)c1,0,00101000000000000001000000000010100001110000000011000010010000000111000011000010010001101000000010001000000100100000000010000000
O=C(NNC(=O)c1ccccc1S)c1ccccc1S,1,11000000001000010000000000000000000001010100001100000000000000001000000100000000010000100001000000001110010000000000000000010100
CCCCCCCCCCCCOS(=O)(=O)O.[NaH],0,00000000001001100100000000100000010010110000000000000001000100000000100000000001100000000001001001000000000000000000100100000100
C[n+]1c(-c2ccc(C=NNc3ccnc(NN=Cc4ccc(-c5cn6ccccc6[n+]5C)cc4)n3)cc2)cn2ccccc21,1,10000000100010100001000011010000110000010010101100001110000110011000000000110101111001100010000110001000000001000111000001101000
COc1cc(CO)c(C2OC(CO)C(O)C2O)c(OC)c1,0,11001000000001001001000000000010010001010000000010101001000100001010010001000001111000000000001000101000010110001000000001010001
O=[N+]([O-])OC1CCCC(O[N+](=O)[O-])c2c1[n+]([O-])c1ccccc1[n+]2[O-],0,00001000011000000000000000000010001000010001010100000001010000001010001000010001010010110100000100011000000010000100100000010000
CC1(C)CCc2ccc(OCCC#N)cc2O1,0,00100000001001001000001000000110011010100000110000000001000010010110000000100010110010100000010000001000100110000110100000100000
Cc1ccc(S(=O)(=O)n2cc(C=CC#N)c(-c3cn(S(=O)(=O)c4ccc(C)cc4)cc3-c3cn(S(=O)(=O)c4ccc(C)cc4)cc3C=CC#N)c2)cc1,0,10000000001000000000001000010101111000011001000001000110001000110111100010010000110000110000001010001000100100000000001100100000
CC(=N)C(C#N)C(=S)S,0,01000000000000000000001000000100011000010000000010000010000000000100000000100000100100000100000001000101100000111000000001000000
O=c1oc2ccccc2c(O)c1Cc1cccc(Cc2c(O)c3ccccc3oc2=O)c1,1,00000000001000011100001000000000000001010110000111000000001010001011100000100100110000100010000000001000100100101010000000000000
COc1cc(-c2ccc(N=Nc3ccc4c(S(=O)(=O)O)cc(S(=O)(=O)O)c(N)c4c3O)c(OC)c2)ccc1N=Nc1ccc2c(S(=O)(=O)O)cc(S(=O)(=O)O)c(N)c2c1O,1,10000000101010000111000000000000010110010000001001100001000001101010111101100100110011110000001000001000000100000010100011000010
Nc1nc(-c2ccccc2)nc2nc3c(nc12)-c1cccc2cccc-3c12,0,00000101100000010001011000010000000001001000000101010000000010011001001000000000010001111000000010001000010000010001000100100010
CC12CCC(=O)N1c1cnccc1N2,0,00000000101010010000000010000010010010110000000000100000101000100001000001101000010000100010000000001000101000000101100010100001
CCN(CC)CCN(C(=O)c1ccc(F)cc1)c1ccccc1N,0,00110110101000110001000000000001010010110000000101001000000101001000010000010000111000100010000000101000010010100100010100010100
N#Cc1c(N)n(-c2nc3ccccc3s2)c(=O)c2cc([N+](=O)[O-])ccc12,0,00000000001000000101101000000010011100010001010101000000001000011110011001010100010011100000000100001010100100011101010010100000
Oc1cccc2cc(Cl)cnc12,0,00000000001000010001000000000000000000010000100001000000000010011010000100001000010000101001000000001000100100000001000100100001
O=c1c(Cl)nsnc1Cl,0,00000000001001000001000000000000100100000000100001000000001000000000000000000000000100000000000000001000100000100000000000100000
Nc1ccc(C(=O)Nc2ccc(C=Cc3ccc(NC(=O)c4ccc(N)cc4S(=O)(=O)O)cc3S(=O)(=O)O)c(S(=O)(=O)O)c2)c(S(=O)(=O)O)c1.[NaH],1,10000001101010001001000010100000000000010000000001000010101100010101100101010001110000100000001000001010000100000010100110101100
OCC12C=CC(C1)c1ccccc12,0,00010100000101000001000000000010000010010000010100001000000111001000000000000000111000100000001000101000000000000001010000011001
O=[N+]([O-])c1ccccc1Sc1ccccc1,1,01000100011000000000000000010000000010001001010100000000000000001000101000011000010000100000000000101000000000000100100001000000
O=C(Nc1cc(C(=O)Nc2ccc(C3=NCCN3)cc2)cc(C2=NCCN2)c1)c1ccc(C(=O)Nc2cc(C(=O)Nc3ccc(C4=NCCN4)cc3)cc(C3=NCCN3)c2)cc1,1,11011000101000000000000010010010010000110000000001100100011000010000100001111000010110100110000000001110010100000100000100100100
COC(=O)C1(C(=O)OC)N=C(C)OC1c1ccccc1O,0,10010000001000101000000000000000010010010000100100000001001000001110101101000001010000100000000000001010000000100001000010111100
O=C(Nc1ccc(S(=O)(=O)c2ccc(NC(=O)c3ccc(N=Nc4cc(S(=O)(=O)O)c5cccnc5c4O)cc3S(=O)(=O)O)cc2)cc1)c1ccc(N=Nc2cc(S(=O)(=O)O)c3cccnc3c2O)cc1S(=O)(=O)O.[NaH],1,10000000101000001011000010100000001101011000100000000100001110111011100100110111110001110000001000001110000100000010000010101110
CCOC(OC1=C(C#N)CCC1)C(C)[Se]c1ccccc1,1,01101100010000000100001111010010011000101100000100000001010010001000000000100000110001100110100110001000100000011100000100001001
CC1=C(C(=O)NC(CC(C)C)C(=O)O)N2C(=O)C(NC(=O)C(N)Cc3ccccc3)C2SC1,0,11110100001000000011000000010010010100011010100100101001011001001000001001100001110000101111000010001010010000000100010101010101
Cc1ccc(N=Nc2c(C)nn(C(=O)CC(=O)Nc3ccccc3)c2C)cc1C,0,11000100001000001000000110010000011110010100000110000100001000111000000000101000110001100000100000001011001100111100000101100100
CC(=O)Oc1c(C)c2c(c3ccccc13)OC(C)(C)C2,0,00100000011110101000000000100010010011010000100100001101001000001100000000100100010000100000010010001000010000010000000001101100
Cc1cccc(N2C(=O)C(=O)C(c3nc4ccccc4s3)C(=O)C2=O)c1C,0,01000000001001010001101001000000111100010010010100000000001000011100000001000111010010100001000000001000000000010000010000111000
CN1CCN(Cc2nc3c(s2)CCc2sccc2-3)CC1.Cl,0,00100000000000101000000000000011011100111010000100000000010100010001000010100001110010111000001011001100000000000000000001100001
COc1ccc(S(=O)Cc2ccc(C(=O)O)cc2[N+](=O)[O-])cc1,0,10100110001001000001010000100000010000010001000000000001000000010010011011011110110000100000000001101000110100100110000000100100
CC(C)N(C(=O)C12C3C4C5(C(=O)O)C(C1C35I)C42C(=O)O)C(C)C,0,01000100011100000000110000011000110010010100000000000000100000000000101000000100000000010000010000000000000000000111010000010100
Nc1ncnc2c1ncn2C1CCC(COP(=O)(O)O)O1.[LiH],1,01001000111000001011000000010010100010010000111011011001100010001110000100000000110000000000000000001110010000011000110000110100
CC12CCC3C(CCC4C(=O)c5[nH]ncc5CC43C)C1CCC2O,0,00000001001100001100110000010011010010110010110000100000001100001000010100110101010010001010000011001000010000100000000110110001
CC(CCC=C(c1cc(Cl)c(O)c(C(=O)O)c1)c1cc(Cl)c(O)c(C(=O)O)c1)C1CCC2C3CCC4CC(F)(F)CCC4(C)C3CCC12C.N,1,01001111101010001111000100010111011010010000110011101110000010000010010110100000110000000001000100111000110100100101000000110110
Cc1ccc(S(=O)(=O)O)cc1.c1ccc2[nH]c3[nH]c4[nH]c5ccccc5[nH]c4[nH]c3[nH]c2c1,0,10010000001000000000000000000001010000010010000100100000001000011000100010010000110000100010001001001000000100010010000100000001
O=C(CC1C(=O)Nc2ccccc2S1=O)Nc1cc(Cl)ccc1Cl,0,11000101001000000001000010101000000011010100000111000110001010101100100010000001110011101010010000111011000110100000000000010101
CCOC(=O)c1cc(C(=O)c2ccccc2)n2nc(-c3ccc(Cl)cc3)ccc12,0,11000100111000000101000000101000110010110000011111010001001100001100000100000000110010101001000000001100110100010000010100100100
Cn1cc(NC(=O)Nc2cc(C(=O)Nc3cc(C(=O)Nc4cc(C(=O)Nc5ccc(P(=O)(O)O)c6cc(P(=O)(O)O)ccc56)n(C)c4)n(C)c3)n(C)c2)cc1C(=O)Nc1cc(C(=O)Nc2cc(C(=O)Nc3ccc(P(=O)(O)O)c4cc(P(=O)(O)O)ccc34)n(C)c2)n(C)c1.[NaH],1,11011000001100000000100110001000010010010000001000010000101100011000011110000100110010100000000000001010100100001000100011111100
CC(C)C(N)S(=O)(=O)O,0,01000000001010000011000000010000010000010000000000000000000000000000100000000000100001000000001000000001001001000000000001000000
COc1ccc(Br)c2c1CC(C(=O)O)CC2,0,10000100001010000000000100000010010001010000010000100001000000000100000001100010010000101010001100101001010000000000000011010100
O=C1CC(=O)n2cnc3cccc(c32)N1,1,00010000001001010000001000001010110010010000100000001000001000101000000001000010010000100010000000001000100000100000000000100000
COc1cccc2c1C(=O)c1c(O)c3c(c(O)c1C2=O)CC(O)(C(=O)CO)CC3OC1CC(N)C(O)C(C)O1,0,11100000001110011001000100000110011010111010101110101001011001001010101001111101111100101000101010101100010000011000100001010100
CN(C)c1ccc(C=Cc2ccnc3c(O)cccc23)cc1,0,00000000001100010001000001010100010011010000100000000010000010001111000110100100010000100001000001011000000000100100100000100000
COc1ccc(OC)c(N=Nc2cc(OC)c(N=Nc3c(O)nc4ccccc4c3O)cc2Cc2ccccc2C(=O)O)c1,0,11000100001001000011011100000000010101010000100100101001000001011010011111110110110101110110001001001000001100000000000101100100
COc1ccc(N2C(=O)C(=Cc3ccc(N(CCC#N)CCC#N)cc3C)N=C2c2cc([N+](=O)[O-])ccc2Cl)cc1,0,10000000101001100101111111100111011000010001000001000011001000011111001011011110110000100110000110011000111110110100100000110000
O=c1nc(-c2ccccc2)c2c3c(cccn13)CCC2,0,00001100101000100000000000001010100000010100100101000000001000011001000000100110010010111000000110001000110100010000000000101000
Cc1cc2ccc([N+](=O)[O-])cn2c1,0,00000001001100000100001001001001010001010001000000000010001100000000001000010000110000100000000000101000000100000100000000100010
NS(=O)(=O)c1ccc(NC(=O)c2ccc3nc4ccccc4c(Nc4ccc(S(N)(=O)=O)cc4)c3c2)cc1,1,10010100001000100001100010000000010001010000010100000100001000011100100101110110010000100000001000011010010100000000100000100100
O=C(c1ccccc1)C1CSS(=O)(=O)C1c1ccccc1,1,00000100011000000000000000000010000110011000000100100010000110001100000000000001010001100000000000001001010100000001000001010101
CCOC(=O)COc1ccc(CC(NC(=O)OC2CCOC2)C(O)CN(CC(C)C)S(=O)(=O)c2ccc(N)cc2)cc1,1,11010000001110001001000000110010110100110010110111100011001000010010110000011011110010100110001100011011001101100100010111010100
Cc1c2ccccc2n[c-](CN2CCCCC2)[n+]1=O,0,00101000001000100000010000000010010001010000000110000100011000101000000011000111110001100000001000001101100000000100000000110001
COc1ccccc1N=Nc1c(S(=O)(=O)O)cc2cc(NC(=O)Nc3ccc4c(O)c(N=Nc5c(N)ccc6cc(S(=O)(=O)O)ccc56)c(S(=O)(=O)O)cc4c3)ccc2c1O,1,11100001101001100011000010000010010100010000100101101001100011011010111011110100110001110100001000101000001100000010100011100100
N#Cc1cc([N+](=O)[O-])ccc1NC(=O)C(=NN)C(C(=O)c1ccc(Cl)c(Cl)c1)C1OC(=O)c2ccccc21,0,11110001001000001111101110100000011000011001000101000000011000001000111010010000110001111001001010001010111110101101000000110100
CCOc1ccc(N=Nc2ccc(C=Cc3ccc(N=Nc4ccc(OCC)cc4)cc3S(=O)(=O)O)c(S(=O)(=O)O)c2)cc1,1,00000000101000001000000000000000011100110000100100000011000000100111110001100010110001100000001000001010000101000010100000001000
O=C1c2ccccc2[Se](=O)N1c1ccccc1,1,00100100001000000100000001000000010100010000000100010000001100001011000000000000011000101000010010001000000000110000000000000000
CCOC1N(C2CC(N=[N+]=[N-])C(CO)O2)C(=O)NC(=O)C1(C)Br,1,11111010011010111001000000000011110010110100001010010011001001100000000001000000100001101010001000101001000010000000000000110010
CSc1ccn(C2CC(F)C(CO)O2)c(=O)n1,1,01001000101010001000000000010110110000010000000100000001001110010100000001001100110000100100001100101000000010000010100010110001
CC(=CC(=O)OCCCCCCCC(=O)NC1CCCNC1=O)C(O)C1OCC(CC=CC(C)C(C)O)C(O)C1O,1,11111000001001011001001000011111011000010100010011101011001000001000001101101001100010001011000011111110011000010001111101011100
Nc1cccc(N=Nc2c(S(=O)(=O)O)cc3cc(NC(=O)Nc4ccc5c(O)c(N=Nc6cccc(N)c6)c(S(=O)(=O)O)cc5c4)ccc3c2O)c1,1,11100001101001011001000010000000001100010000000001000000100011111010111000111100110001100100001000001000001100001010000010000100
COc1cc2c(c(OC)c1OC)-c1oncc1CC2,1,11011010010000001001000100000010010000000000100000100001100000010000000001100100010110000000000000001010000110010000000011100001
CCOC(=O)c1sc(C(=O)O)cc1-c1cccs1,1,00100100001001100101000000010001011100110110000000000001001000101000010010000000110000101000000010001000000100000100000100000101
Cc1ccc(S(=O)(=O)NN=C(c2ccccc2)c2ccsc2C)cc1,0,10000100001000100100000000000001011100010010010100000000111010011100101101010000010001101000001001001000010100000001001000000000
CNC(C)C(N)c1ccccc1.O=C(O)C(O)C(O)C(=O)O,0,11010100001100000011001000110000010000010000010100001000000000001000000000000000010101101000110000011000010000000001000000000100
O=C(O)CSCc1cc(C(=O)Nc2ccc(C=Cc3ccc(NC(=O)c4cc(CSCC(=O)O)c5cccnc5c4O)cc3S(=O)(=O)O)c(S(=O)(=O)O)c2)c(O)c2ncccc12.[NaH],1,10010100101010000001001010000000000001010000100000000010111110011111110111110101111000100000001000001010001100000011100000101100
Cc1cn(C2CC(N(C)O)C(CO)O2)c(=O)[nH]c1=O,1,11001000001110001000000010010010010000010000000010000001101001000100000000000001110000000010011000101000100010110101001001010000
Cc1cn(C2CCC(COP(=O)(OCC(=O)C(C)(C)C)OCC(=O)C(C)(C)C)O2)c(=O)[nH]c1=O,1,11001000101000101000000010000010110000010000010010001101101001101100000000001000110010100010010100001010100000111010011001110100
O=C(NN=Cc1ccccc1)c1c(F)c(F)c(F)c(F)c1F,0,10000100101000100000000000001000000001010000000100000110000100101000000011110000010001100000000010001010000000000100000000000100
CC(=O)OC1C(OC(C)=O)C2(C)C(C(OC(C)=O)C3C2C(C)C=C2OC(=O)C(C)(O)C23C)C2C(O)C(=O)C3CC4OC4C(OC(C)=O)C3(C)C12,0,01110100011111101010101011010110110011010010010010001011001000000100000100001010010110101000010000011010010000010100010001110101
CC(Br)C1CCC2c3[nH]c4ccccc4c3CCN2C1,0,01000000000010110001000100111010110001010000010100000000001010101000000010100100011100101010000000011000010000000010000100110000
CC(=O)Nc1ccc(C(=O)NN2C(=O)C(Cl)C2C=Cc2ccccc2)cc1,1,11010100001000000011001010000000010000011000000100000110101000011101000001011010010000100000100000001010010100100100011001010101
Cc1cc(Cc2cc(C)c(S)c(C(=O)O)c2)cc(C(=O)O)c1S.N,1,00100100001000010000001100000000011000010000001000010000001000000000000110001000110000000010100000001100000100010000000100000100
COc1ccc(C=C(C#N)c2ccc([N+](=O)[O-])cc2)cc1OC,1,11000000001010000100001001000000011110110001000000100011000000000000011001010000011000100010011000001000110100000101000001110000
CCN(Cc1cccc(S(=O)(=O)O)c1)c1ccc(C(=C2C=CC(=[N+](CC)Cc3cccc(S(=O)(=O)O)c3)C=C2)c2ccccc2)cc1,1,00000101011000110000000110000000010110110011001100001100000000011100100010000000110000101010001001011000010100110110000011010000
O=C1OC2C=CCC1C2,0,00000000001110001000000100000010000000000000010000000000001100000000000000000000110000100000000000101000100010100100000001011000
CCOP(=O)(OCC)C(C#N)=Cc1cccn1CC(C)C,1,01110000001000000000001010010000011100110000100100011011000000011000100000000100111000100010000110001010100010000000000000000001
O=C(CSc1nnc(Cc2ccccc2)o1)Nc1ccc(Cl)cc1Cl,0,10000100001010001001011010001000100001010110010111000100010000001000100010000000110101101010100000101000000100100000110010110100
Br.CCOC1CN(C)C(=Nc2cccc3ccccc23)S1,0,00010000011000010010000100000110010101110000000100000101000100111000001000000110110001100000000000111000000000010000000001010000
C=CC1(C)CCC2C(=CCC3C(C)(COC4OC(CO)C(O)C(O)C4O)C(O)CCC23C)C1,0,01000000001001001000111000000011010010010111110100111011010101000000010000000111111001101000001000101000010011000000010010110001
OCCN1CCN(CCCN2c3ccccc3Sc3ccc(C(F)(F)F)cc32)CC1,0,01001000110001010000010000000010000110010100010101000100000000101100000010101100110000100100001000101000100110010010000101001001
C#CCSc1nnnn1-c1ccc(Br)c(C)c1,0,01010001000010100001010000000000011010110001000000000000001010000100000001000010110001101000000101001000010110010010100100100000
C[n+]1c(-c2ccc(C=NNc3n[nH]c(=S)n3NN=Cc3ccc(-c4cn5ccccc5[n+]4C)cc3)cc2)cn2ccccc21.[Br-],1,10000000110010100000000011000111110000010010000100000110000110101100000010110101111011100010000111001000000011000101000001101000
O=S1(=O)OCCOS(=O)(=O)C1(I)I,0,01000000001000001000010000000010000010000010000000000010000000000000000010000001000001000100000000010010000000000101000000000000
Cc1ccc(S(=O)(=O)c2ccccc2[N+](=O)[O-])cc1,1,10000000101000000000000000000001010110000001000110000000001000011000101000011011010000100000001010111000000100000100000000000000
Cc1cc(S(=O)(=O)Nc2nc(N)nc(N3N=CCC3C)n2)c(S)cc1Cl,1,10001000101000110001000101000111110000010101101001001100001000010000100000000000110000101000001100001100110110110000001110111100
Cc1nc(Cl)c(Cl)c(Cl)n1,0,00000010000000000001000000000100010000000000000101000000001000010000000000000000000100000000000000001010000000000001000000100000
Oc1ccccc1C1C=C(c2ccccc2)NC(N2CCCCC2)=C1c1nc2ccccc2[nH]1,0,01111100110001000100101100000010010010011000001110001000000000011110000111000011011010110110100010101000000000000001000100110000
Cc1cc2c(c(C#N)c1C)NC(=O)CN=C2c1ccccc1F,1,01000001101000000000001000000010011010010100010110000000001100001011000000000000010011101010100011001010100110011100001000101011
CC(C)CCCC(C)C1CCC2C3CCC4CC(OP(=O)(O)OCCC=C(c5cc(Cl)c(O)c(C(=O)O)c5)c5cc(Cl)c(O)c(C(=O)O)c5)CCC4(C)C3CCC12C.N,0,11010111101011001111001100010111011010010001011011101111000010001010110110100000110010100001000100111010111100100101010100110110
COc1ccc(C(=O)C=Cc2ccc(OCCCCCCCCCCOc3ccc(C=CC(=O)c4ccc(OC)c(OC)c4)cc3)cc2)c(OC)c1,0,10010000001111000000000001001101010000010000100001101011000000000011000101000010110000100000011001001010010100100100000101010100
CC1=CC2OC3CC(OC(=O)C=CC=CC(OCCC4=CC(=O)OC4)C(C)O)C(C)(C2(CO)CC1)C31CO1,0,01000100011011001001001011010111110011111000000111010011011110100010000010110001110010001011001111011010101001001010000001111100
Cc1cn(C2CC(N=[N+]=[N-])C(CO)O2)c(=O)[nH]c1=O,1,11101010001010001000000010010010110000010100001010010001001001000100000000000000110001100010011000101001100010110000001001010000
CC(=O)OC1C(C)CC2C(C)COC3(C)CCC=C(C)CC4OC3C2C41,0,01011000011110001010010001010110010010110000010010001001001100000001100000010010010000100100100000001011000100100100010001111101
CCNC(=Nc1cccc(C2=NCCN2)c1)c1ccc(C(=Nc2cccc(C3=NCCN3)c2)NCC)cc1,1,10001001100000010000000000000010010000110010000001000100010000101000110001100100110101101110000010001000010100000100000001101000
CC=CCOc1cc(NC(=S)c2ccoc2C)ccc1OC,1,10000000000010001001000010011000010100110010100001100011101000010001000101011000110000100000111001001000000100100000101001000000
CCC1(CC=C(C)C)Oc2ccccc2-n2cccc2C1=O,1,00100000001000011000100010001000010010110000001100001010001010001000000111100110110000100000110100001010010000010100000001010000
Cc1cn(C2CC(N=[N+]=[N-])C(COC(=O)CCCCCCCCCCBr)O2)c(=O)[nH]c1=O,1,11001010001010001001000010011010110001010100001010010001001001000100000000000000110001101010010000101001111000111001001101010100
OC1(c2ccccc2)CSc2ncnn21,1,00101100000000010000010000000110000110010001110100000000100000001000000010100001010000100000001000001000010100000000001000100000
Cc1c(Cl)cccc1NC(=O)CC1Sc2ccccc2NC1=O,0,10000101001001010001000010101000110110010100100111000100001000101000000010000010110000100010000010001000000010100000000010011100
O=C1CC2C(c3ccc(Br)cc3)C3C(=O)c4ccccc4NC(=O)C3C2(O)c2ccccc2N1,0,00100101001101100000110000100110000010010010000101001000001010101000000000000000011000101110000110001001010001100100001100011001
CC1=NN(C(=O)CC(=O)Nc2ccc(C)cc2)C(=O)C1N=Nc1ccc(S(N)(=O)=O)cc1,0,10000100001000010001000010000001010110010100010100010100001000110100100110111000110001110001101000001000000100001100000000110100
Cc1ccc(S(=O)(=O)SCC=CCSS(=O)(=O)c2ccc(C)cc2)cc1,0,10000000001000110010000000000011010000000000000010000010001000010000110000011000110001100000001000001000001100000000100000000000
C[Sn]1(C)OC(=O)CCN=Cc2c(ccc3ccccc23)O[Sn](C)(C)OC(=O)CCN=Cc2c(ccc3ccccc23)O1,0,00000101101100001010000100100010010001100000000100000000011000111000000101110100110000100100110000001000000000100100001000100000
Cc1nn(C(=O)Cc2ccccc2)c2c1C(c1ccc([N+](=O)[O-])cc1)SC(=N)N2,1,01000110001110000100101000011000011110010011000100000010001000001000011001010001110000100010100000001001000000111100000000110101
CC(C)C(N=C1CC2CCC1(C(=O)Nc1ccccc1O)C2(C)C)c1ccccc1,1,11000100001000011000000010010011110010010000010100000010100000111110000110000000010001100101000000001001011001000000000000111100
N#Cc1c(-c2ccc(Cl)cc2Cl)nc2[nH][nH]c(=S)n2c1=O,0,00010010011000000011101000000000001011011000000011000110011010010001000000001000010001101010000011001010100100101000000010100001
CC1=C(CC=Cc2ccccc2)C(=O)c2ccccc2C1=O,0,01000100001000000000100000000000010000001100000100000010001000001101111001001000110000101001000010001000000000110100000000000000
Cc1cc(C)nc(SC(F)(F)c2nc3ccccc3o2)n1,1,00000000100000001000000000000000010100000000010100000000001000111001101001000000010010101000000000001011100100011010100000100010
CCN(CC)C(=O)c1cccc2c1OCO2,0,00000000101000111000000000000010010010110000000000000000010000001000010101000000111000100001000000001000001000001100100000000100
O=C(OCCc1ccccc1)c1cc2ccc(O)c(O)c2cn1.O=S(=O)(O)O,0,00001100011001000101010000000000000000010010100100010001100001011011100100110100110000110011001000001001100100000010000000100101
COc1ccc2c(c1)c(=O)c(C(=O)O)cn2CCCOc1ccc([N+](=O)[O-])cc1,0,11000100001001000100001100000000010000010001110110001001001011000110011111010110110000100000010100001110000100001100000101100100
Cc1nc(-c2ccc([N+](=O)[O-])cc2)cn2c1nc1ccccc12,1,11000100101000000100011000000000110010010001010101010000001000011000001001010000110110100110100001001100000000000100000000100000
CCCC[N+](CCCC)(CCCC)CCCC.O=S(=O)([O-])ON=C1c2ccccc2-c2ccccc21,0,00010000001000000100000000100110011010100010000100000001000000101011100000010001111001101100001010001000000000000000010100110000
O=C(c1ccccc1F)c1c(NCc2ccccc2)c(=O)c1=O,1,10000100111001000100101000000000000000110010000110010000001100001000000100100000110010100010000000001000000000000000001100000111
CN1C(C)(c2ccccc2)c2ccccc2S1(=O)=O,1,00001100001000000000100000001000010010010000100100001000000010011000000000000001010101101000101000101000010001000000000001100000
CC(C)=CCN1Cc2c(Cl)ccc3[nH]c(=S)n(c23)CC1C,1,00000100010000000101000000100110110000011000011001100110000011001000001000000000111000101010001101011010011000100001000101010000
CC(C)C(OC(=O)c1cc(NC(=S)c2ccccc2)ccc1Cl)C(C)C,1,11000101001000000101000010110000010000010000000101100101100010011100010100010010010000100000010101001000010101100000101000000100
Cc1cc(S(=O)(=O)Nc2nc3ccsc3c(=O)n2N)c(S)cc1Cl,1,11011000101010110001000000000101111100010110100001000000001000010100100001010101010100100000001000101100000100110000001110101000
COCN1C(=O)C2CCCN2C(=O)c2ccc(Cl)cc21,0,00001100001000010011000010000010110101011001110011000001001000100000000011001000110010111000000010011001010101010000100000110000
N#Cc1cccc(C=C2C(=O)c3ccccc3C2=O)c1,0,01000000101000010000011001000000001000000000000101000011001000001000101001000000010000101000000010001010100100001100010000000000
COc1cc2cc[n+]3c(c2cc1OC)C(=O)c1ccccc1-3.OS(O)(=[OH+])=[OH+],0,10000000001000000000000010000001010010010000010100101001001000011111100001001101110000101000011010001110000100101000001011000000
CC(C)CCCC(C)C1CCC2C3CCC4CC(CCCC(c5cc(Cl)c(O)c(C(=O)O)c5)c5cc(Cl)c(O)c(C(=O)O)c5)CCC4(C)C3CCC12C.N,1,01010101101010001111001100110111011010110000010011100001000010011010110110100000110001001010000000011000111100100101000101110110
O=C(O)c1c(O)ccc(N=Nc2ccc(CCc3ccc(N=Nc4ccc(O)c(C(=O)O)c4O)cc3S(=O)(=O)O)c(S(=O)(=O)O)c2)c1O.[NaH],1,00000100101010001010000001000000001100110000000000000000100100100011110110100100111001110001001000001000100100001010000000001110
COc1ccccc1NC(=O)C(Cc1nc2ccc([N+](=O)[O-])cc2nc1O)=NNC(=O)C[N+](C)(C)C.[Cl-],0,11101000001000000100101010000010110000010101100100101011001110111110011011110000110011100000000000001100011100100100100001100100
CN1CCc2cc(O)c3cc2C1Cc1ccc(cc1)Oc1cc(ccc1O)CC1c2c(cc4c(c2O3)OCO4)CCN1C,0,00110000100100101010100100000010110001010000000010010000110100000111111110110100010010110011000110011011010110001101000001011000
O=S1(=O)CC(N2CCOCC2)C2=C(O1)c1sc(-c3ccccc3)nc1CC2,0,00000100111100101000100000001110111100010000001111001010001000111100000010100101010001100110000010001000000000001000000100110100
ClCCl.O=c1c(N(CCO)CCO)cn(C(c2ccccc2)(c2ccccc2)c2ccccc2)c(=O)n1C(c1ccccc1)(c1ccccc1)c1ccccc1,0,00010101011010000001000100001001010000010000000100000000001011001000000000000000110001100101001001101000100001011110000010010000
Cc1cccc(N2CC3CC4C=CC3(C2)O4)c1,0,00000000010010011001001101000011010010010000001001010000011100001010000000000000010000110010000000111000000100001000011000010000
CCCCc1ccc(-n2sc3ncc([N+](=O)[O-])cc3c2=O)cc1,1,00000000001001000100010000100000010100110001110000000010001010000000001010010101111001100011000000001100010100000100010110100001
O=C(N=NC(=O)N1CCOCC1)N1CCOCC1,1,00000100011100001000000000100010010000010000000000000010000000010000000010000000000001000100010000000000000000000000000000000100
CC(=O)N1C(=O)C(C)(C2=CC(=O)c3ccccc3C2=O)c2ccc(Br)cc21,0,01000100001011010011100000000000010010010001000100000010101010001010100010000100010010101001000110001000000100000000000001101111
Cn1c(=O)c2nccnc2n(C)c1=O,1,10010001001000001001000000000100110000010000100100001000001010000000000000100000010000000000001000001000001000000000000011100000
O=C(O)c1cc(N=Nc2cc(S(=O)(=O)O)c3cccnc3c2O)ccc1C=Cc1ccc(N=Nc2cc(S(=O)(=O)O)c3cccnc3c2O)cc1C(=O)O.[NaH],1,00000100101000001011010100000000001101011000100000010010010110101111100111100100110001110000001000001100000100000010100010100110
CC1(C)COC(c2ccc(C(F)(F)F)cc2C(O)c2ccc3ccccc3c2)=N1,0,01000001110000001100000000000010010010011110010100000000010001011010010010010011110001100000000010011000000111000010111000100000
CCOC(=O)c1cc(-c2ccn(C(C)=O)c2)c(-c2cc(C)co2)[nH]1,1,10000010101100011101100001010001010010111010000000000001011000001000100000000100110000100010000010101010011100000000000101000101
O=C1C(O)=C(CC=C(Cl)Cl)C(=O)c2ccccc21,0,01000100001010000101000000000000010000010000000100000010001000011011111000000000110000101000001110001000000001010000000000000000
O=C(O)c1cccc(OCCOc2cccc(C(=O)O)c2[N+](=O)[O-])c1[N+](=O)[O-],0,00100100001001010000000100000000000110010001100000100001000000001000001110010000110000100000000000001000000000100100010000000110
COc1cc2oc(-c3ccc(O)cc3)cc(=O)c2c(OC)c1OC,1,10010000101100001000000010110001010000010000000000100001001000011010100001000100010000100000000011001000010100000010011001000000
CCOC(=O)CC(SP1(=S)OCC2(CC=CCC2)CO1)C(=O)OCC,0,01001000001000001011000000100010010010110110010000000001101001000000001010000000110010100100010011000000101000010101100011010100
Cc1ccsc1C(=S)Nc1ccc(Cl)c(C=NOC(C)C)c1,1,11000001100001100001000010111001010100110111000001000011101000010100000000010000010001100000010011001000000100111100100000000000
O=C1Nc2ccccc2Sc2ccccc21,1,00000000001001010000000000000000000110000000000101000100001000101000001000000010010000101011000010001000100000000000000001001000
O=C(O)c1ccccc1C=C1Cc2ccccc2C1=O,0,00000100001100000000010101001110000000110001100110000010011000001100100110000000010010101000000010001100000000000000000000000100
COc1cc(N=Nc2ccc(S(=O)(=O)O)cc2)c(C)cc1N=Nc1cc(S(=O)(=O)O)c(NC(=O)c2ccc(N)cc2)cc1NC(C)=O,1,11110100111010001011000010000010010100010100000101110001001001110000101011110000110001110000101000001110010100010010010011000100
Clc1ccc(Nc2nnc(CNc3ccc(-c4nnc(Nc5ccc(Cl)cc5)s4)cc3)s2)cc1,0,11000000100011100001000010000000101110000010001011000000000000110000000000010000110000111010000000011000100100000000100000110001
CCCCCCCCCCCCCC(=O)OC1CCC(NC(=O)C(OC)C(O)C(O)C(O)C=CC(C)C)C(=O)NC1,0,11011000101000000000011001111010011010110010010010100011001001000000000101100001110000101010000000011011001000000001000100010100
CC(C)CCCC(C)C1CCC2C3CCC4CC(CCC=C(c5cc(Cl)c(O)c(C(=O)O)c5)c5cc(Cl)c(O)c(C(=O)O)c5)CCC4(C)C3CCC12C,1,01010111101010001111001100110111010010010000010011101111000010001110110110100000111000000001000100111000111100100101000101110110
COc1ccc(S(=O)(=O)c2ccccc2[N+](=O)[O-])cc1,1,10000000101001000000000000000000010110000001000110000001000000011010101001011011010000100000001010111000000000000100000000000000
CCCCCCCCCCCCn1[se]c2ccccc2c1=O,1,00000000101000000000000001100000010011110000000101101000001000011010000100000101110000100000000000001000000000000000001111000100
COc1ccc2c3c([nH]c2c1[N+](=O)[O-])C(C)N(Cc1ccccc1)CC3,0,10000100001000001001000000000110110000010011000100100001001010001000011011111100110100100010001000001110010010001100010001110000
O=C(Nc1nc(O)c2ncn(C3OC(CO)C(O)C3O)c2n1)c1ccccc1,0,11010101001000101000010010000000100010010000101110001000000010011110001100010001111000100000001010101010111010000000000000110100
Cc1nnc2sc(C=Cc3ccccc3)nn12,0,00000100100010100010010000001001111110010000000100000010001000001101000011000000010000110000000000001000000000101100000000100100
O=C1NC(=O)C(=Cc2ccc(C=C3NC(=O)NC3=O)cc2)N1,1,00000001001000000000000101000100000010000000000000000010101000100010000000000000010000100010000000001000001001000100000001000000
COc1ccc(C(=O)C(CN2CCOCC2)CN2CCOCC2)cc1.Cl,0,11100000001101001000000000000010010000010001000000000011010000010010000011000010110001100000100000001000010000000000000010001101
NC(=O)CSSCC(N)=O,1,10001000001010000001000000000000000000010000000000001001000000000000000000000000100000000000000000000000001000000000100000000100
CCOc1cc(N=Nc2cc(Cl)c(S(=O)(=O)O)cc2Cl)c2cc(S(=O)(=O)O)ccc2c1N=Nc1c(S(=O)(=O)O)cc2cc(NC(=O)c3ccc(N)cc3)ccc2c1O,1,11110001101011001011000010000001010100110100100001100011101011011010110010110100110001110101001010001010011101100010000010100101
COC1N(C2CC(N=[N+]=[N-])C(CO)O2)C(=O)NC(=O)C1(C)Cl,1,11101010001010101001000000000010110010010100001011010001001001100000000001000000100001100010011100101001000010000100000000110010
Cc1nc(C(N)=S)sc1C(=O)CC(=NN)C(=O)Nc1ccc(Cl)cc1,0,10000000001011001101100010000100011100011100011011000100001000010011000000011001110001101010101001001000000000100000010000100100
CCOC(=O)C(=O)Nc1ccccc1C(F)(F)F,0,10000010101000000001000010000000110100110100010101000001001001001000010011000000110010100000000000001000000000000010000001000100
O=[N+]([O-])c1ccccc1Sc1ccc(Cl)cc1,0,01000000011000000001000000000000000010001001011111000000000000001000101000011000010000101000000000101001000000000100100001000000
CCOC(=O)N(C)C(=C(F)F)C(F)(F)F,0,00000000101100000001000000100000011000110010010110000001001000000000000000000000100011100000000000000000001100010110000000001100
CCOC(=O)NC(Nc1cccc(F)c1)(C(F)(F)F)C(F)(F)F,0,10010010101000110001000000000000010000110000010100000011001101011000100000000001110000100100001000101010100101000010000000000101
CCN(c1ccccc1)C1C(=O)N(c2ccc([N+](=O)[O-])cc2)C1c1ccc(OC)cc1,0,11100100001101000100001000010010110010110001000100010001001011011010001011010010110001100000010000001000010000000100100000110001
CCOC12CCC3CC4CCC(OCC)(O1)C4C32,0,01000000001010001000000100010010010010100000010000000001000000000010000001000000100000111000000000000000100010000101000001010100
Cl.Cn1cc(C(=O)NCCC(=N)N)cc1NC(=O)C1=[N+](C)C=C(NC(=O)c2cccc(C(=O)NC3=CC(C(=O)Nc4cc(C(=O)NCCC(=N)N)cn4C)=[N+](C)C3)c2)C1,1,11110000111010110001001010111011110000110000000000000000000001001110010000000001110011101001100000001010010101010101100001001111
COC(=O)CCCC=C(c1cc(C)c(OC)c(C(=O)OC)c1)c1cc(C)c(OC)c(C(=O)OC)c1,1,10000010001000110100010000001000010000011000000000001111101000010001000101000100110000000000000100101000011100010000000100000100
CS1(=O)=NC(=NC(=O)Nc2ccccc2)c2ccccc21,0,10000100101000100000100010001010010000010000000100100100000100111000000000110001010001101010000010101000001000000000010000100100
CC(=O)OCC1OC(N2C(c3ccccc3)=CC(c3ccco3)C(C#N)=C2S)C(OC(C)=O)C(OC(C)=O)C1OC(C)=O,1,01101110111100111101001011000110111100010000000100001011001010001000000000010011110001110010100010101110100000111000000001110100
CSC1=Nc2sc3c(c2CN1)CCCC3,0,11001000001000000010000011000011011100000010000000000010000100010010000000100000000000000010100001001010011000010000100000100001
C=C(CCCCOCOCCOC)c1ccccc1,0,00000100000001000000000000001000010010010010010100100001000000001100000011000000110000100000000001001011010001000101010100000110
O=Nc1ccc(O)c(N=O)c1O,1,01000000001000000010010001001000000000010000000000000000000000000111011100100000010101100000000010001000000000000000000000000010
COC(=O)C1Cc2cc3c(cc2C1=O)CCCC3,1,10011000011000000000101000000010010000010010100100000011101000000000000001100000010010100000000010101001000100000000010000010100
O=S1c2ccccc2Sc2ccccc21,1,00000000001001000000001000000000000100000000000101000101000010001000100000000001010001100000000000001000000100000000000000001000
Cc1cn(C2CC(N=[N+]=[N-])C(COC(=O)C3(O)CCC4C5CCC6=CC(=O)CCC6(C)C5C(O)CC43C)O2)c(=O)[nH]c1=O,1,11101111001010001111000010011110110010010100011010010011001101000101100001100010110011101010110100101001110000111110001011110100
CC1CC(=O)C2CC(CO)=CCCC2C1(C)CCC(=CCO)CO,0,10000001101000100110010000011110010010010000110101001010001100010000010100000000110100001100001100001001001000000010010010110000
O=C1N=C2C=CC=CN2CC1O,0,00000000001000000000000110000011000100010000101010000000101000000000000000000000010000000000001000011000010100011000001000110010
O=C1c2c(n(Cc3ccccc3)c(=O)n2Cc2ccccc2)C(=O)N1Cc1ccccc1,0,00010100001011000001000000000000011000010010000100100000001000001000000000001001110000100011000000001100100000010000000000000000
CCCC1OCC2OC(n3cc(C)c(=O)[nH]c3=O)CC2N1O,1,11111100001010001000001011111010111000110010000000010000001001001100010000000000110000000010010000011000100000110000001001010000
CCCc1cc(=O)oc2c3c(cc(OC(C)COC)c12)OC(C)C(C)C3O,1,01000100011001101000000010110100110110110000000000100001001000101010110001110010111000000001010010001000010101101110001000110100
CC(O)=[OH+].CO[Rh-4]12(OC)(OC)[OH+]C(C)=[O+][Rh-4]13([OH+]C(C)=O)([O+]=C(C)[OH+]2)[n+]1ccccc1-c1cccc[n+]13,1,00000100001000000110001000100000011101111010000100000001011000001000010011010101010010100000000010011010000101010000000011100101
COC(=O)C(Cc1c[nH]c2ccccc12)NP(=O)(O)OCC1OC(n2cc(C)c(=O)[nH]c2=O)CC1N=[N+]=[N-],1,11001010101010001101000010010010110001110100001110111011001001001100010111000111110001110110010110101011100110111000001101010101
CC(=O)C1(O)CC2(c3ccccc3)C(=O)C1(c1ccccc1)C(c1ccccc1)=C2c1ccccc1,0,00101100101000000000000000000010110010010001100100000010101010001000000100001000010100100100000010101000100010010000000001010100
Cl.O=C(O)C1Cc2c([nH]c3ccccc23)C=N1,0,00100100001000000001010101001010000001010000000100000000100000001000000010000100011000110010000100001001010000001000000101110100
NC(=S)NN=C(CC1OC(=O)c2ccccc21)c1ccc(Cl)cc1,0,10010001001011001001000000000000010000010010011111000000101010101000000010000000110001101000000011001000010010110001001001010000
COC(=O)C(COC(=O)C=Cc1ccc(OC(C)=O)c(OC(C)=O)c1)NC(=O)C=Cc1ccc(OC(C)=O)c(OC(C)=O)c1,0,11000010001100000001000001001101010010110000000011101011000010100101000101001001110000100000001010001000100100010100011001000100
c1csc(-c2cc(-c3cccs3)c(-c3cccs3)s2)c1,0,00100001000000100000000000000001001100000010001000000000000000101000001000000000010000100100010010001000110100000100000000000001
Cc1cc2c(c3[nH]c4ccccc4c13)C(=O)c1ccccc1C2=O,0,01000100001000000001000000000000010001000011000110000000001000001010100000000100010100101010000110001000000100010000000100100000
O=c1c2ccccc2c2nccn2c2ccccc12,1,00010110001001000000000001000000100001010000110101000010001001001000000000100100010000100000010000001010000000000000000001100000
O=c1[nH]nc(Cc2ccc(Cl)cc2)n1CCO,0,00001000001000000001001000000000001000010001001011000010011000101000000000100100110010101110001000001000000000000000001001100000
Cc1ccc2c(C3Cc4ccccc4N3C(=O)C=CC(=O)O)c(C)[nH]c2c1,0,00000100001000010010000000100011110000010000100100001011001000001000011001010100110010100010000000001001100100011100010110011100
CC(C)[Si]([Se]c1ccccc1)(C(C)C)C(C)C,0,01000100000000000100000001010000010000000000010100000000010000001000000000001000010000110000000010001000001000000000000000110000
N=C(Nc1ccc(O)cc1)S(=O)(=O)O,1,10000000001000010000000010100000010000010000000000000100000000010010100010010000110000100000001000001000010000010010000000000000
O=C(CC(=O)c1cccc([N+](=O)[O-])c1)C(=O)Nc1nc([N+](=O)[O-])cs1,0,11000000001000010100100010000101000100011001000000000000001010111100001000110000110010100010000001101000010100010100010000100100
CN(C)C(=O)N=NC(=O)N(C)C,1,00000000011100000000000000000001010000010000000000000000000000000000000000000000000001000000000000000010000000000100010000000100
Nc1ccc2c3c1cccc3c(=O)n1c3ccc(Cc4ccc5c(c4)nc4c6ccc(N)c7cccc(c(=O)n54)c76)cc3nc21,0,00000001001000110001011000000000100011010000011011011010001000011000010011000110110000100010000001101100000101000010000010100000
CN(C)c1nc(N2CCOCC2)[s+]s1.[Br-],0,00000000000110001010100100000010010110010000000000000110000000010000100010000000000010000000000000001010100010001100001000100100
O=C1c2ccccc2N2Oc3ccccc3C12c1ccccc1,0,00001100001010011000000000001100010010010000100110001000001010001000000001000000011000101000000010001000000100011100000000000000
CCOC(=O)C(CCC=Cc1ccccc1)N1CCCC1C(=O)OC,0,11001100011000000101001110110010010001110010010100000011001000101101000011111000110010100000000000111000000000100100000100011100
COc1ccccc1N=Nc1c(S(=O)(=O)O)cc2cc(NC(=O)Nc3ccc4c(O)c(N=Nc5ccc(S(=O)(=O)O)cc5C)c(S(=O)(=O)O)cc4c3)ccc2c1O,1,11100001101001001010000010000000010100010000100101100001101011011010111011110100110001110100101000101000001100010010100011000110
c1csc(-c2cscc2-c2ccsc2)c1,0,01100000100000110000000000000001010100001010000000000100001000101000000000000000011000100001000010001000010000000100000000000001
N#CCCN(c1ccc(C=Nc2cccc([N+](=O)[O-])c2)cc1)S(=O)(=O)c1ccccc1,0,00100100001000110100101001100101001000001001000100000110000010111110101010110000110011100100011010001000100100011100100000100000
CC1=CC(=O)C2(C)CCC3(O)CCCC132,0,00101000001000001000000100000011011011010000100000000001101000000000110000001000010010000100000000001000000010000000000010100000
c1ccc2[nH]c(SSc3nc4ccccc4[nH]3)nc2c1,1,00000000000000000000000100000010010000000000000100000001000000011000000001000000010000110010000000001000000100000010100100100000
COCn1c(C(=O)c2ccccc2)c(C)c(=O)[nH]c1=O,1,00000100011000000000000000000000011000010011000100000001011101011101000001000000110010100010011000001000010001110000001010001100
Nc1ccc(N=Nc2ccc(N=Nc3ccc(N=Nc4cc(S(=O)(=O)O)c5ccccc5c4O)c4ccc(S(=O)(=O)O)cc34)c3ccc(S(=O)(=O)O)cc23)cc1,1,00000000101110001011000000000000000101011000000101000000000000111010110010110100110001110001001010001100000100000010000010100010
Nc1nc(N)c2ncn(C3OC(CO)CC3F)c2n1,1,11000001110010001001000011000010110011011010100001010000001010010110100100000000110000001000001000001000000010010000000010110011
O=C1NC(=O)C(=Cc2ccc(F)cc2)N1,0,00100011101000000000000101000100000010000000000000000010101100100010000000000000010000100010000000001000001001000100000001000000
CC(=O)COP(=O)(OCC(C)=O)OCC1OC(n2cc(C)c(=O)[nH]c2=O)CC1N=[N+]=[N-],1,11001010001010101000000010010010110000010100001010011001011001101100000000000000110011100010010100101011100000111001001001110100
O=S(=O)(O)c1cc(N=Nc2ccc(S(=O)(=O)c3ccc(N=Nc4cc(S(=O)(=O)O)c5cccnc5c4O)cc3)cc2)c(O)c2ncccc12.[NaH],1,00000000101000001011000000000000000101011000100100000000000110111010100000110110110001110000001000001100000100000010000010100010
O=S(=O)(O)c1ccc2c(c1)Sc1cc(S(=O)(=O)O)ccc1O2,0,00000000001100001010000000000000000100010000001001000100000000110010100010010000110000100000001000001000000100000110000110001000
CSc1nnc2n1-c1ccccc1SCC2,0,00000000001011010000010000000110010111011100001110000111000100001000000001100000010000100000000000001000000100010000100001100000
O=C(CCc1nc(=S)[nH][nH]1)NC12CC3CC(CC(C3)C1)C2,0,10000000001010000010001000001010000110110100100000000100110000110000000100011000100100001011010001001010000001010001000100110100
O=C1CSC(Cc2nc3ccccc3[nH]2)=N1,0,00000000001000110000101100100111010100000000000100000010011000011000000001000001110100110011000000001000000100000000000100100100
CC(C)(C)OC(=O)N1CCC(C(=O)O)CC1,0,00000100111010000000000100000010010000110100010000000001000000001001000010000010100000000100000000100001000000000010000000010100
COc1cc(Nc2cnc3ccc(C(F)(F)F)cc3n2)cc(OC)c1OC,0,11000010110000100000000000100000010000001100110000100001000000010100000001010100010100100000000100001000000111000010001001100001
CN(C)c1ccc(C2SCC(=O)N2NS(=O)(=O)c2cccc(C(=O)O)c2)cc1,0,10000100001100010000000000000010010110010000000000010000001010011100101110000000010000100001101001011010010100000110001010010101
CC(C)CCCC(C)C1CCC2C3CCC4CC(CCC=C(c5cc(Cl)c(OCC(=O)O)c(C(=O)O)c5)c5cc(Cl)c(OCC(=O)O)c(C(=O)O)c5)CCC4(C)C3CCC12C.[NaH],0,01010111101110001111001100110111110010010000110001101111000110011100110111000100111010000001000100111000011100100101000101110100
CCCCOC(=O)CC(C(=O)OCCCC)C(C(=O)OCCCC)P(=O)(OCCCC)OCCCC,0,01000100001001001001000000110000010001110000000000001001000101001010001010000011100010000000000000000010001000010000000100010100
O=C(O)CCCCCCCc1ccc(C(=O)OCC2OC3OC4C(COC(=O)c5ccc(CCCCCCCC(=O)O)cc5)OC(OC5C(COC(=O)c6ccc(CCCCCCCC(=O)O)cc6)OC(OC6C(COC(=O)c7ccc(CCCCCCCC(=O)O)cc7)OC(OC7C(COC(=O)c8ccc(CCCCCCCC(=O)O)cc8)OC(OC8C(COC(=O)c9ccc(CCCCCCCC(=O)O)cc9)OC(OC2C(OS(=O)(=O)O)C3OS(=O)(=O)O)C(OS(=O)(=O)O)C8OS(=O)(=O)O)C(OS(=O)(=O)O)C7OS(=O)(=O)O)C(OS(=O)(=O)O)C6OS(=O)(=O)O)C(OS(=O)(=O)O)C5OS(=O)(=O)O)C(OS(=O)(=O)O)C4OS(=O)(=O)O)cc1,1,11000101001000001101010000001011110100010000100100000011001000100000100001000000111000100111011100101000010000101011001100010100
Cl.N=C(N)SSC(=N)N,1,10100000000010000011000000000000000000010000001000000000000000000000000000000000100000000000000000000000000000010000100000000000
CC1=C2C3=C(C)C(=O)C(C)(C)CCC3(C)C2(C)CCC(C)(C)C1=O,0,00000000001000001000000010000010011010001010000000000010011000000000010000100000000000000100000000001010000000000000000000100000
O=c1cc(-c2ccccc2)oc2c(O)c(O)cc(O)c12,1,00000100101100001000000010100000000000010000000110000010001000001010100100100000010000101000100011011000000101000000001001000000
O=C(Cc1ccccc1)ONC(CCCCNC(=O)OCc1ccccc1)C(=O)Nc1ccc(Cc2ccc(NC(=O)C(CCCCNC(=O)OCc3ccccc3)NC(=O)OCc3ccccc3)cc2)cc1,0,11010100011001000101001010010000000000010010000100010111010001011000010000010000111110100010001010011001011000110100010101100110
O=C(C=Cc1cccc(O)c1)C=Cc1cccc(O)c1,1,00000000001000110000000000001001000000010000000000000011000000001111000001000000010000100000000000001000010100000100000011000100
CC1SC(c2c(F)cccc2Cl)n2c1nc1ccccc12,1,10000110100000010001001000000100011100010000010111000000000100111000000001100010010100101000100100001101000000101000101000111000
CC1(c2ccccc2)CC(c2cccc([N+](=O)[O-])c2)=NO1,0,00011100101000011100100010010010010110001001100101000000000000001000001000110000010000100000000110001000000100010100000000100000
COC(=O)C(Cc1ccccc1)NP(=O)(O)OCC1OC(n2cc(C)c(=O)[nH]c2=O)CC1N=[N+]=[N-].N,1,11001110001010001001000010010010111000010110001110011011001001001100000001000011110001100110010110101011100100111000001001010101
COc1cc(C2SC(=N)Nc3c2c(C)nn3C(=O)Cc2ccccc2)cc(OC)c1OC,1,10000100001110000100100000111000011110010010000100100011001000011000010001000101110000100011100000011001000100111100000001110101
COP(=O)([O-])OC.C[NH+]1C(=N)C=CN(C2CCC(CO)O2)C1=O,1,01001100001010001010000000110011010110010011010010010001101000001000000001110000110000010100001000011010100010011000000000010101
N#CCCC1C(C#N)C2(Cl)CC1(Cl)C(Cl)=C2Cl,0,10000000000000000001001000001110001011000000000101000000000000011100000000000110100000001000000100001000101010001100100010010000
Oc1on[n+](-c2ccccc2)c1C=NNc1ncnc2[nH]cnc12,1,10010100000000001011100000000000000000111010100100000010000110111010100001010001010001110011000010101011110000000001100010100000
CC(C)c1ccc(C=C2CSCC3=C2NC(=S)NC3c2ccc(C(C)C)cc2)cc1,0,01000000000110000000100001010010010110110000010001000110010001000010000000000001010001100011010001001000100001010100000000010001
Cc1cn(C2CC(N=[N+]=[N-])C(C(=O)O)O2)c(=O)[nH]c1=O,1,11001110001010001000000110010010110000010100001010110010001001001100000000000000110001100010010000001001100000110000001001010100
CCCCNC(=O)c1cc(NC(=O)c2ccc(C(=O)Nc3cc(C(=O)NCCCC)cc(C4N=CCN4)c3)cc2)cc(C2=NCCN2)c1,1,11011000111000001100000010110011010000110000001001000101011000010000110001101001110110100110000000011110011110000100100101110101
Cc1cc(S(=O)(=O)Nc2nc(Nc3ccccc3)n[nH]2)c(SSc2cc(Cl)c(C)cc2S(=O)(=O)Nc2nc(Nc3ccccc3)n[nH]2)cc1Cl,1,11000100101010000101100000000101010000000000001101100000001100011000100000100010010010100010001000001000000100111000101110101000
O=C(O)CN1CCNCCN(CP(=O)(O)O)CC1,0,10000101001000001000010000001010100000010000001001010000000000001000000011101010100000000010010010001010000010000000000000000101
COc1ccc2c(c1)CCN1CCCc3ccc(OC)cc3C21,0,10011000000001010001000000000010010001010000100000001001110010100010101011100010010010100000000010001000100100000010100000011000
COc1cc(-c2oc3c(OC)c(OC)cc(O)c3c(=O)c2OC)ccc1O,1,10000100101001101000000010001000010010010000000001100011001100011011100101000100010000100000000000001010100110010000000001000000
COc1ccc2[nH]c3cc4c(=O)c5cc(OC)ccc5[nH]c4cc3c(=O)c2c1,0,10000000001001001001000000000000010000000000000000001011001010000010000001000110010000100010000000001000000100000100000100000000
CCC1=C2C(=O)c3ccccc3C2=C(C)S(=O)(=O)O1,1,01000001001000001100100000000000010000100000000100000100001000001000100011000001110001101000000010011010000010000000000110000010
COC(=O)C(Cc1c[nH]c2ccccc12)NP(=O)(O)OCC1OC(n2cc(Br)c(=O)[nH]c2=O)CC1O,0,11001000101010001101000000010010010001110000001100101011001001001100010111100111110000111110010110101010010110101000001101010101
CCOC(=O)c1sc2nc(SC)nc(N3CCCCC3)c2c1N,0,11101000001001000101001100000110011100111000000001000001001100111001010010000010101000100000000000001000010000000100100100100111
Nc1ccc(S(N)(=O)=O)cc1SSc1cc(S(N)(=O)=O)ccc1N,1,01000000001000100001000100010011000010000000010001000000000000010100100100010000010000100000001000001000000100000000100000100000
COC(=O)C(Cc1ccccc1)NP(=O)(O)OCC1C=CC(n2cc(C)c(=O)[nH]c2=O)O1.N,1,11000100001000001001000010000010011100010010001100001011001101001101000001100011110000101110000010001011100100111000101101010101
CC(=O)Nc1ccc2c(C)c3c4ccccc4n(C)c3nc2n1,0,10000100011010000000010010000000110001010000010101001000001000111000010100011100011000101000000000001010000000000000010001101100
O=C1OC(C2OC(=O)c3cc(O)c(O)c(O)c3-c3c(O)c(O)c4oc(=O)c5c(c(O)c(O)c6oc(=O)c3c4c65)-c3c(cc(O)c(O)c3O)C(=O)OCC2O)C2OC(=O)c3c(c(O)c(O)c(O)c3C2O)-c2c1cc(O)c(O)c2O,1,01010100001010001101000000000010010010110100000011000000011010011111110101100000010100001000010110011000011100101000001000110110
CCCCCc1cc2cc(O)cc(Oc3c(O)cc(O)c(C(=O)O)c3CCCCC)c2c(=O)o1,0,10000100001000111000000000100110110010110100101010110101001110011010100110100101110100000001001000001000010100000010011100000100
O=C1CCCN1CC#CCN1CC2C3CCC(C3)C2C1,0,00001000001010000000000101000010101100010000010000001000001000010100000111100000100000010000000100011000000000100011001000010001
Cc1nnc(NC2=NCCO2)s1,0,11000000010010101000000001000010111100000000000001000010011000000100000000001000000000010000000000001010000100000100001000100000
CC(=O)OC12c3ccccc3C(c3ccccc31)C1C(=O)N(c3ccccc3O)C(=O)C12,1,01011100001100010000001000000100010010011000010101011001001010001010000110001000011110100001000000011000000001110001000001010100
CCC1=C(O)N=C2SC(C)(C)CC(NCC(C)C)=C2C1=O,0,11010001101001000010100000010011010110111100100000110101001000000110111100000000100000000000001000101001000010000000000010101101
CC(=O)OCC1OC(n2c(C)cc(C)c(C#N)c2=S)C(OC(C)=O)C(OC(C)=O)C1OC(C)=O,0,01000000011100001001001011000111011100010000000110001101001010010000000000010010110011000000000001101010100100011001100011010100
Cc1ccccc1Nc1nc(NNC(=O)Cc2ccccc2)nc(NNC(=O)c2ccncc2)n1,1,11010110001000000110000010000100110000010111101110000000101000011001010010100001110000100010000000001010010100010100001000100101
O=[N+]([O-])c1ccc(C2=CSC3=NCCN23)cc1,0,11000000101110000101011000000010000100010001001011000010010000000000101011010001010000110000000010001000000000010100000000100000
CN(C)C=C1C=CC=C1,1,00000000000100000000000000000000111100100101000000000010000000000100000000000000010000000000001000001000000100000100001000000000
O=P1(Oc2ccccc2)NCc2ncccc2O1,0,00000110001000001101000000001010000000001010110100100001000000001011001001101000010000100011000000001000000001001100000000100001
CCN(CCO)C(=O)C1(c2ccccc2)CCCCC1,1,00101100001000000000000100101011010010110000100100001000011000001000000000000000111000100100001000001010000000001100010000000100
O=C(O)c1nn(-c2ccccc2)nc1-c1nn(-c2ccccc2)nc1C(=O)O,0,00000100001000000010000001001010010110010000010100000000000000001001100010000000010100100000000000001000001000001000000000100100
COc1ccc2nc3cccc([N+](=O)[O-])c3c(NCCO)c2c1,0,10000100101001010000100010110000010010010001000000001001000011011110001011111110110100100100001000101000000100000100000000100100
O=[N+]([O-])c1ccccc1S(=O)(=O)c1ccc(Cl)cc1,1,00000000101000000001000000000000000110000001001111000000000000011000101000011011010000101000001010111000000000000100000000000000
CC(C)N(CN1C(=O)NC(=Cc2cccc(C=C3NC(=O)N(CN(C(C)C)C(C)C)C3=O)c2)C1=O)C(C)C,1,01010001001000010000001001010100010010110000000000000010001000001000110001001100111000100010000000001010010100010100000000000000
Cc1nc(SCC(=O)Nc2ccccc2)c2sc(=S)n(-c3ccccc3)c2n1,1,10010100001000000000100011000100111100010100001100100100001000111000100011000000110101100000010001101010000000001000101000100100
Cl.NCCCCCCNS(=O)(=O)c1cccc2c(Cl)cccc12,0,10100010101000010001000000010000100001000000000111000000001000001000100100000110110001100011101010001000000001100000001100000000
CNc1ncnc2c1ncn2C1OC(CO)CC1F,1,11000001100010001010001010100010110010011000100000000000001010000110100100010000110000010010001000001100010010010000000010110011
O=S(=O)(c1ccccc1)c1ccccn1,1,00010100001100000000000000000000000100000000100100000000000100011000100010100010010000100000001000001000000000000000010000100000
CON=Cc1cc(NC(=S)c2ccoc2C)ccc1Cl,1,10000000000000101001000010101000011000110001000001100011101000010101000101010000010001100000110011001000000100100000100000000000
CC(=O)OC1C(OC2CCC34OC35CCC3(C)C(C6(C)CCC(C(C)(C)O)O6)C(O)CC3(C)C5CC(OC3OC(CO)C(O)C(O)C3O)C4C2(C)C)OCC(O)C1O,1,01011000111111001010110000001011011011010101011010001111010000000110100010110001111000100110011000101111010011100010100001111100
CS(=O)CCN=Cc1ccc(N=Nc2ccc(O)cc2)cc1,0,00000000011000101000000001000010010100010001000100000010000000100010000000100101110001100100000010001000110000000110000000000000
COc1cccc2c(Nc3ccc(S(=O)(=O)Nc4ncccn4)cc3)c3ccc([N+](=O)[O-])cc3nc12,0,10101000001000011100101010010000110001000001101000100001000010011010111001110100111000100000001000001000000100100101101001110100
CC(=NNS(=O)(=O)c1ccc(C)cc1)C(CN1CCCCC1)C(c1ccccc1)c1c(O)c2ccccc2oc1=O.Cl,0,11101100001000101100000000000011010001010000010101000000001011011011100010110110110001101010101001001100100100101001001101010001
O=C(Cc1ccccc1)Nn1c(-c2ccccc2)nc2ccccc2c1=O,1,10000100101000000100000000000000010001110110000100000000001000011101010001010100110000110010000110001000001100000000000010100101
CCOC(=O)c1ccc(CSc2ccc(N)cc2)cc1,0,00000000001010001101000000000000010000110001000001000011001000000001000000010001110001100010001000001001010000010010100110100100
CCNC(=S)NCCc1c[nH]c2ccccc12,0,10000000000000000100000010011000010001110000000100000000000010101000011110000100110000111011100001001000000010100000000100000000
CCCCCCCCCCCCCCCCCCOCC(C[N+]1(C)CCC(O)CC1)OCC.[Br-],0,01000000000011000000000001111010010010110010010000000001000010010000000010000011110110100110000001000000010000000000001100010100
CC1OC(OC2C(O)COC(OC3C(C)OC(OC4C(OC(=O)C56CCC(C)(C)CC5C5=CCC7C8(C)CC(O)C(OC9OC(CO)C(O)C(OC%10OC(CO)C(O)C(O)C%10O)C9O)C(C)(CO)C8CCC7(C)C5(C)CC6)OCC(O)C4O)C(O)C3OC3OCC(O)C(O)C3O)C2O)C(O)C(O)C1O,1,01011101001111101100010011011110011010110011010000001101010100100110011101010001111001101100011000101111010010001010010000111100
Cc1cc(C(c2cc(C(=O)O)c(O)c(C(C)c3ccco3)c2)c2ccco2)cc(C(=O)O)c1O.N,1,01000111001010001011000101010000011010010000000010000000001000001010000111100100010001101011100000001000001101010000000000000110
COc1cc(N=Nc2cc(S(=O)(=O)O)c3cccnc3c2O)ccc1-c1ccc(N=Nc2cc(S(=O)(=O)O)c3cccnc3c2O)cc1OC.[NaH],1,10010000101000001011000000000000111101011000100000100001000110101010100001100100110001110000001010001100000100000010000111100010
CCCCCCCCCCCCCCCCP(=O)(O)OCC(N)C(=O)O.N,0,01000100001000000011000000100000011011110000001000001001010000001000000000010001101010001000000000000010000000000000001100000100
O=C(C=C(O)C(=O)O)C=C(O)c1ccccc1Cl,1,00000100001100100001000000110000000000010000100101000010000001101000000100000010010000100001000010001000000000100010000000000100
c1ccc2c(c1)Cc1ccccc1-c1c-2[nH]c2ccccc12,0,00001000000000000011000000011010000001000000101100000000000000001100000001000100010110101010000010001000000000000000000100000001
S=C1NCCN1C(=S)NC1CCCCC1,1,10111100000001100000000000000010000000010000110011000100000000000000000010100000001000000011000001101000000100100000000100110000
CC(C)CC(=O)N1CCN(C(=O)CC(C)C)c2ccccc21,0,01000000001000010000000000010010010000010000011100010001000000001000000010000000110000100000000000011000000110010101000000000100
CCc1c(Sc2ccccn2)n(COCc2ccccc2)c(=O)[nH]c1=O,1,00010101001001010000010001100100011000111010100100000001011001001000000010100000110010100010000000001000111100100010101000100000
CCc1c(Cc2cc(C)cc(C)c2)n(COCCO[Si](C)(C)C(C)(C)C)c(=O)[nH]c1=O,1,10110001101001001000001000000001011000111010010000000001011001000001000010000000110011000010000000001000010100100110001010100010
Cc1sccc1C(=S)Nc1ccc(Cl)c(C=NOC(C)(C)C)c1,1,10000000100000100001000010101001010100110011010001000011111000010101000101010000010001100010010011101000000100100010100000000100
CCOC(=O)C(=Cc1ccc(C)cc1)P(=O)(OCC)OCC,1,11100000001000000001000001000001010000110000000001011011001000011000000001000000111000100011000100001010000100000100000011000100
COc1cccc(N2C(=O)C3c4[nH]c5ccccc5c4C4CCC(C(C)(C)C)CC4C3C2=O)c1,1,10010100101011010011001101000010010001010000010101101001011000001010000111010100011000100010000000001100001100101110100100010001
FC(F)(Sc1ccccn1)c1nc2ccccc2o1,1,00010000100000001000010000100100010100000000110100000000000000011000101001100000010010100000000000001011100000010010100001100010
O=C1N[Se](=O)c2ccccc21,1,00000100001000000000000000001000000100000000010100011000001000001001000000100000010100101010010010001000000000001000000001000000
O=c1oc(-c2cccc(-c3nc4c(c(=O)o3)CCS4)c2)nc2c1CCS2,0,00000001101000011000010100010110000100000001000000000010101010011000100000110000010000101000000010011000010100000000000000100000
CCOC(=O)c1c(SCc2cc(O)nc(O)n2)n(-c2ccccc2)c(=S)n(-c2ccccc2)c1=O,1,00000100001100000101110001000000010000111000000100000111001000111010010001100000110011110000100001001000000100101101100110100100
CCCCCCCCCCCCCCCC(=O)Nc1ccn(C2CCC(COP(=O)(O)OCC3OC(n4ccc(NC(=O)CCCCCCCCCCCCCCC)nc4=O)CC3OP(=O)(O)OCC3OC(n4ccc(NC(=O)CCCCCCCCCCCCCCC)nc4=O)CS3)O2)c(=O)n1,1,11011000111010011000000010111110110110110100011010001111101000011100000000010101110010100000001101101010101100111011110100110101
Cc1ccc2c(c1)[nH]c(=S)n2C=C1C(=O)NC(=O)NC1=O,0,00001000011000000100000100100001010010010100010000100110101000010000010000000100010000100010000011001100100100000000011101000000
O=C(Nc1ccc(Cl)cc1)Sc1nnc2c(n1)[nH]c1ccccc12,1,10000100001010000001000010000000000001010000001111000100000010111010000000110100010000101110011000011000000001100000101100100101
CC(=O)C(=Cc1ccccc1Br)C(=O)c1ccccc1,0,00000101101000000000000000100100010000010000000100000010010100001100000010000000011000101000000100101000010000000001000011001100
COC(=O)Cc1cc(O)c(CC=C(C)CCC=C(C)C(O)C(=O)C=C(C)C)cc1O,1,11000000001000100100000000001001010100010100010100100011111100100011010101000000110000001000000110011100111100010010000001000100
N#CC(C(=O)c1ccccc1F)c1nc2ccccc2[nH]1,1,01100000101000000001001100000000011000110000000110001000001100011000000101010000010000110110000000001000100000000000000110100100
O=C1CNNC(Cn2nc(-c3ccccc3)c3ccccc3c2=O)=N1,0,00000101111010000000000000000011100011010000000100000000011000001101001000000100110010110010000110001110100000000000010010101001
CCCCCC=C(c1cc(Cl)c(OC)c(C(=O)OC)c1)c1cc(Cl)c(OC)c(C(=O)OC)c1,1,10000010001000100101000000100000110010111000000001001111100000010000000101000101110000000001000100101000010100100000000100000100
N#Cc1c(S)nc2c(c1-c1cccc3ccccc13)CCCC2,1,00011000000000010000101010001010001011000000000100000010000010011000100001100110110101101001000010001110110000111000000000100000
Cc1cc2c(c3oc(=O)cc(C)c13)C(OC(=O)C13CCC(C)(C(=O)O1)C3(C)C)C(OC(=O)C13CCC(C)(C(=O)O1)C3(C)C)C(C)(C)O2,1,00100101001000111100000000000010011110010011001000011011001001001100110100000000111000000100001000001010100101011100000000110110
Nc1c(N=Nc2ccc(C=Cc3ccc(N=Nc4cc(S(=O)(=O)O)c5ccccc5c4N)cc3S(=O)(=O)O)c(S(=O)(=O)O)c2)cc(S(=O)(=O)O)c2ccccc12.[NaH],1,00000000101000001011000000000000001101010000000101000010000100101101100001100100110001110101001000001100000100000010100010001000
O=C(CC(=O)N1N=C(c2ccccc2)C(N=Nc2ccc(Cl)cc2)C1=O)Nc1ccccc1Cl,0,10001100101000011001000010001000110101010100011111010000001000101000100010101010110011111001100010001000000010101100000000110100
[N-]=[N+]=NC1CC(n2cc(Cc3ccccc3)c(=N)[nH]c2=O)OC1CO,0,01101110001010001000001000010010101000010110001110010011001001001100011000000001110001100010011010101001000010010000001001010000
COC=C1CCC2c3c(c4ccccc4n3C)CC1N2Cc1ccccc1,0,01000100000000010001000000001010110001011010010100101011010000101100001001100100111000100110001000001101110100100000000001010000
N#CC(N)=C(C#N)NC(=O)C(=O)NC(C#N)=C(N)C#N,1,11010000001010000101001000000001001100010000000000010000001000000100000000000000000000000000000100001000100000000000000000000100
COC1(OC)CC(CO)(CNc2nc(N)nc(Cl)c2C=NO)C1,0,10000101101010000001000101000010010110011001000001100011000100011000100001000000100101011000001110001100000010000000000000110000
CCOC(=O)C(=Cn1c(=S)[nH]c2ccc([N+](=O)[O-])cc21)C(=O)c1ccccc1,0,10000100011001000101101001100000010000110001010101110111001000001100001111010000110000101010000001101000110110000101000100100100
Cc1cc(C)c(C(=O)O)c(SSc2cc(C)cc(C)c2C(=O)O)c1,1,01000100001000000000000000000001010010010000000100000000001100000001000010101000010000000000000000001000000100010000100000000100
O=P(c1ccccc1)(c1ccccc1)N1N=NNC1=Cc1ccccc1,0,00100101001000001000000001000001000000010000100101000010000000001000000001010001010011100011000000001010000001000100001000110010
CCCc1cc(=O)oc2c3c(cc(OC(C)C)c12)OC(C)C(C)C3=O,1,01000100011000101000100010110100010100100001000000110011001000101010110001100010111100000001010000101000000100100110000010110000
COC(=O)c1ccc2n[se]nc2c1,0,10000010001000000100000110000000010000010000000001010001000000000100000001000000010001100000000000001000110100000000000010100101
O=C1COc2ccc([N+](=O)[O-])cc2C(=O)C1,0,00000100001100001100101000001010000000000011100000000000011000000000001010010000010010100000000011001000000100010100000000110000
CC(C)(C)ON=Cc1cc(NC(=S)c2ccccc2)ccc1Cl,1,10000100100000000001000010101000010000110001000101000011100000011101000100010000010001100000010011101000010100100010101000000100
COc1ccc(C(CC2OC(=O)c3ccccc32)=NNC(=O)C[N+](C)(C)C)cc1.[Cl-],0,10010001001001001001000000000010110000010110000100000001101010111010000011100010110001101000000010001100010010110001101001110100
COc1c(Cl)cc(C(=Cc2c(F)c(F)c(F)c(F)c2F)c2cc(Cl)c(OC)c(C(=O)O)c2)cc1C(=O)O.N,1,10000100101000100001000100000000011001010000000001001111000100010001000111000100011000000001001000001000010100100000000010000100
COc1ccc(C)cc1S(=O)(=O)c1c(Cl)cccc1[N+](=O)[O-],1,10000101101000010001000000000001010110000001101001100001101000001000101001011010010000100000001000101000000100100100010001000101
Cc1c(Cl)ccc2c1NC(=O)C2(O)CC(=O)c1ccc(Cl)cc1Cl,0,01110100001000010001000000100110010011010100010011000000011010000001000101000000110010101010000010001001000100100000000000011110
Cc1cc(NS(=O)(=O)c2ccc(NC(=O)c3ccc4nc5ccccc5c(Nc5ccc(S(=O)(=O)Nc6cc(C)on6)cc5)c4c3)cc2)no1,1,10011110001100101000100010000000110001010000000100000100101000011100100001110110010000100000001000011010010100000001101010100100
O=S(=O)(O)c1cc(N=Nc2cc(S(=O)(=O)O)c3ccccc3c2O)ccc1C=Cc1ccc(N=Nc2cc(S(=O)(=O)O)c3ccccc3c2O)cc1S(=O)(=O)O,1,00000000101000001010000000000000001101011000000100000010000000101111100001100100110001110001001000001100000100000010100010001010
CN(C)C1C(O)=C(C(=O)NCN2CCN(C(=N)NC(=N)N)CC2)C(=O)C2(O)C(O)=C3C(=O)c4c(O)cccc4C(C)(O)C3CC12,0,10100001101110011011000000000111110010010001101010001100111011011010110110100000110101100100001100011110001111010101100000111101
COc1cccc(C=C2Sc3sc(C(C)=O)c(C)[n+]3C2=O)c1O.[Cl-],1,10100000001001010100010001001001011100011011000011100111011001001110000001100001010000100000000000001001010000000000000001101100
COCc1cn(C2C=CC(CO)O2)c(=O)[nH]c1=O,1,01000000001000001000000000000000011100010000000000000001001101000101011001100000110001000010001000001001010011100010001111110000
O=S(=O)(SC1=NCCN1)c1cccc2ccccc12,1,00000000101000110000000000000010100001100001000101010000010100011000100000100110110000100110101011001000000000000100100000100000
Cc1cn(C2CC(O)C(COC(=O)CCCCCCCCCCCBr)O2)c(=O)[nH]c1=O,1,11001000001010001001000010011010010001010000000000000001001001000100010000000000110000001010010000101000111000111001001101010100
CCCCC(=O)Oc1c(Cl)cc(C(=CCCC2CCC3(C)C(CCC4C3CCC3(C)C(C(C)CCCC(C)C)CCC43)C2)c2cc(Cl)c(OC(=O)CCCC)c(C(=O)O)c2)cc1C(=O)O.[NaH],1,01010111101010101111001100111111010010110000010001101111010110011100110110000101111000000001000100111000011100100101100101110100
CCOC(=O)c1ccc(C(C#N)=Cc2ccc(Cl)cc2)cc1,0,00000000001000000101001001000000011100110000001011000011001000000000010000000000111000101010001000001000110000000110000110010100
CCOC(=N)CNC(=O)c1ccccc1,0,11000100011010000001000000000000110000110001000100000001001000001100010001000000110100100000000000001010010000010000000000000100
COc1cc2c(cc1O)C1Cc3cc(O)c(OC)cc3C(C2)N1C,0,11010000010100000000000100000010110000011010101000100001001000000010000101000000010010000000000100001011000100000000000001010000
CN(C)CCCNC(=O)CCNC(=O)c1cc(NC(=O)c2cc(NC(=O)c3cc(NC(=O)c4nc(NC(=O)CCCNC(=O)c5cc(NC(=O)c6cc(NC(=O)c7cc(NC(=O)c8nccn8C)cn7C)cn6C)cn5C)cn4C)cn3C)cn2C)cn1C.O=C(O)C(F)(F)F,1,11011100101110000010000010011001010010010100110000100110011001010000010000110100110011000101000000001010101101010110001111101100
Cc1c(N=Nc2cc(N=Nc3ccc(N=Nc4ccc(O)c(C(=O)O)c4)cc3)c(N)cc2N)cccc1S(=O)(=O)O,1,00000100101000111011000100000000011100010010000101000000011101101111100110100000110001110010001010111000000100000010000000001100
Nc1cc(C(=O)Nc2ccc(C3=NCCN3)cc2)cc(C(=O)Nc2ccc(C3=NCCN3)cc2)c1,1,10011000101000000001000010010011000000010100001001100100011000010000100001110000010100100110000000001010010100000100000010100100
O=c1c2cc([N+](=O)[O-])cnc2sn1-c1ccc(Oc2ccccc2)cc1,1,00000100001001000100000000000000010100010001110100100001001010001110001010010110011001100000000000001100010100000100010010100001
c1ccc2cc(C3NCCc4nc[nH]c43)ccc2c1,0,00000000000100101000100000001010000000100010100101000000010000011010000001110000010000110010000000011000001100000000000101110101
O=C1OCCN1CCO,0,00000010001000001000000000000010000000010000100000001010011000000100000010000101101000000100001010001000000000000000000001000000
S=c1[nH]c2c(S)nnc(S)c2n1Cc1ccccc1,1,01000100010010011001000000000010101100010010001100000100000010001000000000000001110000100010000001001110000000000000001000100000
C1=CC2CCC1C1CN(CCCN3CCOCC3)CC21,0,00000000000101001000000000000010010010010000010000000010010100000000100010100000110000010000000100010000000001100000000101010101
CCCCCC(O)C(C)C=C1SCCCS1,0,01011000000000000010110000110110010111110000000000000010000000001000000000000001100001010000000000011000010001010000000110000001
CCOC(=O)C1=CC(C(C)CC(=O)CC(=O)O)CC1,1,11000100101001000101101011010110010000110010010000000001001000000000010001100100110000100001000000001001010000000000000100010100
O=S(=O)(CC(=NO)c1ccccc1)c1ccccc1,0,00000100001000000000001001000000000000010000000100000000000000011100100000100000110001110001001010001000010000011000010000000000
O=C(Nc1ccc(-c2ccccc2)oc1=O)c1ccccc1,0,11110100101000001100000010000000000000010000000100010000001010001100100010000000010000100010000011111010010000000000000001000100
Cc1cc(C)c(-c2c(O)c(O)c(-c3ccccc3)c3ccccc23)c(C)c1,0,00000100100000000000000000000101011001010000000100000000001010001110000000101100010100100000000010001000001100011000000000000000
CC(=O)OC1C(COS(=O)(=O)O)OC(OC2CCC3(C)C(=CCC4C3CCC3(C)C(C(C)=O)CCC43)C2)C(OC(C)=O)C1OC(C)=O.CCN(CC)CC,0,01000001011100001110000101000111011110110001011001101011110011000000110000010010110000100001101000101111011000101100111111110101
N=C(N)Nc1ccccc1SSc1ccccc1NC(=N)N.O=S(=O)(O)O,1,11000000001010000001000010000001100000010001000101000000000000001000100010000000110000100000001000001000010000010010100001000010
CC(=O)OC1C(NC(=O)c2ccccc2)C(O)CC2(C)C3CCC4(C)C(CCC4C(C)N(C)C)C3CCC12,0,11110101111100000101000000010011010010010000010100101001000010001100011100000010010001100000000001101010010000100101100001110100
CC(C)(C)C1CNP(C)(=O)OC1.CC(C)(C)C1CNP(C)(=O)OC1,0,00110000111000001000000000000010010000000010010000000000000000101000000110000000001000100010000000000000000001001010000010010001
Nc1nc[n+](Cc2ccccc2)c2ncn(Cc3ccccc3)c12.[Br-],0,00000100000010100111000000100000110010110010100101010010000000001000000100001001111000100010000100001110000010000000000010100000
CN(CC#N)C(=O)Cc1ccc([N+](=O)[O-])cc1,0,01000000001100000100001000000000011001110001000010000010000000000100011000010010110000100110000000001000100000000100000000100100
CCN(CC)c1ccc2c(c1)Oc1ccc(N(C(C)=O)c3ccccc3)cc1C21OC(=O)c2ccccc21,0,01100100101100001010000100000000110011111011000100011000001010001000010010101000111010101100000010001000000100000100000101000101
CC1(C)CC(=O)c2c(nc(SSc3nc4c(c(-c5ccc(Br)cc5)c3C#N)C(=O)CC(C)(C)C4)c(C#N)c2-c2ccc(Br)cc2)C1,1,10000100101101000000011000001010111010000000110000000000001000011000000000001001010101111000000100001011101000011100110000100000
N=C(c1ccccc1)N(O)C1CCCCC1,0,00101100000000000000001000000010000000110101010100000000000001001100000000000000110000100000010000001000010000010101010000110000
COc1cc2c(c3oc(=O)ccc13)C(OC(=O)C13CCC(C)(C(=O)O1)C3(C)C)C(OC(=O)C13CCC(C)(C(=O)O1)C3(C)C)C(C)(C)O2,1,10100101001000001100000000000010011110010000001000111011001001000110110101000100110000100100001000001010000101011100100001110110
COc1cc(Nc2cnc3ccc(N)cc3n2)cc(OC)c1OC,0,10000011000000101001000000100000010000101000100001100001000000010100000001010100010100100000000100001000000101000000001011100001
COc1cc(O)c2c(=O)c(O)c(-c3ccc(O)c(OC)c3)oc2c1,0,11000000101101001000000000000100010010010001000000100011001000001011100101100100010000100010000000001010010110000000010001000000
O=Nc1c(O)ccc2ccccc12,0,01000000001000000000000000000000000001010000000100001000000000011111010100010100110101100000000010001000000000000000000100000000
Nc1c(O)c(S(=O)(=O)O)c(O)c2c1C(=O)c1ccccc1C2=O,1,01000000001000100001000000000000000001010000000101001000011000011010100000100110110100101000001010001000000000000010010000000100
Sc1snc2c1CCC2,0,00101000000000010001000010001010000100000000000000010000100100001000000000100000000000000000000000001100010000010000000000101000
CCOC(=O)C1=C(OC(OCC)C(C)[Se]c2ccccc2)CCC1,1,01101100001000000101000111010010010000111100000100001001111010001000000010100000110000100110000010001000000000010000000100001101
CC1SC(c2c(F)cccc2F)n2c1nc1ccccc12,1,10000110100000010001001000000100011100010000010110000000000100111000000001100000010100101000100100001101000000001000100000110000
O=Cc1c(O)nc2ccccc2c1O,0,00000101001000000000000000000000010001010000000100101010000000011010000001100100010000101000001000001000001010000010000000100000
COc1cc2ccc3c(c2oc1=O)C(OC(=O)C12CCC(C)(C(=O)O1)C2(C)C)C(OC(=O)C12CCC(C)(C(=O)O1)C2(C)C)C(C)(C)O3,1,11100101001100001010000000000010011010010000001000111011001011010100110101010000110000110100001000001010000101011100001001110111
O=[N+]([O-])c1ccc(C=Cc2ccc(N=Nc3ccc(C=Cc4ccc([N+](=O)[O-])cc4S(=O)(=O)O)c(S(=O)(=O)O)c3)cc2S(=O)(=O)O)c(S(=O)(=O)O)c1,1,00010000101000001100101000000000001100010001000000000010000000100101101001110000110001100000001000001000000100000110100000101000
N#Cc1c(N)c2c(c(-c3ccccc3)c1-c1ccccc1)C(=O)N(O)C2=O,0,00000100101000000001001001000000001000010000001101000000001000001000000010100100010101100000000010001010100000011000011100000000
FC(F)(Sc1ccccc1)c1nc2ccccc2o1,1,00000100100000001000000000010000010100000001010100000000000000011001101001000000010010100000000000001011100000010010100001100010
CC1CC(C2=CC=CCS2)=Nc2ccccc2S1,0,00001110000001000000000000000111010101101000100110000100100001101000000000000010010000100101001101001001100100001000000010110000
O=C1CC2(CCNCC2)C(=O)N1N1CCCC1,0,01101001101000000000000000001010000010010000100101010000001000100001000010010010000001010010000000001000000110000000000000000001
O=C(Nc1ccc(N=Nc2ccc(S(=O)(=O)O)cc2)cc1)c1ccc(N=Nc2ccc3c(S(=O)(=O)O)cccc3c2O)cc1,1,11010000101010111010000010000000010101011000000100000100001000111010110010110100110001110001001010001010010000010010000000000110
ON(CCc1ccccn1)CCc1ccccn1,0,01010100000000100000000000000001000000110000100100000000000000001000000000100000110010100001100000001000000000000101000000100000
C=CCON=Cc1cc(NC(=S)c2ccoc2C)ccc1Cl,1,10100000000000001001000010101000010100110001100001100011101000010101000100010000110001100000110011011000000101100000100000000000
CC(=O)OC1CC2CCCC2C2C(=O)OC(=O)C12,1,00001000011110001010100001000010010000010100010001000001011000110000000001000000000010010000100000101010000000100000000001010100
Cc1cc(NS(=O)(=O)c2ccc(Nc3c4ccccc4nc4c(C(=O)Nc5ccc(S(N)(=O)=O)cc5)cccc34)cc2)no1,1,10001110001100011001000010000000110001010000010100000100101010011100100101110111010000100000001000001010000100100001101010100100
CC1(C)C(=O)C=CC(=O)C(C)(C)C(=O)C=CC(=O)C(C)(C)C(=O)C=CC(=O)C(C)(C)C(=O)C=CC1=O,0,00000000001000000000000100000000010110100100000000000000001000000000000000000000010000000000000000001000000000000000100000100001
N=c1ccn(C=C=CCO)c(=O)[nH]1,1,00010000001000000110000000010001001000010000000001001010011000011100000000000110110010100010001000001000010000010000001000000000
COC(=O)C(Cc1c[nH]c2ccccc12)NP(=O)(OC)OCC1OC(n2cc(C)c(=O)[nH]c2=O)CC1N=[N+]=[N-],1,11001010101010001101000010010010110001110100001110111011101001001100010111000101110001110110110110101011100010111010001101010101
CN(c1ccccc1)S(=O)(=O)c1cccc([N+](=O)[O-])c1,1,00000100001100010100100000000000110000000001000100000000100000011000101010110000010000100000101000001000000100000101000000100000
O=c1[nH]c(=O)n(C2OC(CO)C(O)C(F)C2O)cc1F,1,01000000101000001000000010000000100000010000000010000000001101000100000000011001111000000010011000101000010010100000001011010000
Cl.N=c1[nH]cc(C2C(CNC(=O)c3cc(Br)c[nH]3)C(CNC(=O)c3cc(Br)c[nH]3)C2c2c[nH]c(=N)[nH]2)[nH]1,1,10100001001001010000100010010110000000110000000001100000010010000000110000010010110000011010100100111011000100110000000100011100
c1ccc(-c2cc(-c3ccncc3)cc(-c3ccncc3)n2)cc1,0,00000100100000000000100000000000000000001000100101010000100000011001000000100000011010100000000010001000010100000000000000100001
Cc1c(CCC(=NNc2ccc([N+](=O)[O-])cc2[N+](=O)[O-])c2ccccc2)c2ccccc2n1C,0,10000100001000000100101000001010010001110101010100001000001010101100001111011110110101100001000011101010011100010111000001100000
O=C1c2cccnc2S(=O)N1Cc1ccccc1,1,00001110101010001001000000000001001000010010101100000000001000001000000000100001110001101010000011001100100000010000000000100000
O=NNc1ccc(S(=O)(=O)c2ccc(NN=O)cc2)cc1,0,10000000001000000000000100000000000100000000000000000000000010010000110000010010010101100100001000001000000000000001000000000000
Cc1ccc2ccccc2c1NC1=NCCO1,0,10000000000000101000100000010010010001000000000101000010011000011100000000011100110000110000000000001000000100010100001000100100
Cc1c2ccccc2n[c-](CS(=O)c2ccccc2)[n+]1=O,0,00000100001000000001010010100000010001010001000110010000011000001000100001000101110001100000011000001101101000000100000000110000
Cn1cnc([N+](=O)[O-])c1Sc1nnc[nH]1,0,01000001101010000000000001000010010010111001100000000000000000100010101101010000010010000010010000001000000101000101100001100000
CSC(=NC(=O)c1ccccc1Cl)SCCSC(=NC(=O)c1ccccc1Cl)SC,0,00000000001000001001000000000110010000010001000111000100000000001000010100000010110001100001001000001100000000100000100010000100
CN1CC(c2ccccc2)=CC2=C1C=CC(=N)C2=NN,0,10010100100000000001100000110110010100011000000100001000000000001000001000101110010011110100001010001000001000010000000001000000
Cc1cn(C2CC(N=[N+]=[N-])C(COC(=O)CCCCCCCCCCCCl)O2)c(=O)[nH]c1=O,1,11001010001010001001000010011010110001010100101010010001001001001100000000000000110001100010010000101001101000111001001101010100
COc1ccc(N2C(=O)C(=O)N(C)C2=O)c2ccccc12,0,10010000001000010000001000000000010001010000100100100001001000001000000101100100010000100001101000001100000000010000000001110100
COC(=O)C(Cc1ccccc1)NP(=O)(OCCC#N)OCC1OC(n2cc(C)c(=O)[nH]c2=O)CC1N=[N+]=[N-],1,11001110001011001001001010010110111000010110001110111011011001001100000001000001110001100110010110101011100000111010101001110101
C#CCC(O)c1ccc(OC)c(OCc2ccccc2)c1,0,11000100110010000001000000100000011000110010100100100001000001001000000001100010111001100010001000011000010110000000000011100000
CCn1c2ccc(C(=O)CCCN3CCCCC3)cc2c2cc(C(=O)CCCN3CCCCC3)ccc21,0,00101000001001100000000000001110011000110001010000000000000000000000000010100110111000110000000000011100010100000000000101000101
CC(C)=C1CC(C)(C)N=C1CCC1=NC(C)(C)CC1=C(C)C,0,00000000000001000100000000000010010110010001100000100010000000001000000000000001100000000001100000001000000000000000100001100000
CCCCCCCCCCCCCCCC(=O)Nc1ccn(C2CC(OP(=O)(O)OCC3OC(n4cc(C)c(=O)[nH]c4=O)CC3N=[N+]=[N-])C(CO)O2)c(=O)n1,1,11011010011010001000000010111010110010110100001010011011001001011100000000010101110011100010011100101011100010111011101101110100
CN(N=Cc1ccc2ccccc2c1)C1=NCCN1.I,0,00110000000100000000001001100010010000010000000101000110010000011010100000110000010001100110000110001000000100000110000000100100
CC(C)C(C(=O)N(C)C(Cc1ccccc1)C(=O)N(C)C(C(=O)N(C)C(C(=O)N1CCCC1C(=O)OC(C)(C)C)C(C)C)C(C)C)N(C)C,1,11001100101100110001001000010010010000111010010101000001010000101101000010001011110001101110110000101001101011000110000000010100
Nc1ncnc2sc(Nc3ccccc3)nc12,1,11000110000010001011000010000000001110000000100101010000000010011010000000000000010000100000000000001000010100000000100010101001
O=c1cccc2n1CC1CC2CN2CCCCC12,0,00001000001110010000000001000010100000011000010001000000101000101000000011000110110100101000000000011100000000000000111010110010
Cl[Hg]Cl.O=c1c2ccccc2oc2ccccc12,0,00000000001001001001000000010000000001000000010100000010001000001000100000000100010000100100010000001000100000001000000000000000
O=C(O)c1cc(O)cc(O)c1N=Nc1ccc(C=Cc2ccc(N=Nc3c(O)cc(O)cc3C(=O)O)cc2)cc1.[NaH],1,01000100001000001000000101000100010100010000000100001010000100100011000110100000010001100000000000001000011100100101000100000100
O=C(O)c1nc2cc(C(F)(F)F)ccc2nc1Nc1ccc(F)cc1,0,11100110111000000000000000000000000000010100010100000001000100010100100011010000010100100010000000001100001110000010100010100100
Cc1noc(C(F)(F)Sc2ncccn2)n1,1,00000010100000001000000000100000010100000000110010000000001000111000101000101000010000001000000000001010000000000010100010100011
Cc1occc1C(=S)Nc1ccc(Cl)c(C(=O)OCC2CC2)c1,1,10000001011000001101000010100110010000110000010001100001101000010001000100010010110000100101110001001000000100101000100000010100
Cc1c2ccccc2n[c-](CSc2ccc(Cl)cc2)[n+]1=O,1,00000000001000001001010000000000010001010001001111000000011000001000000001010101110001101100001000001101100000000000100000110000
C=C1C(C(=O)OC)C1C(=O)OC,1,10000000001000000000001000000000010110010010000000100001000000000000000011001000000000100000000000001000000000000000000000010100
CCCCCCCCCCCCCC(=O)OC1C(C)C2(O)C(C=C(CO)CC3(O)C(=O)C(C)=CC32)C2C(C)(C)C12OC(C)=O,1,11100010001100001000001000101110010010110010100000010011101001000010110100000001110001001001011101001011101000000001011101111100
CN(C)C(C(N)=O)c1ccccc1,0,01000100001110000001000100000000010000010000010100000000000010001100010000100000010001100000000000001000000000000100000000000101
COc1ccc(-c2cc(-c3ccco3)c(C#N)c(=S)n2C2OC(COC(C)=O)C(OC(C)=O)C(OC(C)=O)C2OC(C)=O)cc1,1,11000010111101001001001011001111011100110000000010001101001010011010000001010010110011100010000011101010100100101100100001010100
CSc1nnc(COc2ccc(Cl)cc2)o1,0,00001000001010101001010000000000110010000000101011000001000100000010100000000010111000101000100000001010010000000000110100110000
CC1(C)CC(=O)C(=CC2CCNC2=S)C(=O)N1,1,01000000001000110000000000100010011110000001110001000110001100010000000100100000000000000010000011001000000000010000100001110000
COc1ccc2c(c1)[n+]([O-])c(C(=O)CC(=O)C(=O)Nc1cccc(C)c1C)c(C)[n+]2[O-],0,10000000001001010001001010100100111100010010000010111001001000011010000011010011110010110000000101001000000111010000000000001100
O=C1NC23C4C5C6C4C2(N1)C6C53,0,00000000001000000000000000000100000010000000000000000010001000000000100010000000000000100011000000001000000000000100100000010000
N#Cc1nc(Nc2ccc([N+](=O)[O-])cc2)sc1N,0,11000000001010100101001010000000001100000001000001000000000000010000011000010000010010100000000001001000100100001100100000100000
Nc1ccc(N=Nc2ccc(C=Cc3ccc(N=Nc4ccc(N)c5cc(S(=O)(=O)O)ccc45)cc3S(=O)(=O)O)c(S(=O)(=O)O)c2)c2ccc(S(=O)(=O)O)cc12.[NaH],1,00000000101100101011000000000000001100010000000001000010000100110101110011110100110001110010001000001000000100100010100010101010
OCC(O)C(O)C(O)C(O)C1SCCCS1,0,01001000000000000100010001000010000100010000000000000000000001010000000010000000100000000000001000110110000001000000010011110000
CC(C=C(C#N)C#N)=Cc1ccc(N(C)C)cc1,0,00000000000100001000001001000001011110010000000100000010000000001000000010000010111000100010000011011000100000000100000011000000
N#Cc1ccc(-c2nc(C#N)c(N)o2)cc1,1,10000000101000001001001100110000001000000000000001000000000001010000110000000000110000100000011000001010100000001000001000100000
CCOC(=CC(=O)OC)NCCc1c[nH]c2ccccc12,0,10000000001000000101000000010000010011110000000101100011001010001000010111000100110000111011110010001000000010100000000100000100
CCOC(=O)c1c[nH]c2cc3c(cc2c1=O)CCS3(=O)=O.CCOC(=O)c1c[nH]c2ccc3c(c2c1=O)S(=O)(=O)CC3,0,00100000011101001101000000001010010000110000010000000001001010001110000100110101110011110011010000011011000100010001000100000100
CN(C)S(=O)(=O)N1C(=O)c2ccccc2C1=O,0,10000000001100000000000001000000010001011000010100000000001000001000100000000000010000101000001010001000000100010100000000010000
Cn1c(=O)oc2cc(Br)ccc21,0,00000100001001001000000001000000010000010000010000001000011010000000100000000000010000101000000100001100100100000000000001000010
C=C1C(=O)OC2C=C(CO)C3(O)CC(O)C(C)(CC(OC(=O)C(C)=CC)C12)O3,0,00100100001010101010001010010110010110010000000011100011001000001010010001001000110010101110001010001110010100100000000011110100
C=CCOc1cc(NC(=S)c2sccc2C)ccc1Cl,1,10010000100001101001000110100001010100010110100001100011101000010000000000010000110000100000010011001000000101110100101000000000
Cc1cn(C2CCC(COP(=O)(OCOC(=O)C(C)(C)C)OCOC(=O)C(C)(C)C)O2)c(=O)[nH]c1=O,1,11001000101000111001000010000010110010010000110010001001101001101100101000000000110000100010010000001010100000111010011001010100
Nc1nc(O)c2ncn(C3OC(CO)CC3F)c2n1,1,11000001100010001001000011000010110010011000100011000000001010010110100100000000110000001000001000011000101010010000000010110011
c1ccc(CN2CCC3(CC2)SSC2(CCN(Cc4ccccc4)CC2)SS3)cc1,0,10000100001000001001000000000010000110010010010100000000000000101000000010100000110000110010000000001110000100000000000000000001
O=C(O[Bi](c1ccccc1)c1ccccc1)C(F)(F)F,0,00010100101000001000000010000000100100010100010100000001000000001000001000000001010000100000000001001000001000000010000000000110
CC1(C)OC2OC(CO)C(N=[N+]=[N-])C2O1,0,01000000000000011100000000001000110010010100011000000000000010000101000000000000100011100000011110101001000010000000001000110000
C1=CSSC=CSSC=CSSC=CSS1,1,00000000000000000000000000000000000100000000001000000000000000000000000000000000010000000000000000010000000000000010010000000000
OCC(O)C(OC1OC(CO)C(O)C(O)C1O)c1nn(-c2ccc(Cl)cc2)c2nc3cc(Cl)ccc3nc12,0,01000011000001011001010000000101111011010001001011001001010010110110000001000001111000101000001001111000010110100000000010110000
C#CC1(O)CCC2C3CCC4=C(CCC(=O)C4)C3CCC21C,1,00100001011101000101100010001010111010010001010000000001011000000100000100110110000000000000000001001001000010100000000001110000
O=C(Nc1ccc(C2=NCCN2)cc1)c1cncc(C(=O)Nc2ccc(C3=NCCN3)cc2)c1,1,10011000101000100000000010000011000000010010000001100100011000010001100001110000010100100110000000001011010100000100000000100101
CCOC(=O)C(=Cn1ccc(=O)[nH]c1=S)C(=O)OCC,0,10000100011000000101000000100000010100110000000001000111001000000100000101010100110000100010000001011000000000100000000000000100
O=C(C(=O)n1ncc(Cl)c(Cl)c1=O)n1ncc(Cl)c(Cl)c1=O,0,00100000001000000001000000000000001000010001000001100000001000000000000000000010010000100000000000001001010000100101000010100101
C[N+](C)(C)C.Nc1ccc(C=Cc2ccc(N=Nc3ccc(C=Cc4ccc(N=Nc5ccc(C=Cc6ccc(N=Nc7ccc(C=Cc8ccc(N)cc8S(=O)(O)=[OH+])c(S(=O)(O)=[OH+])c7)cc6S(=O)(=O)[O-])c(S(=O)(O)=[OH+])c5)cc4S(=O)(=O)[O-])c(S(=O)(=O)[O-])c3)cc2S(=O)(O)=[OH+])c(S(=O)(=O)[O-])c1,1,10000001101010001001000000000110011100110000000001000010010100100101100101110000110001100000001000001010000100000000100110001000
CCOC(=O)c1c(-c2ccccc2)csc1N,1,00000100101000000101000000000001010100111000000101000011001000001000000010100001110010100000001010001000000001000000000100000110
Sc1cc(S)c(S)nn1,1,00000000000010010000010000001000000100000100000000000000000010000000000001100001010000000000000000001100000100010000000000100000
COC(=O)C1=C(C(=O)OC)C(Cc2ccccc2)(OO)OC1=O,0,11100100101000001100000001000010010010011011000100000101001001001000001001000001110000100010000000001010000001000000010000000101
CCCCCCCCCCOCCC(=O)OCC1OC(n2cc(C)c(=O)[nH]c2=O)CC1N=[N+]=[N-],1,11101010001011001001000010111011110011110100011010010001001001000100000010000001110001100010010001101001101000111000001101010100
CC(C)ON=Cc1cc(NC(=S)OC(C)C)ccc1Cl,1,11000001000000000001000010111000110000110001000001000011101010010100010001010000010001100000000011001001000100101000000000000000
O=C(NNC(=O)c1ccccc1SSc1ccccc1C(=O)NNC(=O)c1ccccc1S)c1ccccc1S,1,11000000001000010001000000000001000001010100101100000000000000001000000100000000010000100001000000001110010000000000100001010100
CC1=CC(O)(c2ccccc2)C(N2CCOCC2)N1O,0,01101101000100011001110000100010010010010000100100000010001000101000000010000000010000100011000000001010010000000000000000010100
Cc1cc2oc(C)c(S(=O)(=O)NC(=O)Nc3ccc(Cl)cc3)c(=O)c2c(=O)o1,0,10000001001101001001000010000000010000010100001011011100001010011001111010011010010000101000001100001001000100000000011000000100
S=C1CC(c2ccc(Sc3ccccc3)cc2)=Nc2ccccc2N1,0,10000100101100100000110000011011000010001011010110000100100000101000000000000000010000110010000101001011010000001000100000100000
O=C1C(=Cc2ccc(Cl)cc2)CNCC1=Cc1ccc(Cl)cc1,0,00000000001100000001001001001010000000000000001011000010001000000010100000000000010001101010000000001000000001000100000000000001
O=C(CN1CCOCC1)CC(O)(C(F)(F)F)C(F)(F)F,0,00001000101100001000010010100010110001011000010000000010010100001000000010001000100000000000000000000000000000000010100000000101
Oc1nc(Nc2nc3ccccc3[nH]2)nc(O)c1-c1ccccc1,1,10000100100000000000011100000000010000010000001100000000000000011010000011000010010100110010010010001000001110001001001100100000
O=C(NNC(=S)Nc1ccccc1)c1csc(NC(=S)NC2CCCCC2)n1,0,11111100001000000000000011101011000100011000111100000100000010111000000000000000010010110100000001101110010000100000010100110100
CN1N=C(Nc2ccccc2)Sc2c1cnn(-c1ccccc1)c2=O,0,10000100001000110000000001000000110100010001100100100100001110011000001000000000010001100010000000001001110100000000110011101001
NNC(=O)c1ccc(-n2nnc(C(=O)NN)c2C(=O)NN)cc1,1,11100010001010000001000000010000110101010000000000000010000010000001000000010000111000100010010000001010011000000000000100100100
CCCCCCCCCC=C(c1cc(Cl)c(O)c(C(=O)O)c1)c1cc(Cl)c(O)c(C(=O)O)c1.N,1,00000110001000000101000100100000111010110000000011001110100000000010000110100001110000000001000100101000110100100000000100000110
COc1ccc(C2OC(N)=C(C#N)C3=C2C(C)CCC3)cc1OC,1,10111000000111001001001000000110111000000110011001100101100000000000000001100000010000100100111000011000100100101000010001010001
CCCc1cc(=O)oc2c3c(cc(OC(C)COC)c12)OC(C)C(C)C3=O,1,01000100011001101000100010110100110100100000000000110011001000101010110001100010111100000001010000101000000101100110001000110100
CC1(C)CCCC2(C)C1CCC1(C)C(CCc3ccoc3)C(=COS(=O)(O)=[OH+])CCC12.C[NH+](C)C(=N)N,0,11001100001110001011000000000111010010010000010000000111010101001100110011100001110000100011001100001010100110111000000011110001
N#CCCN(CCC#N)Cc1c(O)c(O)c(CN(CCC#N)CCC#N)c2ccccc12,1,00000010000010000000001000000101001001010000000110000010000000001110000000100100110000100100000011001000100000000110100000010000
NNC(=O)c1c(SCc2ccccc2)nc2c3ccccc3ccn12,0,11100100001000000001000000000000100001011110000101000000000010011000000000000111110001100010010000001010000011010000100001100100
COC(=O)CC1(O)C(C=C(C)C)C(C(=O)OC)C(=O)C(C(=O)OC)C1C(=O)OC,0,11101100001000010000011000000000010010111010000000100011001010000001000001000100100000000000010000011000011000000000010001011100
Cn1cnc(N)c1S(N)(=O)=O,0,01100000001000000101000010000000010010010000100001010000000000000100100100100000010000000000001000001001000001000000000001100000
CCOP(=O)(C=C=C1CCC2C3CCc4cc(OC)ccc4C3CCC12C)OCC,0,10010001001001010000000010000010011011100000110001011011010001001010100101100010110010101000100000101010000100100000001000111100
Cc1ccc(C=C(C(=O)O)C(=O)O)o1,1,00100100001000101001100000100000010000010000000000000010001100100000100000000010011000100000000000001000000000000100001000000100
O=S(=O)([O-])c1cc([N+]2=Nc3cc(S(=O)(=O)[O-])c4cccc5c4c3N[Cu-2]2[OH+]S5(=O)=O)ccc1C=Cc1ccc([N+]2=Nc3cc(S(=O)(=O)[O-])c4cccc5c4c3N[Cu-2]2[OH+]S5(=O)=O)cc1S(=O)(=O)[O-].[Na+],1,00011010101010010000100100001100100111000110100000100011100101001101111001010101010011100010001000001000000100001000100010100101
Cc1c2ccccc2n[c-](CSc2ccccc2)[n+]1=O,1,00000100001000001000010000010000010001010001000110000000011000001000000001010101110001100100001000001101100000000000100000110000
COc1ccc(OC)c(N=Nc2c(O)nc3ccccc3c2O)c1,1,11000100000001000011000000000000010101010000100100101001000000011010001001100110010101110110001000001000001100000000000001100000
CCC1NC(=O)C(C(O)C(C)C)N(C)C(=O)C(C(C)C)N(C)C(=O)C(CC(C)C)N(C)C(=O)C(CC(C)C)N(C)C(=O)C(C)NC(=O)C(CCCCNC(=O)OCc2ccccc2Cl)NC(=O)C(CC(C)C)N(C)C(=O)C(C(C)C)NC(=O)C(CC(C)C)N(C)C(=O)C(CO)N(C)C1=O,1,11001100011001000101000101010100010100111000011101010011001001001000011000000011110010111011111000111001110011100011000101110110
COc1cc2c(c(O)c1OC)C(=O)C1CCC(=O)N1C2,1,10100000011000000000100001100010111000010010110001100001001000010010000001100111010110000000000000001000100100001000000001010000
O=C1OC(c2cccc3ccccc23)c2ccccc21,1,00010001001000011001000000100010000001000100000100000000001000011000100000010100110000101001000010001000000000100001000000010000
COC(=O)C1CN(C(=O)c2ccccc2)C(=O)N1C(=O)OCc1ccccc1,0,10010100001010000001001000100010010000010110000100000001001000011100000001000000110001100010100010011001010100100100000000110110
O=P(O)(O)OP(=O)(O)O,1,00100000001000000000000000010000000000010000001000000001000000001000100000000000000000000000000000000010000000000000100000000000
CC(C)=CCCC(C)=CCCC(C)C=CC(=O)NCC1CC[N+]2(C)CCCCC12.O=P([O-])(O)O,0,11001000001001010100000101011111010000110110111000110011000000011100110000010000111000011010001100111110010001000010001001110101
Cn1nc(NC(=O)c2cc(NC(=O)Nc3cc(C(=O)Nc4cc(C(=O)Nc5ccc6cc(S(=O)(=O)O)cc(S(=O)(=O)O)c6c5)n(C)n4)n(C)n3)nn2C)cc1C(=O)Nc1ccc2cc(S(=O)(=O)O)cc(S(=O)(=O)O)c2c1.[KH],1,10000000101101000010000010100000010010010001001000100000101001011100110010010100110000100000001000001010100100100010010011100100
c1ccc2c3c(ccc2c1)O[Fe-4]12(Oc4ccc5ccccc5c4N=[O+]1)(Oc1ccc4ccccc4c1N=[O+]2)[O+]=N3,1,01000001000100001000000000000000010001000001000110000001000000011000000000010100110000100000000000011000000000000110010100100000
O=S(=O)(O)c1cc(NN=Cc2cc(S(=O)(=O)O)c3cccnc3c2O)ccc1C=Cc1ccc(NN=Cc2cc(S(=O)(=O)O)c3cccnc3c2O)cc1S(=O)(=O)O.[NaH],1,10000000101010000001000000001000001001011000100100000010000110011111100001110100111001100010001010001000000100000011100010101000
O=S(=O)(O)c1cc(N=Nc2cc(S(=O)(=O)O)c3ccccc3c2O)ccc1C=Cc1ccc(N=Nc2cc(S(=O)(=O)O)c3ccccc3c2O)cc1S(=O)(=O)O.[NaH],1,00000000101000001010000000000000001101011000000100000010000100101111100001100100110001110001001000001100000100000010100010001010
CCN(CC)CCC(=O)NC1c2ccc(Cl)cc2Oc2c(C)cccc21,0,10010000001000111011000100001001010011110100010011000000001001001000000000000001110000101010100010001000000110010101001000010100
CN(Cc1ccccc1)C(=NC#N)N(C)Cc1ccccc1,0,00000100000100000000001000000000011000010010000110000100000000001000000000000010110001100010000100001110100000000101000000010000
CCCCCCCCCCCCC(Br)C(=O)OCC1OC(n2cc(C)c(=O)[nH]c2=O)CC1N=[N+]=[N-],1,11111010001010001001000010110010110010110100001010010001001001100100000000000001110001101010010000111001100000111000001101010100
CC(=O)OCC1OC(n2cnc3nc(Br)nc(O)c32)C(OC(C)=O)C1OC(C)=O,1,01000001011100001001001011000011110110010000100000001001101010010110000000110110110001001100000100101010001000001000100001110100
O=C(Nc1cccc(C(=O)Nc2ccc(C3=NCCN3)cc2)c1)c1ccc(C2=NCCN2)cc1,1,11011000101000110000000010000010010000010000000001100100111000011100100001110000010100100110000000001110010100000100000000100100
CC(C)CCCC(C)C1CCC2C3CCC4CC(CCC=C(c5cc(Cl)c(OCc6ccc(C(=O)O)cc6)c(C(=O)O)c5)c5cc(Cl)c(OCc6ccc(C(=O)O)cc6)c(C(=O)O)c5)CCC4(C)C3CCC12C.[NaH],1,01010111101110001111001100110111010010010000110001101111000110011100110110000100111000100011000100111000011110100111000101110100
Cc1cc(C(=C2C=CC(=O)C(C(=O)O)=C2O)c2cc(C)c(O)c(C(=O)O)c2O)c(O)c(C(=O)O)c1O.N,1,00101110001000000000000100001000011111010000000000000000001111100010001110100100010000000000000000001000000101111000000000000100
O=S(Nc1ccccc1)c1ccc(Cl)c(Cl)c1,0,10000100101000000011010000100000001000010001000101000000000000011000010000000000010000100100000000001000010100100100000010100000
COc1ccc(CCNC(=O)CCc2ccccc2CO)cc1OC,0,10010000001010000000000000011000010001010100000100100111010011001000010001000000110001100011011000011000100100000000010001000100
COc1cccc(C=C(C#N)C(=O)O)c1,0,10000100001001010000001000000000011100010000100000111011000000101110000001000000011000100000000000001000100100000101010000000100
Oc1cc(C(F)(F)F)nc2c3ncccc3c3nc4ccccc4nc3c12,0,01000000100000000001001000100000110011010100110100001010000011011010000101100100010000100000000000001000000100000010000010100000
O=C(OC1CCCCC1)c1cc(NC(=S)c2ccsc2)ccc1Cl,1,10101000001010100101000010100010010100011000010101000001100000010000000100010010010000100001010001001010010100100000100100110100
O=C(CCc1ccc(O)cc1)NCCc1ccc(O)cc1,1,10000000001000000000010000011000010000010100000000000110010010000010010000000000110001100011000000011000010000000010000000000100
O=S(=O)(O)c1cc(O)c2c(O)cc(S(=O)(=O)O)c(N=Nc3ccc(C=Cc4ccc(N=Nc5c(S(=O)(=O)O)cc(O)c6c(O)cc(S(=O)(=O)O)cc56)cc4S(=O)(=O)O)c(S(=O)(=O)O)c3)c2c1.[NaH],1,01001000101010001010000000000000001100010000000000000010000110111111100111100100110001110000001000001010001100000010100010101000
Cc1cc(NC(=O)c2ccc(N=Nc3c(S(=O)(=O)O)cc4cc(NC(=O)c5ccc(N)cc5)ccc4c3O)cc2)ccc1N=Nc1ccc2cc(S(=O)(=O)O)cc(S(=O)(=O)O)c2c1,1,11110001101011001011000010000000011100010000000101000000101111111010110010110100110001110100101000001010011110010010000010000110
CCCCCCCCCCCCCCCCCCOC(COP(=O)(O)OCC1CCC(n2ccc(NC(=O)CCCCCCCCCCCCCCC)nc2=O)O1)COP(=O)(O)OCC1OC(n2cc(C)c(=O)[nH]c2=O)CC1N=[N+]=[N-],1,11001010111011001000001010111010110010110101011010011011101011011100000000010101110011100010011101101011101000111011011101110100
COc1cc(C2SC(=N)Nc3c2c(C)nn3C(=O)Cc2ccccc2)ccc1O,1,10000100001110001100100000011000011110010010000100100011001000001011010101000001110000100010100000011011000100111100000001110101
CC1(C(=O)O)CCCC2(C)C3=CC(=O)CCC3=CCC12,0,00001100011000000000010001000010010010011000000100000001101000000000000001100000010011100001111101001010000010000010010110110100
Cl[Pd-2]1(Cl)NCC[N+]12CC2,0,00010000000000001001000001000010010000000010000001000000000000010000000000010000000000000011100000000000000001000000010000000000
CC(=O)Oc1cc(C=C(C#N)C(=O)NCCCCNC(=O)C(C#N)=Cc2cc(OC(C)=O)c(OC(C)=O)c(OC(C)=O)c2)cc(OC(C)=O)c1OC(C)=O,0,10000000001100000000011000111000011111010000110001110011001010000100010000000100111010000000000000001000100100010100000101000100
CC(C)=CCN1Cc2cc(Cl)cc3[nH]c(=S)n(c23)CC1C,1,00000000010000000101000000100110111000011000011011000110000000001000001000000100111110001110001101011010011100000000000101010000
COc1ccc2c(c1)OCC1c3cc(OC)c(OCc4ccccc4)cc3OC21,1,10010101000001011000000001000010110000000010100100101001011000001010000101100010110000100010110000001000010100100110000001110000
CC(C)CN(CC(O)C(Cc1ccccc1)NC(=O)C(CC(N)=O)NC(=O)c1ccc2ccccc2n1)C(=O)NC(C)(C)C,1,11000101101010000011000000110001010100010010000101110001010001011100110001010001111000110111000010111010101111011110010110100100
Cc1ccc(N(C(=O)Nc2ccccc2)C2=NCC(C)S2)cc1C,0,11000100001000000001000110010110010100111000000100000100001000011100010010000000010000100000000000001000000111010100010101110100
CC(CNCCCNCCNCCCNCO)[N+](=O)[O-].Cl,0,11110000001000000000000000011000110100010011000000100000000000000000001000010000100000000000001000000000000010000100000100001000
Cc1cc(S(=O)(=O)Nc2nnc3c4ccccc4ccn23)c(S)cc1Cl,1,11001000101110010001000000000100110001010100110101000000001000011100100000000100110000100000001000001100000110110000001111101001
Cc1nnc(N)nc1CC=CC(Sc1ccc(Cl)cc1)c1ccccc1,1,01000100000010000001000101000000010000010001011111000010001000011001010000001000110001111011100000011001110000010100100110100000
CCOc1cc(C2=NN3C(=S)NNC3=NN2)ccc1O,1,10000011100000101000000100000000010000111100100000100101000000010011000101000110110000100010010001001000000111000000000000100001
CCc1cccc(C(C)C)c1NC(=O)C(=O)C(Cc1nc2ccccc2nc1O)C(=O)OC,0,11000001001100010111000010010000010000110000100100000011001101011010010001000101111001100010000000001000011001000000000011100110
Cc1c2cc(Br)ccc2n[c-](CCl)[n+]1=O,0,00000100011001000001010000000000010000000000000010100000011000000110000001000101110001101000001100001101100100000000000000110010
c1ccc(CNc2nnc(NCc3ccccc3)c3c2ncn3Cc2ccccc2)cc1,0,10100100100010000001000000000000100011010010100100000000100010001010100100000000110010100010000100001100000000010000000010100011
Cc1occc1C(=S)Nc1ccc(Cl)c(C(=O)OC(C)(C)C)c1,1,10000000101000001101000010100000010000110000000001100001101000010001000100010010010100100000110001001001000100100010100000000100
CC1(CO)CCCCC1=NNc1cc([N+](=O)[O-])cc([N+](=O)[O-])c1,1,11001100001000010100000010000010010010010001000000000010000000010000001000110100110001001000101001001010010111000101000000101000
O=C(NC1CCCCC1)NS(=O)(=O)c1ccc2c(c1)CCC2,0,10111000001000000000000000000010000000010000110100010000000010010000111100110000010010100000001000101000000100000010001100111100
CC1=Nc2ccccc2NC2(C1)C(C1COC(C)(C)O1)OC1OC(C)(C)OC12,0,01010000000000001101100000011011010010001000101110000000111000101111000000000001111000100110000010001100010010011100100001110000
CCCCCc1cc(O)c2c3c(c(=O)oc2c1)CP(=O)(c1ccccc1)CC3,0,00000100001000001000000001100010110110111010000101000010001011001110100100101001111000100111011001011000110100001000010100000000
O=[N+]([O-])c1ccccc1S(=O)(=O)Oc1ccccc1,1,00000100101000000000000000000000100010001001000110100001001000001010101100011000010010100000001010101000000000000100000000100000
C=C(C)C1CCC2(C)C(O)CC3(C)C(CCC4C5(C)CCC(O)C(C)(C)C5CCC43C)C12,0,00000001101100010000100000001011110011110001010100100011000000010000010000000001010000110100001000100000010000010100000011110010
CCCCCCCCCCCCCC(=O)OCC1OC(n2cc(C)c(=O)[nH]c2=O)CC1N=[N+]=[N-],1,11001010001010001001000010111010110011110100001010010001001001000100000000000001110001100010010000101001101000111001001101010100
COc1cccc(N(CN2C(=O)CCC2C(=O)O)C(C)=O)c1,0,10000100001011011001000100000010110000110100010100111001001000001010000011100000110000100000100000001000100100010100000001010100
OCC12C3C4C1C1C2C3C41CO,0,00000100000000000000000000000000000010010000100000000000000000000100000000000000100000000000001000000110000000000100000000010000
Cc1cc2nn(C3CCCO3)nc2cc1C,0,00001000000000011000010000100010011010110000011000000010001010000000000001000000010110000000000000001000010100010000000001110000
CC(=O)NS(=O)(=O)c1ccc(NC(=O)c2ccccc2SC(=O)CCCCBr)cc1,1,11000000001010000001001010001000010000010000000100010100001000011000100100110001110000101000001000101010010000010001111101010100
COc1ccc(C2SC(=N)Nc3c2c(C)nn3C(=O)Cc2ccccc2)cc1,1,10000110001111000100100000011000011110010010000100000011001000011010010001000011110000100010100000001001000000111100000000110101
Cl.c1ccc(CNc2ccc3[nH]c4cnccc4c3c2)cc1,1,10100100100000000001010000100000000000000010000100100100100000011001000000110101110010110010000000001000000100000000000100111011
Cl.Cn1cc(NC(=O)c2cc(NC(=O)CCC(=O)Nc3cc(C(=O)Nc4cc(C(=O)NCCC(=N)N)n(C)c4)n(C)c3)cn2C)cc1C(=O)NCCC(=N)N,1,11101100101110000001000010011000010010010100000000000000001000010000010010010001110010000000000000001010100100010000000011000100
COc1ccc(C2c3cc4c(cc3OC(N3CCOCC3)C2C)OCO4)cc1OC,0,10110000110110101000000010000110010000010000010000110011010100100100010111000000011000100010011000111000000100100100000001010101
CCCCCCCCCCCCCCCCCCOC(CO)COP(=O)(O)OCC1OC(n2cc(C)c(=O)[nH]c2=O)CC1F,1,11001000101011001000001010110010110010110001001010001001001011001100000000001001110010000010011101101010101000111000011111010100
Cl.N#CCC(=O)NN=C(CCN1CCCC1)CC(c1ccccc1)c1c(O)c2ccccc2oc1=O,0,11101100001000101000001000001010011101010100010101000000011010101110100111110110110001100011000100001100110000111000000101000101
O=C(O)CC1C(=O)OC2C3COC(=O)c4cc(O)c(O)c(O)c4-c4c(cc(O)c(O)c4O)C(=O)OC2C(OC(=O)c2cc(O)c(O)c4c2C1C(O)C(=O)O4)C(OC(=O)c1cc(O)c(O)c(O)c1)O3,1,01010111001000111111100000010010010010010101110111010001011000001111010101110110111110000000011110011010011110111010000000010100
COc1ccc(N2C(=O)c3c4c(c5c([nH]c6ncccc65)c3C2=O)CCC(C(C)(C)C)C4)cc1,1,10000010101001010001001011000010011001010000110010100001001000111010100011100110011100100011010000001001110000011010000000110001
CCc1ccc(NCc2cc(OC)c(OC)c(OC)c2)cc1.Cl,0,10110001100000000100000000100010010000100000000000100011000000110000000001010101110010110010000000001000000100000000000001000001
COc1cc(C2CC(=O)c3ccccc3O2)ccc1O,0,11000000001100001000000000000010010001010000000100100001001000001011010101000000010000101000000010011011000100110101010001010001
CO[IH2]1NC(=O)c2ccccc21,1,00000001001000000000000000000010010000000000000100100001001000001000000001000000010000101110000010011000000000101000001001000100
CC1C(=O)OC2C=CC3(C)C(=O)OC4OC5(c6ccoc6)CC1(O)C2(C)C43O5,0,11100000011010001101000000001111010110010010111000100000001110001011011010010000010000100010000000011000000010110010010000111001
CC1(c2cccc(C3CCC4(C=CC3=O)OCCO4)c2)OCCO1,0,00101000001100111011000010100010010110000000110001000010001000001000001000000000010000100000000100101000111100000000000001110001
O=C(Nc1ccccc1)c1cc(S(=O)(=O)Nc2nc3cccnc3[nH]2)c(SSc2cc(Cl)c(C(=O)Nc3ccccc3)cc2S(=O)(=O)Nc2nc3cccnc3[nH]2)cc1Cl,1,11000100101000000001100010010101010000110001100101100100001000011000100101100011010000101010001000001010000110101001101100110100
CC(O)CN(CC(C)O)N(CC(C)O)CC(C)O,0,01000000000100000100000000010000010000110000000001000000000000000000100000000000100000000000000000010000000100000100000000000000
CC(=O)c1sc2[n+](c1C)C(=O)C(=Cc1ccccc1Cl)S2,1,00000000001001000101010001001001011100011011000111000110011001001100000001000011010000100000000000001001010000100000000001101100
N#Cc1ccsc1Nc1ccccc1[N+](=O)[O-],1,10000000001000100000001000000001101110000011000100100000000000001000001010011000010000100000001100101000110100001100000000000000
Cc1cn(C2CC(N=[N+]=[N-])C(COP(=O)(O)OCC3CCC(n4ccc(=N)[nH]c4=O)O3)O2)c(=O)[nH]c1=O,1,11001010101010001000000010010011110000010100011010011001101001001100000000000110110011100010010100101011101000111010011001110000
Nc1nc(O)c2ncn(C3COC(CO)O3)c2n1,1,11011000000000001011100001000010111010010000100011010000000010010110000100000000110010001000001100011100101010010000100000110000
O=S(=O)(O)c1ccc2c(N=Nc3ccc(C=Cc4ccc(N=Nc5c(O)ccc6cc(S(=O)(=O)O)ccc56)cc4S(=O)(=O)O)c(S(=O)(=O)O)c3)c(O)ccc2c1.[NaH],1,01000000101000001000000000000000001100010000000000001010000100111111110111110100110001100000001100001000001100000010100010001000
Cc1nc2ccccc2c(=O)n1Cc1nc2ccccc2[nH]1,0,00000100001000010000011100000000111001010000010100000010001000011000100001000100110100110010000000001100000100010000000110100000
Cl.Cn1cc(N)cc1C(=O)Nc1cc(C(=O)Nc2ccc(S(=O)(=O)O)c3cc(S(=O)(=O)O)ccc23)n(C)c1.[NaH],1,11101000101100100001100010000000010010010000000001010100001100011000110010010101110010100000001000001010100100000010000011100100
CN1CCC(CNC(=O)CCCCCCCCC(=O)NCC2(c3ccccc3)CCN(C)CC2)(c2ccccc2)CC1,1,10001100001001000000000000001010010011110100100110000110000000011000110010000001110010100100000000001000000000000001000101010100
Cc1cc2ccc3c(c2oc1=O)C(OC(=O)C12CCC(C)(C(=O)O1)C2(C)C)C(OC(=O)C12CCC(C)(C(=O)O1)C2(C)C)C(C)(C)O3,1,01100101001100001010000000000010011010010000001000011011001011010100110100010000110000100100001000001010000101011100000000110111
CCOC(=O)C(=CNC(=S)Nc1ccc(OCC)cc1)C(=O)OCC,0,10001010001000000001000010111000011000111000100001000111001010010010010101010010111000100000000001001010000001100000000000000100
Cc1cc(-c2ccc(N=Nc3ccc4c(S(=O)(=O)O)cc(S(=O)(=O)O)c(N)c4c3O)c(C)c2)ccc1N=Nc1ccc2c(S(=O)(=O)O)cc(S(=O)(=O)O)c(N)c2c1O,1,10000000101010000111000000000000010110010000001001000000001010101010111100100100110011110000101000001000000100010010000010000010
CN(C)c1ccc(C=c2sc3nnc(-c4ccco4)n3c2=O)cc1,0,00000010001111001011000001000100011110010000000100010010001000001000000010001010010000110010000001011010000001000100000011100100
O=C1c2ccccc2C2CCC1c1ccccc12,1,00010000001000110000100000100011000010000000010100000000001000011000000100000000010000101000000010001000000000000001000000010000
CC1(Br)C(=O)NC(=O)N(C2CC(O)C(CO)O2)C1N=[N+]=[N-],1,11001000001010011001000000000011110010010101001000000011001000100000000001000000110001101111001000101001010010001000000000110010
COc1ccc(-c2ccccc2)c2[nH]c3c(c12)CCNC3=O,0,10010100101000110000000000010010011000001000100101100001001000001000001011110000010010100010001010001010010000000000000001100000
COCOc1c(C(OCOC)c2cnc(Sc3ccccc3)n2C)ccc(OC)c1OC,0,11010100001010000000000000010000010111011001100100101001000010011001000001010100110010100100101000001100001101100000101001100001
COC1N(C2CC(N=[N+]=[NH2+])C(CO)O2)C(=O)NC(=O)C1(C)I,1,11101010001010101001010000000010010010010100000010000001001001100000000001000100100001100010001000101001000010000001100000110010
CC(C)=CCN1CC(C)Cn2c(=S)[nH]c3cccc1c32,1,00001000010000010000000000000110110000011000011000001110000010001101001000010000111000101010000101011000010000010000000101011000
I.O=C(O)c1ccc(C=NN(CCO)C2=NCCN2)cc1,0,00100100001000100000000001101011010000010000001001000110010000000000100010110000110011110110001110001000011000000110000010100100
CC12CCC3C(CCC4CC(CC=C(c5cc(Cl)c(O)c(C(=O)O)c5)c5cc(Cl)c(O)c(C(=O)O)c5)CCC43C)C1CCC2CC=C(c1cc(Cl)c(O)c(C(=O)O)c1)c1cc(Cl)c(O)c(C(=O)O)c1.N,1,10000111001110001101000100100111011010010000010011101110000010010010110110100001110000001001000100001000110100100000000001110110
O=C(O)C1CC(C2CCCCN2)CN2CCCCC12,0,00001101001010000000000101000110010000010100010101001000000000100000010011000010110000000010000000011000000010000000101010110100
COc1cccc(C2c3cc4c(cc3OC3COC(=O)C32)OCO4)c1OC,0,10110000111000011000000100010011010000000000010001110001011000011000010101010100010101100001000001101100000100100101010001010000
COc1cc2c(cc1OC)C1C(=O)c3c(O)cc4c(c3OC1CO2)C=CC(C)(C)O4,0,11110010001000101011100000010010010110010000010000101101011001000010000101010000010110000000110000001001000101100100000001110000
COC(=O)C1(C)CCc2c(OC)ccc(OC)c2C1=O,1,10010000101000001000000000000010010010010000000001100001001000000100000001100000010100100000001000001010011000010000000001100100
CCCCCC=C(c1cc(Br)cc(C(=O)O)c1OC)c1cc(Br)cc(C(=O)O)c1OC.N,1,10000100001011001100000100100000111010110000000000000111100000010000000111000101110000001000000100101001000100000000000100000100
CC(C)(C)c1cc(C(P(=O)(O)O)(P(=O)(O)O)P(=O)(O)O)cc(C(C)(C)C)c1O.[NaH],1,10000001111000100000000000100000010100010000001001000000001100001010000000100000110000000000000000001010101100000010000000000000
O=C(C=Cc1cc(O)ccc1O)OCCc1ccccc1,1,00000100001001000001010000000001010000010010000111011111000001001111000100000000110000101011000000001001010100000000000000000100
NC1(N2SC(S)=C3CCCC=C32)CCCCC1,1,00101000001000010001000000000010100110010100001010000110000000000001000010100000010000000000000000011110000000000100010000010000
COc1ccccc1C(C1=C(O)COC1=O)c1cc2c(cc1OC(C)=O)OCO2,0,11100100101100001100000000000010010000010000000100100001111010001110010101000100010000101000100101101000011111010100001001000100
Cc1ccccc1N=C1SCC(=O)N1c1ccccc1C,1,01000100001000011010001000000110010100010000000100000000001001001000000000000011010011110001000110101000000000010000000000000000
CCCCCCCCC1=C(OC)C(=O)c2c(C)ccnc2C1=O,0,10000000001000000001000000100000110010110000100000000001011100001001101001100001111100100001000011001000000000010000001100100100
Cc1cc(O)c2c(oc3cc(O)c4c(c32)COC4=O)c1C(=O)O,0,00000100001000001000000000010110010010010000001000100010011100001010100111100000010100000000001001001000011100010000011000000110
CCC(Sc1cc(Cl)c(C)cc1S(=O)(=O)Nc1nc(N)nc(N(C)C)n1)C(=O)O,0,11000100101100100001100101000100010010110100001001001100001110010000100000100000110000001001001000011000000100110110101110101100
CCN(CC)CCOc1ccc(C(C#N)=Cc2cccc3ccccc23)cc1,0,00000100001011010000001000000001011111110000100100000011011001011110010000000110111000100010000000001010110010000100000000010000
O=C(Nc1cc(C(=O)Nc2cc(C(=O)Nc3cc(C(=O)Nc4ccc(C5=NCCN5)cc4)cc(C4=NCCN4)c3)cc(C3=NCCN3)c2)cc(C2=NCCN2)c1)c1ccc(C(=O)Nc2cc(C(=O)Nc3cc(C(=O)Nc4cc(C(=O)Nc5ccc(C6=NCCN6)cc5)cc(C5=NCCN5)c4)cc(C4=NCCN4)c3)cc(C3=NCCN3)c2)cc1,1,11011000101000000000000010010010010000110000000001100100011000010000100001111000010110100110000000001110010100000100000100100100
CCOP(=O)(OCC)C(C#N)=Cc1cccn1N(C)C,1,00000001001100000000001010000000011110110000100000011011000101011000000000000100111010100010000100001010100010000100000000000001
CSc1nc(Cl)c2c(n1)Sc1nc3cc4c(cc3n1C2O)OCO4,0,01000000101000001011001000000111010100010010010001000010010100110100010101001001010100000000000001101000010100001110110000111000
CSS(C)(=O)=O,0,00000000001000000000000000000000010000000000100000001000000000000000100000000000000000000000001000010000100000000000100000000000
CCOC(=O)C1(C(=O)OCC)CC(C)C(O)C1,0,11010000001000000001001000000110010010110000000100000001001000000101000000000000110000100000000000000000010000000000000000011100
COC1(C)CC23CCC4C(C)(C(=O)O)CCCC4(C)C2CCC1C3,0,00001100011100001000010000000010010010010000010000000011110010001000010001000010000001000000011100000010000010000000000011110100
CCCC[Sn](CCCC)(OC(=O)c1nccnc1N)OC(=O)c1nccnc1N,0,10000000001000000101000000100000010011110000100101010001000000011000000000100001111000000000000000001000001010001000010100100100
CSc1nc(-c2ccc(Cl)cc2)c(C#N)c(=O)n1C1OC(COC(C)=O)C(OC(C)=O)C(OC(C)=O)C1OC(C)=O,0,11000000111100001001001011000110011100010000001011001001001111010001000100010010110001111000000000101010100100001000100011110100
CC(C)(C)OC(=O)c1ccc(NCC2=CC(=O)C=CC2=O)cc1,0,10100000101010000100000000000000010100110000000000000101011000110001000100010000110111110000001000001001010100000010000000100101
C1CN1c1nc(N2CC2)nc(N2CC2)n1,0,00001000000000000000000100000010000000010000001000000000000000010000000010000000000000000000000000001000100000000000000000110000
O=c1ccc(=O)n(CO)[nH]1,0,10000000001000000000000000000100001100010000000001000010001100000000000000000000110011100010001000001010000000000000010000000000
O=C(Nc1ccccc1S)OCc1ccccc1,1,11000100001000010001000010000000101000010110001100000001000000001000000010000000110000110010001000001100010000100000010000100100
O=S(=O)(O)c1cc(NC(=S)c2ccc3cccnc3c2O)ccc1C=Cc1ccc(NC(=S)c2ccc3cccnc3c2O)cc1S(=O)(=O)O.[NaH],1,10000000101010000001000010000000000000010000100001000010100110011111100101110000111000100000011001001000000100100010101000101000
Cl.N=C(c1ccc(-c2cn3cc(C(=N)N4CCCC4)ccc3n2)cc1)N1CCCC1,1,10101000100000000000100010000011010010010000000100010000000101010000000010100010110010100110000100001000010000010100100000101000
CNc1ccc(Cl)cc1S(=O)(=O)c1ccccc1[N+](=O)[O-],1,10000000101000010001001000000000010111000001000111000000000000001100101010011001010000101010001110101000001100000100000000000000
CC(C)C(CCl)NC(=O)c1cccc(C(=O)NC(CCl)C(C)C)n1,0,11100000001000010001000000010010010000010001000000100000001000011000000000000000110001110000000000001010100001000000010100100100
OC1(C2(O)CCC2)CCC1,0,00101000001000000000000000000010000010010000000000000000000000000000100000001000000000000001000000000000000010000000000000000000
Cc1cc(NC(=O)c2ccc(N)cc2)ccc1N=Nc1ccc2c(O)c(N=Nc3ccc4cc(S(=O)(=O)O)ccc4c3)c(S(=O)(=O)O)cc2c1,1,11110001101011001011000010000000011100010000000001000000101011111010110010110100110001110100101000001010011110010010000010000110
O=CCCCC(Sc1ccccc1)Sc1ccccc1,0,01000100001000000100000000010000000000000001000100001010100000001001000000000000110000110000001000011000100010000000101100010000
COc1cc(SSc2cc(OC)cc([N+](=O)[O-])c2N)c(N)c([N+](=O)[O-])c1,1,11000000001001000001000000100011010000000001000001000001000000000010001001111000010000000000000100101000000100000100100000000000
COc1c(Cl)cc(C(=CCCC2CCC3(C)C(CCC4C3CCC3(C)C(C(C)CCCC(C)C)CCC43)C2)c2cc(Cl)c(OC)c(C(=O)O)c2)cc1C(=O)O.N,1,11010111101010101111001100110111011010010000010001101111000010011100110111000100111000000001000100111000011100100101000101110100
Cc1ccc2[nH]c3nc(S)nc(O)c3c2c1,1,10000000000000010001100000000001010000110000000010000010001000011010000000000100011010100010000100001100001100000000010100100010
Nc1ccc2c(O)c(N=Nc3ccc(N=Nc4ccc(S(=O)(=O)O)cc4)cc3)c(S(=O)(=O)O)cc2c1N=Nc1ccc(N=Nc2ccc(S(=O)(=O)O)cc2)cc1,1,01000000101001101001000000000010000100011000000101000000000010110010110010110100110011100100001000001000001100010010000000100000
O=C1OC(CC(=O)c2ccc(Cl)cc2Cl)C(Cl)=C1Cl,0,00010000001000001001000000000100000001010110100011000000011000001001000101000000110000101000000000001001000110100000001000010100
O=c1[nH]c2ccc(CC(=S)N3CCN(c4ccccc4)CC3)cc2s1,1,00000100001000100001000101000010011100010011000100000110001000001000010010000000110001100111000001001010000100100000010101000100
CCCCCCC(=O)COP(=O)(OCC(=O)CCCCCC)OCC1C=CC(n2cc(C)c(=O)[nH]c2=O)O1,1,11000000001000001000000010101000010110110000000000001001001101101111100000100001110010101010000000001111100000111001101101110100
CN(C)c1ccc(C=C(C#N)c2ccccc2Cl)cc1,1,00000000000100000001001001000000011111110010000101000010000000001000010110000010011000100000000001011000100000100100000010000000
CCCCCCCCCCCCCCCC(=O)Nc1ccn(C2CSC(COP(=O)(O)OC3CC(n4ccc(NC(=O)CCCCCCCCCCCCCCC)nc4=O)OC3CO)O2)c(=O)n1,1,11011000011010011000000010111110010110110100001000001111001000011100000000010101110010100000001101101010101010111011100100110101
Cc1cn(C2CC3C(COC(CC[Se]C#N)N3O)O2)c(=O)[nH]c1=O,1,11111100001010001000001011011010111100010000000000010000011001001100010000000000110000101010010000111000100000110000001001010000
Cc1cc(N=Nc2ccc(Sc3ccc(N=Nc4ccc(O)c(C(=O)O)c4)cc3)cc2)c(N)c(N=Nc2ccc(N=Nc3ccc(S(=O)(=O)O)cc3)cc2)c1N,1,01000100101000001011000100000110011101011011000101000000011101110011100110110000110001110000011000001001001100010011100000000100
C[N+]1=C2[B-](C(C)(C)C)=[N+](C(C)(C)C)[B-]2(C(C)(C)C)[N+](C)=C2[B-](C(C)(C)C)=[N+](C(C)(C)C)[B-]21C(C)(C)C,0,00000001100101000011000000001010010100000000000010000000000000000100000001000001000100100000000000001000110000000010001000100000
COc1ccc(C=NNc2nc(-c3cc4oc(=O)n(C)c4cc3Cl)cs2)cc1OC,0,11010001001010001001000001000001010110011010010101101111011000110000100001010000010011100000011010001000100100101101010011100010
COc1ccc(C=C2CCS(=O)(=O)c3ccc(C)cc3C2=O)cc1OC,0,10000000001111000000000001001111010010001010000000100011001001000000100001100001010001100001011010101010000100010101110001000000
O=CN1CCN(C=O)C(O)C1O,0,00000000001000000000000000010010000000110000000000000010000000000000101010000100000000000000000000000000010010001000000000010010
CC(C)CCCC(C)C1CCC2C3CCC4CC(CCC=C(c5cc(Cl)c(OCc6ccccc6C(=O)O)c(C(=O)O)c5)c5cc(Cl)c(OCc6ccccc6C(=O)O)c(C(=O)O)c5)CCC4(C)C3CCC12C,1,01010111101110001111001100110111010010010000110101101111000011011100110110000100111010100001000101111000011110100101000111110100
COC(=O)CCC(=O)CC(=O)C1=Nc2cc(Cl)c(S(N)(=O)=O)nc2S(=O)(O)=N1,0,10000000001010110001000010001101010001011000100001100101100000111101101101000001110001101000011000011000001100100100000001110100
Cc1cc(Cl)cc(S)c1S(=O)(=O)Nc1nnc2c3ccccc3cnn12,1,10000001001010010001000000001100110001010101000101000100101000111100100000000100010100101000001100001100001110110000001100100111
O=[N+]([O-])c1cnc(N(CCO)CCO)s1,0,10000010001000000010000100001001001110010001100000000000000001000000101000010000110000000100001000001000000000000100000000100011
CCCCCCCCCc1cc(=O)c2c(O)cc(O)cc2o1,0,00000000001000101000000010100100110010110000101000000010001000001010100100000001110000001001100110001000010100000000010100000000
O=c1c2cc(-c3ccccc3)cnc2sn1-c1ccc(Oc2ccccc2)cc1,1,00000100101001000000000000000000010100010000110100100001001010001110000000100111011000100000010010001100010100000000010010100001
CN1CC(=Cc2ccco2)c2nc(N)nc(-c3ccco3)c2C1,0,00100010000101001101000001100010110010010000000001100010000000011001100001010001010000101010000000001001010000010110000001100000
Cc1occc1C(=S)Nc1ccc(Cl)c(C(=O)OCC(F)(F)F)c1,1,10000000111000001101000010100000010000110100010001100001101000010011000100010010110001100000110001001001000100100010100000000100
COC(=O)C1=C(C(=O)OC)SC(=CC#CC=C2SC(C(=O)OC)=C(C(=O)OC)S2)S1,0,10000000001000000100100000000000011101011000000000000011000000000000000001010000100000010000000000001010000000000110000000001100
COc1ccc2nc3cccc([N+](=O)[O-])c3c(NCCN(C)C)c2c1,0,10000100101111010000100010010001010010000001000000001101000111111110001011111110110000100000000000101000000100000100000000100100
CN(C)c1ccc(C=C(C#N)C(N)=C(C#N)C#N)cc1,1,00000100010110000001001001000000011110010000101000010011000000001000000010000000011000100000000001011000100000000100000010000010
CC1(c2ccccc2)Sc2ccccc2-n2cccc2C1=O,1,00001100011001011000100000001000010110110000100100001110001000001000000100000110010000100000010100001000001010010000000000100000
CCOC(=O)c1c2c(n3ccc(C)cc13)C(=O)C(c1ccc([N+](=O)[O-])cc1)S2,0,01000010001100010101101000100001010100110001010001000111101000000000001000110100110000110100000001001000000100000110010100110101
CCOC(=O)CC1=NC(C)(C)CC(C)O1,0,00010100001000011101000010000110010010110010000000000001001000000000010010000011100010100010000000001000001000100100000000110100
O=C(NCCCCCCCN1CCCCCC1)C1c2ccccc2-c2ccccc21,0,10111000001001100100000000010010001000010000000101000000000000001000010010100010110010101000010010101000000100000001000101010101
N=C(CSS(=O)(=O)O)NCC1CCCCC1,0,10101000001000010000000100000110000000010000010000000001001001000000111000000000100000000000001000001000000000010001101000110000
O=C1CCCCC1C1CCCC(C2CCCCC2=O)C1=O,0,00001000001000010000000000000010000000010000010000010010001000000000000100100000010000001000000000011000000000000010000000110100
CC1(C)CS(=O)(=O)CC(C)(C)C(=O)C1=O,0,00000000001000001000000000000011010010000010000000000000111000000000000000000001101001000000000000001000000010000000000000100000
CC1=[O+][Zr]234([O+]=C(C)C1)([O+]=C(C)CC(C)=[O+]2)([O+]=C(C)CC(C)=[O+]3)[O+]=C(C)CC(C)=[O+]4,0,00000000000000010000000001001010010001000000000000000000001000001000100010000000000000000000000000001001100000000000000000000001
COc1ccc(-n2sc3ncccc3c2=O)cc1,1,10000000001001100001000000000000010101010000110000000001001010011010000001100110011000100000100000001100010000000000000010100001
CCOc1ccc(N)c(S)c1,0,00000000000000110001000000000000010000100100100001000001001000000010011000000010110000101000010000001100000101000000000000100000
CN(C)CCCSCC(COc1nccc(-c2ccc(-c3ccc(-c4ccnc(OCC(CSCCCN(C)C)SCCCN(C)C)n4)s3)s2)n1)SCCCN(C)C,1,01000001000110000001000000000011111100000010100010101101010001110010011010100101110010100000000000001001000000000101101100100100
CCOCCCCS(=O)(=O)O,0,00000100101001000000000000000000010100110000010000000001000000000000100011000000100000100000001001000000000000000000000100001100
CC12[Se]c3ccccc3C1(C)[Se]c1ccccc12,0,00000000001000000000000000000100010010000000000101001000000010011000000000000000010100100000000000101000000000000000000000100010
CN1C(=O)C(=C2SC(=O)N(CN3CCCCC3)C2=O)c2cc(Br)ccc21,0,11101100001101110000000001010010110100010001000000000000001001010000000010001110110000101001000110001000100100010000000001011011
CCCNC(=S)NN=Cc1cccc(C)n1,0,10010000001000010000000000111000010000110100001000010010001010111001011100010000110001100000000011001000000001100000000000100000
Oc1ccc2ccccc2c1CN1CCOCC1,1,00000000000100001000000000000010010001010000000100000010011000011011000110010100110000101000000000001100000000000011000000000101
CSc1nc2c(c(N(C)C)n1)C=Nn1c(nc3ccccc31)S2,1,00110100001101000010001001000100010110010000010100001010010101111000000001001001010000100001010000001100010000011100100000101000
Cc1[nH]c2ccc([N+](=O)[O-])cc2c1CC(CC[N+](=O)[O-])[N+](=O)[O-],0,01000000001000000101101000000001010000000101011000001000001000001000101001110101110000101010000100011000000100000110000100100100
CCOC(=O)C(=O)C=P(c1ccccc1)(c1ccccc1)c1ccccc1,1,00010100011000000001000000000000010000110000001101000011001000101000000001010100110000100000001000001000000000000100000000010100
O=S(=O)(Sc1ccccc1)C(c1ccccc1)c1ccccc1,0,01000100001000000000000000010000000000000001010100000000000000001000100000000100010001100000101000011000000100010000100000000001
Cc1cc(S(=O)(=O)Nc2nnc3c(C(F)(F)F)cc(Cl)cn23)c(S)cc1Cl,1,10001010101110010001000000000100110100010100110001000000001000000101100001000000110001001000001000001100000100110110001110101000
CCCCC(C(=O)CCC(=O)Nc1ccc(Cl)c(Cl)c1)C(=O)C(C)C,0,11000100001000000011010010111001010000110100010011000001100000010000011010010001110100100000001000011010000100100000000100100110
O=C(OCCO)C1CC2CC1C1(C2)OCCO1,0,00000011011011001001001010001010000110110000000100000011000000000000000000010100110000001100001000000000000000000000000001011100
Cl.Cn1cc(NC(=O)c2cc(NC(=O)Nc3cc(C(=O)Nc4cc(C(=O)NCCC(=N)N)n(C)c4)n(C)c3)cn2C)cc1C(=O)NCCC(=N)N,1,11101000101110000001000010011000010010010000000000000000101000010000011000010001110010000000000000001010100100010000000011000100
CCOC(=O)NN(C(=O)OCC)C(C(=O)c1ccccc1)N(NC(=O)OCC)C(=O)OCC,0,11110100001010000001000000000000011001110000000100000001011000001100000001000000110010100000101001001000010000010100000000000101
C[n+]1c(-c2ccc(C=NNC(=O)c3ccc(C(=O)NN=Cc4ccc(-c5cn6ccccc6[n+]5C)cc4)nc3)cc2)cn2ccccc21.Cc1ccc(S(=O)(O)=[OH+])cc1,1,10100000101000100001000011001001110000011010100100010110001110111100100110010101111001110000001110001011110101000100000001100101
COc1cc2c(c3c1c(=O)c1ccccc1n3C)C=CC1(CCCCC1)O2,0,11101100001001101001011000000010110111110000010100111001001000101010000001000100010000100000010100011010000100000100000011000000
O=C([OH+][Mn+](C#[O+])(C#[O+])(C#[O+])(C#[O+])C#[O+])C(F)(F)C(F)(F)F,0,00000000111000000000000010000000111001110000010000000001000100000000000000000010000000000000000000000000000000010110000001000110
Cc1cn(C2CC3OP(C)(=O)OCC3O2)c(=O)[nH]c1=O,1,11011000001010001000000010010010011000110010010001000000001001001100000000000110110000000010010100011000100000111000001011010000
CC1COB(c2ccccc2)OCC(C)N1CNC(=O)C1=C(O)C(N(C)C)C2CC3C(=C(O)C2(O)C1=O)C(=O)C1C(O)=CC=CC1C3(C)O,1,10110101011111001110100000100110110010011010111110100100111101001010011000000000110100100000001001001010001011010101110000111110
CC12CC(C#N)(C#N)C(C#N)(CO1)C(=N)O2,0,00100000000000001000011000111010111010000000000000000000000010000000000011000000000101000010000000001010100110010010100001100000
CCCc1cc(=O)oc2c3c(c4c(c12)OC(C)(C)C=C4)OC(C)C(C)C3O,1,01100110001000101001000010100100011110110011000000100100001000101000110000010010111000000001010000001000010100101011000000110100
Cl.O=C(NN=C(CCN1CCCC1)CC(c1ccccc1)c1c(O)c2ccccc2oc1=O)c1ccncc1,0,11101100001000101000000000001010000001010000010101000000111010101011100011110110110001100011000100001010110000111100000101100101
O=C(O)c1ccc(C=Cc2ccc(N=Nc3cc(S(=O)(=O)O)c4cccnc4c3O)cc2C(=O)O)cc1.[NaH],1,00000100101000001011010101000000011101011000100000010010010110101111100111100100110001110000001000001100011100100110100010100110
CCCC(O)C1(CC)CC(C)C(O)(C2(C)CC(C)C(C(CC)C(=O)C(C)C(O)C(C)C3OC(O)(C(CC)C(=O)O)C(C)C(O)C3CC)O2)O1,1,11111100111000001010001110110110110010111110001100001010000001100111001111010001100000000000000000110110011000010100101100111111
CC(C)CCCC(C)C1CCC2C3CCC4CC(CCC=C(c5cc(Cl)c(OCc6ccc(C(=O)O)cc6)c(C(=O)O)c5)c5cc(Cl)c(OCc6ccc(C(=O)O)cc6)c(C(=O)O)c5)CCC4(C)C3CCC12C,1,01010111101110001111001100110111010010010000110001101111000010011100110110000100111000100011000100111000011110100111000101110100
Cc1ccc(C)c(NC(=O)C(=O)CC(=O)C2CCOC2=O)c1,0,10000000001000001010000110010111010000110000010100000010111000010000000010010000110111100000000001001000000100110000010000010100
Cc1cccnc1CC(O)c1ccccc1,0,01000101000000000001000000000000010000010000110100000000001000001000000000100001111001100000000000011001010000010100000000100000
CN1C(=O)c2ccccc2Sc2ccccc21,1,00000000001001010000010010000010010100010000000101010100001000001000000000000000010000101011000010001000100000010000000001001000
Oc1ccc2c(c1)CCc1c-2n(CCN2CCOCC2)c2ccc(O)cc12,0,01010000000100001010001000010010011000011000010001000010010000010010000010100100110010111000000010001100011100000000001001000101
COc1cc(NC=O)c2c(c1)SC(C)C(=O)N2,1,10001010001001000000000000000100010110000100000000000111011001000010000111000000010000100010000000001000101110000000000000011001
CCN(CC)CC1CCCCN1CC(=O)N1c2ccccc2NC(=O)CC1C,1,00001000001010011010000001110110110010111000010101100010001101101010000010000010110000110010101010001011100000110100000000110100
c1cnc(SCc2nc3ccccc3o2)nc1,1,00000000000000001000010010000000010100000000100100000000000000111000100001100000110011100110000000001100100000000000100000100000
CCCCSC[c-]1nc2ccccc2c(C)[n+]1=O,1,00000000011000000000010000100010010001110000000110000000011000001100101001000101110001100100001000001101100000000000100100110000
CCOC(=O)C(CC(=O)OC)NC(=O)C(CC(=O)OC)NC(=O)C(CC(=O)OC)NC(=O)C(CC(=O)OC)NC(=O)OCc1ccccc1,0,11000101011000000001000000100000010001110010000100000001011001001101000001000000110000100010001011001000011000100000010000100100
COC(c1ccc(O)cc1)C1NC(=O)C(CCC(N)=O)N(C)C(=O)C(CC(C)C)NC(=O)C(CCCNC(=N)N)NC(=O)C(C(C)O)NC(=O)C(NC(=O)C(NC(=O)C(O)C(O)C(CCCNC(=N)N)NC(=O)C(C)NC(=O)C(C)C(O)C(C)CC(C)C)C(C)C(C)C(N)=O)C(C)OC(=O)C(C)N(C)C1=O,1,11010101011010001001001001011100110101011001110100111011001011001010111111010101111011110010111000111101111010111011010101111110
COc1ccc(Nc2nc3c(s2)c(C)c(O)c2ccccc23)cc1,1,11010000000011000000000010000010011101011000000100000001001010011010000001110110010000100000000000001000000100000000100010101000
CCSCCCCCCCCCCCC(=O)OCC1OC(n2cc(C)c(=O)[nH]c2=O)CC1F,1,11001000101010001001000010011010110001110000100000000001011001000100001000001000111000000010010000101000101000111001101111110100
Cc1nnc2n1-c1ccccc1-c1[nH]c3ccccc3c1C2,0,00000001000010010001010000011010110001011000001100100000001000001000010001000100011000101010000010001000010100010000101100100000
Nc1nc(N)c(-c2ccccc2)c(C(=O)Nc2nccs2)n1,0,11000100111000100001000011000001100100010010100101010000110000011000000000100000011100101000000010011010001000001000010000100100
O=C(O)C=Cc1ccc(Oc2ccccc2C(=O)O)o1,0,10100100001001101000000100100001000000010100000100100011010000001001100110100000110000100000000001001000000000000000000000001100
COc1cc(NC(=O)c2ccc(NC(=O)c3ccc(N)cc3)cc2)c(OC)cc1N=Nc1ccc(N=Nc2ccc3cc(S(=O)(=O)O)cc(S(=O)(=O)O)c3c2)c(C)c1,1,11010000101011001011000010000000011100010000000001110101001101111000101011110100110001110000101000001010010100010010000011010110
COC1OC2COc3ccccc3OC2C2NC(=N)SC12,1,01010011000100101000000100010010010100000101011100000001010000001110000011011000010000100010011010001001000000110100000000011010
CCC(C)C(NC(=O)CNC(=O)CN)C(=O)NCC(=O)NCC(=O)O,0,11000110101000110001000000010001110000110100000000010001000011000000010001000000110101000000001000000010000001000000110001000100
Cn1c([N+](=O)[O-])cnc1CSc1ccc(C#N)cc1,1,00000000001000000001001000001000011000010001100001001100000000101001001000010000110001100000000000011011100000001100100101100001
Cc1ccc(C(=O)Nc2ccc(S(=O)(=O)O)c3cc(S(=O)(=O)O)cc(S(=O)(=O)O)c23)cc1NC(=S)Nc1cc(C(=O)Nc2ccc(S(=O)(=O)O)c3cc(S(=O)(=O)O)cc(S(=O)(=O)O)c23)ccc1C.[NaH],1,10010000101000100010000010011000010000010000000000110000001101011000100010000100110000100010001001001010010100110010000000100110
Cc1cc(N=Nc2ccc(C(=O)Nc3ccc4cc(S(=O)(=O)O)ccc4c3)cc2)c(N)c(N=Nc2ccc(N=Nc3ccc(O)c(C(=O)O)c3)cc2)c1N,1,11010100101000001011000110000110011101010000000101000000111101111011100110110000110001110000011000001010011100010011000010000100
[O-][Cl+3]([O-])([O-])[O-].c1ccn2c(N3CCCC3)[n+]3c4ccccc4n4c(N5CCCC5)[n+]5ccccc5c4c3c2c1,1,10001100001000000000001110000110101010011000011101000000000011011000011011010111010101111000001000101000001100000000000010000110
Clc1ccc(C2=CC(c3ccccc3)N3C(=NC4CCCCC43)N2)cc1,0,10101100110000000001001101000010000011010000011111000000000000001101000001001000011000101010000000001000001000011000010010110011
CC(C)CCCC(C)C1CCC2C3CCC4CC(CCC=C(c5cc(Cl)c(OCc6cccc(C(=O)O)c6)c(C(=O)O)c5)c5cc(Cl)c(OCc6cccc(C(=O)O)c6)c(C(=O)O)c5)CCC4(C)C3CCC12C.[NaH],1,01010111101110011111001100110111010010010010110001101111000110011100110110000100111000100011000101111000011110101111000101110100
Cc1cc(-c2ccc(N=Nc3cc(S(=O)(=O)O)c4cccnc4c3O)c(C)c2)ccc1N=Nc1cc(S(=O)(=O)O)c2cccnc2c1O.[NaH],1,10000000101000000111000000000000010101011000100001000000001110001010100000100100110001110000101000001100000100010010000010100010
COc1cc(C2c3cccc4cccc(c34)C3CCC(=O)N32)cc(O)c1O,1,11010000101000110001000000000010110000010010010010100001001000011010000101100000010001100000000100111100100100010001000101011011
C[n+]1c(-c2ccc(NC(=O)c3ccc(C(=O)Nc4ccc(-c5cn6ccccc6[n+]5C)cc4)cc3)cc2)cn2ccccc21.Cc1ccc(S(=O)(O)=[OH+])cc1,1,11010000101000000001000010000001110000010010000100000100001110011100100100010101111000100000001100001010010101000000000001000100
CC12CCC(C3NC(=S)NN=C31)C2(C)C,0,01000011001100000110000000000010011010000000010000001100000100000001000000000000000100001010000011001101000001000000100000111000
CC1(C)CC(C2CC(C)(C)CC(C)(C)C2O)C(O)C(C)(C)C1,0,10000000000000000000000000000010010010010000001000000010000000000000000000000001100000000000000000001000010010100000000001110010
COc1cc(OC)c2c(=O)c(O)c(-c3ccc(OC)c(OC)c3)oc2c1,0,11000000101111001000000000000100010010010000000000100001001000001010100001100100010000100010011100011000000110000000010001010000
Oc1cc(O)c2c(c1)OC(c1cc(O)c(O)c(O)c1)C(O)C2,0,01000000100000001000000000000110100000010000000010000000000010001010000100100000010000000000000000011001010100111100010000010001
NC(=O)c1ccc(NCC2=CC(=O)C=CC2=O)cc1,1,10100000101010000001000000000000010100010000000010000100011000110000000100010000110011110000000000001001010100000000000000100101
COC(=O)C(C(=O)C(=O)Nc1ccc([N+](=O)[O-])cc1)c1nc2cc(C)c(C)cc2nc1O,0,11000010001000000101001010100000010000010001000100001111001000010011001001010001011000101000000000001000001101010100000001100100
N#Cc1c(Cl)c2cc([N+](=O)[O-])ccc2n2c1nc1ccccc12,0,00000100001000000111111000000000111010010001011101000000000000011000001001011100010001100100000000011110100100001101000000100000
CCCCCCCCCCCCCCCCCCNc1ccn(C2OC(COP(=O)(O)OCC(COP(=O)(O)OCC3OC(n4cc(C)c(=O)[nH]c4=O)CC3N=[N+]=[N-])OC(=O)CCCCCCCCCCCCCCC)C(O)C2O)c(=O)n1,1,11001010101010001000101010111010110010110101001010011001001001011110011000010101110111100010011100101011111000111011001101110100
CC(C)COC(=O)N1N=NC2C3CC(=O)C(O3)C21,0,11000001011100001101000000010011010000010101000000001101001010001000001000000000100010000000000000001001000000000010001000110110
Cl.O=C(O)CN1CCNCCN(CC(=O)O)CCNCC1,0,00100100001000000000010000001010100000010000000001010000000000000000000011001000100000000010000010001000000010000000000000000101
CC(=O)N1N=C(c2ccc3ccccc3c2O)CC1C(=O)c1ccco1,0,00100010001000001001100001000010110001111110000100000000100000011010000000110100111000100010000110001001010101001000000001110100
CC(C)OC(=O)NCCn1cc(-c2ccccc2)nn1,0,11000100101011000000000000010000010000010000000100010001001000101100010001100000110010100000001010001000000100010000010101100100
O=C(O)c1csc(C(=O)O)c1,1,00000100001000000000000010010001000100111000000000000000000000000000000011000000010000000000000000001000010100000010000100000100
C[n+]1c(-c2ccc(C=NNC(=N)NN=Cc3ccc(-c4cn5ccsc5[n+]4C)cc3)cc2)cn2ccsc21.Cl.[Cl-],1,10100000100000100000001001001001010101010010000010010110000110100010000001110101111001100000000010101000000001010110000001000000
Cc1cc(N(CCC#N)CCC#N)ccc1C=C1N=C(C=Cc2ccccc2)N(c2ccc(Cl)cc2)C1=O,0,00000100101010000001001111000111011000010001001111000010001000001101000011000100111000101110000000001000111110110100100000100000
Cc1cc(S(=O)(=O)Nc2nnc3c4scc(C)c4ncn23)c(S)cc1Cl,1,10011000101110010001000000000101111110011100100001000100001010000100100100000100010000000001011000001100000100110000001110111000
CCCCCCCCCCCCCC(=O)OCC(CCS(=O)(=O)OC1CCC2(C)C(=CCC3C4CCC(=O)C4(C)CCC32)C1)OC(=O)CCCCCCCCCCCCC,1,01000001001000001101000000101010010011111001011000000111111001010000110000100001110100100100101101011001001000111001011111110101
Cc1ccc(N=Nc2c(=N)[nH]n3cc4c(nc23)-c2ccccc2CC4)cc1,0,11000100000000101000000010010011110100110100100100000010001100111001000001100000110011111010000010001100001100010010000000100000
COC(=O)C(=O)C(C(=O)C(=O)Nc1ccc([N+](=O)[O-])cc1[N+](=O)[O-])c1nc2ccc([N+](=O)[O-])cc2nc1O,0,11000010001000000100101010100010110000010001000100000001001100011111001111011000011000101000000000101000001101000100000000100100
N#Cc1nc(COCCOCc2ccccc2)oc1N,1,00000100001001001001011000100000001000000010000101000101000001011000110010000000110000100010011000001000110000001100000010100100
O=C(NCCNCCCNC(=O)c1cc(-c2ccccc2)nc2ccccc12)c1cccc(O)c1O,0,11010100101000010000100000010001010001010010000100010001100000011011010101100100110010100000000010001010100110000000001100111100
COc1ccc(CCN2C(=O)c3cccc4c(Sc5ccccc5[N+](=O)[O-])ccc(c34)C2=O)cc1OC,0,11110010011010010000000001000000110011011001110100100011001000001100001001011100110000101011011010101000100100011100100001000000
CC(C(=O)O)C(=O)NC(=O)N(Cc1ccccc1)N=O,0,11000101001010000100000000010100010000010010000100001000000001001101000000000000110101100110000100001000000000000100010000010100
O=C(Nc1ccc(C=Cc2ccc(NC(=O)c3ccccc3O)cc2S(=O)(=O)O)c(S(=O)(=O)O)c1)c1ccccc1O.[NaH],1,10000000101010000000000010000000000000010000000100000010101100011111100101010001110000100000011000001010000100000010100000001100
NNP(=S)(NN)c1ccccc1,1,10000100100001000001000000010000000001000000000100000000000000001100000000010000010010100000000001001000000000100000000000010000
CC1CCn2c(=S)[nH]c3cccc(c32)N1,1,00000000010000011000000000000110111000011000010000000100000010101000001010000100010000101010000001001000000011000000000100011000
O=S(=O)(Nc1nnc2c3ccccc3cnn12)c1ccc(Cl)cc1S,1,10000001101010010001000000001100100001010101000111000100000000011100100000000100010000101000001000001100001110000000001100100011
Cl.O=C1C(CN(Cc2ccccc2)Cc2ccccc2)CCCC1CN(Cc1ccccc1)Cc1ccccc1,0,00101100001000000001000000000010000000010010010100000000001000001010000001010000110000101010000000011000000000000100000010010000
CC1=NN(c2nc(N)nc(NS(=O)(=O)c3cc(C)c(Cl)cc3S)n2)C(C)(C)C1,1,10001000101000010001000101000010111010010100101001000100001100010010100100100000110010001000001100001100110100110000001110101000
CC1(C)Oc2ccc3ccc(=S)oc3c2C(OC(=O)C23CCC(C)(C(=O)O2)C3(C)C)C1OC(=O)C12CCC(C)(C(=O)O1)C2(C)C,1,00100101001100001011000000000010011010010000001000011111001001010100110100011000110000100100001001001010000001011100000100110111
O=c1n(-c2ccccc2)c(=O)n2n1C1C3C4C5C1C5C2C43,0,00010101001000000000100001000000010000010000000100000001001000001100000001000000010010100100000000001000000000010000000000010000
CC(=O)N1CCc2cc(S(C)(=O)=O)c3c(c21)CCC3,0,00101101101000000010100000000010010000010000000010001000000000100000100010100000010010000000001010001000010101010000000001001101
CC(=O)Oc1ccc(CCC(=O)OC(C(=O)O)C(OC(=O)CCc2ccc(OC(C)=O)c(OC(C)=O)c2)C(=O)O)cc1OC(C)=O,1,01010110001100000000000000001000010000110010000000101011000010000110010000000000110000100011001000001000101110010000000001000110
CN(C)c1ccc(C=C(C#N)c2ccccc2Br)cc1,1,00000000000100000000001001000000011110110010000100000010010000001100010110000000011000101000000101011010100000000100100010000000
Cc1occc1C(=S)Nc1ccc(Cl)c(C=NOC(C)C)c1,1,11000001000000001001000010111000010000110001000001100011101000010101000100010000010001100000110011001000000100101000100000000000
O=C(CCc1ccc(O)cc1)NCCc1cccc(O)c1,1,10000000001000011000010000011000010000010110000000000110010010001110010000000000110001100011000000011000110100000010000000000100
COc1cc(C=CC(=NNC(N)=S)c2sc(NNC(C)=O)nc2C)ccc1O,0,11010000001011001001110001001001111110010000110100100011001010111011000101000001010001100001101001001010110100100100010001100100
CC1(C)CCCOc2cccc(c2)OCCCC(C)(C)C1=O,0,00001100001000011000000000000011110010100000000000000010011000001000011000000000010000100000010000001000000110100000100000100000
Cc1cc(S(=O)(=O)Nc2n[nH]c(Nc3ccccc3)n2)c(S)cc1Cl,1,10001100101000010101000000000000110000000100101101000000001100011000100000100011110010101010001000001100000100110000101110101000
Cn1cc(NC(=O)Nc2cc(C(=O)Nc3cc(C(=O)Nc4ccc(P(=O)(O)O)c5cc(P(=O)(O)O)ccc45)n(C)c3)n(C)c2)cc1C(=O)Nc1cc(C(=O)Nc2ccc(P(=O)(O)O)c3cc(P(=O)(O)O)ccc23)n(C)c1.[NaH],1,11011000001100000000100110001000010010010000001000010000101100011000011110000100110010100000000000001010100100001000100011111100
CCOC(=O)C1NCCc2c1[nH]c1ccccc21.Cl,0,00100000001000100001001100000010010001110000100101000001101010001000000000100100111000110010000000011000010000000100000110010100
CC(C)(Oc1ccc(C(=O)c2ccc(Cl)cc2)cc1Cl)C(=O)N1CCN(CCO)CC1,0,00000000111000000101000000000010010010010000001011100101000000000100000010100100111000101101001000001000010100111011000001000101
CC(=O)C(C(=O)CCSCCO)C(SCCO)c1ccc(Cl)c(Cl)c1,0,01000000001000000011000000101010010000110000100001000001010001110000000000000001111001100100001000001000100100100100100001100100
COC(=O)c1c(C)cccc1C1CN=NC12Cc1c(C)cccc1C2=O,1,10110001001000011100000000001010010010010010100001000011001110101001000001100001010000101000001010001001010000010101100000110100
Cc1ccc2c3ccc4c(c3n(C)c2c1)C(=O)C=CC4=O,0,00100000001000000000001000000011110100011000010000001000001000000111110000010100010100100000000011001000000100000010010001000000
O=C(Nc1ccc(C2=NCCN2)cc1)c1ccc(C(=O)Nc2ccc(C3=NCCN3)cc2)c(Br)c1,1,10011000101000100000000010000010010000010000000001100100011000010101100101110001010100101110000100001011010100000100000000100100
CC(=O)Oc1c2ccsc2cc2ccsc12,0,00010000001101100010000001100011010100010010000001000001000000010101000000000100010000100000000000001000001100010000010001000100
COc1ccc(Nc2n[nH]c(NS(=O)(=O)c3cc(C)c(Cl)cc3S)n2)cc1,1,10001000101011010101000000000000110000000100101001100001001100010010100001110010010010100010001000001100000100111000101110101000
C[s+]1c2ccccc2c2ccccc21.O=S(O)(=[OH+])C(F)(F)F,0,00000001101000000000100000010000010001010001010100000000000010001100110000000100110000101000001000001010000000000010000100000010
CC12CCCC(=O)C1CC(C(=O)O)CC2,0,00101100001010000000000100000110010010010000010010010000001010000000000000100110000000100010000000101001000000000010001100110100
O=C(O)c1cc(O)c(Br)c(O)c1N=Nc1ccc(C=Cc2ccc(N=Nc3c(C(=O)O)cc(O)c(Br)c3O)cc2S(=O)(=O)O)c(S(=O)(=O)O)c1.[NaH],1,01000100101000001000000100000000001100011001000010100010000100100111100111100000110001101000001100001000001100000011100000001100
COc1ccc(-c2sc(N=Cc3ccc(N(C)CCC#N)cc3)c(C#N)c2C)cc1OC,1,10100000100110100001001001000101011110100000001000100011001010001100000111001100110001100100111010001011100100001100100001001000
COc1cc(C2OCC3C(c4ccc(O)c(OC)c4)OCC23)ccc1O,0,10010000000100001000000000000010011000010000000000100001000000001011000101000000010000100010000000011010000100101001000001011001
O=C(COC(=O)c1cccc2c(=O)c3ccccc3[nH]c12)Nc1ccccc1,0,10000100011001010101000010000000000001010100000100000111001000011000000100000110110010100011000110001000000010000000000100100100
N#CC(C(=NNC(=O)C(=O)NN)C(=O)Nc1nc([N+](=O)[O-])cs1)c1ccc(Cl)cc1,1,11100000001100001101001110000001001111011001001111000000001011110100001000010000010001101110000000001000100010010100010000100100
CC(C)CCCC(C)C1CCC2C3CCC4CC(CCCC(c5cc(Cl)c(O)c(C(=O)O)c5)c5cc(Cl)c(O)c(C(=O)O)c5)CCC4(C)C3CCC12C.[NaH],1,01010101101010001111001100110111010010110000010011100001000110011010110110100000110001001010000000011000111100100101000101110110
CC1OC(OCC2OC(Oc3c(-c4ccc(O)cc4)oc4cc(OC5OC(C)C(O)C(O)C5O)cc(O)c4c3=O)C(O)C(O)C2O)C(O)C(O)C1O,1,11001000101111001100000000000100010000111011001001011011111100001010100101000101111000100100000000101000110110001010010000011000
O=Cc1cc(C(=O)Nc2ccc(C=Cc3ccc(NC(=O)c4cc(C=O)c5cccnc5c4O)cc3S(=O)(=O)O)c(S(=O)(=O)O)c2)c(O)c2ncccc12.[NaH],1,10000000101010010001000010000100001001010000100000000010101110011111100101111101111000100000001000001010000110000010100000101100
CCN1CC2(COC)CCC(=O)C34C5CC6C(OC)CC(O)(C5C6O)C(C(OC)C23)C14,0,10110001001010001000000101000010111010110110000100010001001000010011000111100001100000000011010000001010110001101101000010011100
O=c1c2ccccc2c(=O)n2n1C1C=CC2C1,0,00100000001010000000000000000010000011010000001100010000001100001000000000000100010000110000000000001000000000011000010010010000
Cl.NCCCCC(NC(=O)C(N)Cc1ccc(O)cc1)C(=O)NC(CCCCN)C(=O)NC(CCCCN)C(=O)ON1C(=O)CCC1=O,1,11110000001000000011000000000010011000010100000010001011011001000011001001100001111001100110000010011000010011000110010101100100
N.O=C(O)c1cc(Cc2cc(C(=O)O)c(O)c(C(=O)c3ccc(O)c(C(=O)O)c3)c2)ccc1O,1,00100100011000000000001100000000011000010000000010011010000101000011000110100000111000100010000000001000010100000000000000001100
CC(=S)NC=C(C(N)=O)C(N)=O,0,10000000001010000101000000110000010000010000001000000010000010000000000000000000011001000000000001000000000000100000000001000100
N#CC1=C(c2ccccc2)OC2(N)OC(c3ccccc3)=C(C#N)C12C#N,0,10100100100000001001001000001000101011000000000100000000001000011000000000000000110000100000000010001000101001001100000100000000
Cc1nc(-c2ccc(Cl)cc2)cn2c1nc1ccccc12,1,10000100100000000001010000000000110010010000011111010000001000011000000001000000110110101110100001001100000000000000000000100000
O=C(O)CCCCCCCCCCOc1ccc(I)cc1,0,00000101001001000000010000001000000000010000100000010001001000000010000001000010110000100000000001001010000000000001000100000100
Cl.NCc1ccc(-c2ccc(CN)s2)s1,1,00100000000000001001000000010000001100000000000000000000000100100000000000100000110011100000000000001001000000000000000010000000
CCCCCCC(=O)CC(=NNC(N)=S)C(=O)NC1C2CC3CC(C2)CC1C3,0,10011000001010001001101010101010110011110000010100000100101010100000000101000011110001000000000001000110000000100001000100010100
N.O=C(O)c1cc(Cc2cc(C(c3ccc(O)c(C(=O)O)c3)c3ccc(O)c(C(=O)O)c3)cc(C(=O)O)c2O)ccc1O,1,01100100001000000000001100000000011010010000000010000010000101000011010110100001110001101011000000101000001100000000000000000100
CCOC(=O)c1cc2ccccc2cc(C(=O)OCC)c1=O,0,00000000011001000101000000000000010000110000000100000001001000011010000100000010110000100000000000001000000100000000000100000100
CCN(CC)CCn1c(=O)c2cccnc2n2c3c(=O)n(C)c(=O)n(C)c3nc12,1,10010000001000001001000000010001111011110100100000001000001001011000000001100100111001100000000000001000011010000100010011110001
COc1ccc(C=NNc2nnc3c4ccccc4c4ncccc4c3n2)cc1,1,10000000000111100001000001000010010011000010101100000111000010011010000001110110010001100010001010011000000000001101000000100000
CC1CCCOc2ccc(cc2)C=Nc2ccc(cc2)CCc2ccc(cc2)N=Cc2ccc(cc2)OCCC1,0,00001000000010001000000000100110010000001000010000000010010111000010001001100100010000110000000000001000000010100000010011111001
Cn1nc(-c2ccccc2)c(C(=O)C=Cc2ccc(Cl)cc2)c(N2CCCC2)c1=O,1,00011100101000000011100111001011010010011000001111000010001000101001000010100010010001111000000010001000100000100100000011101100
CC(C)CC(NC(=O)OCc1ccccc1)C(=O)NCCCCC(NC(=O)C(CCCCNC(=O)C(CC(C)C)NC(=O)OCc1ccccc1)NC(=O)C(CCCCNC(=O)C(CC(C)C)NC(=O)OCc1ccccc1)NC(=O)C(CCCCNC(=O)C(CC(C)C)NC(=O)OCc1ccccc1)NC(=O)OC(C)(C)C)C(=O)O,0,11010100111000001001000000010000010000111010010100001001010001001001010000100000111010111010001010011001010000101110010100100100
O=C1NC2(CCCC2)C(=O)C12CCCC2,0,00001001001000000001000001000010100010000010000100000000001000000000000001000100000000000010000000001110000100000000100000000100
O=C(C=Cc1cccc(Cl)c1)c1ccccc1,0,00010100001000010001000001001001000001010000000101000010001000001101000001000000110000101000000000001000010100000100000001000100
CN(c1ccccc1Cl)S(=O)(=O)c1ccccc1[N+](=O)[O-],1,00000000101100010001000100000000010010000001000111000000100000001000101000111010011000100000001010101000100000100100000000000000
CCCC[Sn](CCCC)(OC(=O)c1cc(F)cc(F)c1)OC(=O)c1cc(F)cc(F)c1,0,10001010101000000100000000110000010011110000100100000001000100000000000000000001111000000000000000001000010100000000010100100101
Cc1cc(S(=O)(=O)Nc2nc(=N)n(-c3ccccc3)[nH]2)c(S)cc1Cl,1,10011100101000010001000001010000110000010100100101000010001000011000100000000110010000110010001000001100000110111000001110101000
CCOC(C[Se]CC(OCC)OCC)OCC,1,01010000000000000000000000000000010000100010000000000001010010000000000000000000100000100100000000011000000000001010000000000000
CCOC(=O)C(CC(C)C)NC(=O)C(Cc1ccccc1)NC(=O)CNC(=O)OC(C)(C)C,0,11001100101000001001000000110000110000111110000100010001001001001001010000100001110000100110001011001001000100001010010100000100
Cc1cn(C2CC(N=[N+]=[N-])C(COC(=O)C3C(C#N)CC4C5CCC6=CC(=O)C=CC6(C)C5C(O)CC43C)O2)c(=O)[nH]c1=O,1,11001011001010001001101011010011111110010100011010010011001001000100011100100010110011101010010100101101110000111100011011111100
CC(=O)c1ccc(NC(=O)C(=O)Nn2c(=S)[nH]c3ccccc3c2=O)cc1,0,10000101011000000001000010001000010001010000010100000100001000011001000000010101010000100010000001001000011100000000010111001100
COCc1cn(C2CC(F)C(CO)O2)c(=O)[nH]c1=O,1,01001000101010001000000000010010111000010000000000000001001001000100011001001000110001000010011000101000010011100010001011110000
CCCCSC(=CC(=O)c1cccc(C(=O)C=C(SCCCC)SCCCC)n1)SCCCC,0,00011000001001011000000000100010010000110011000000000010000001011100000000000001110000110000100011001000000000000000100100100100
Cc1cn(C2CC(OC=O)C(CO)O2)c(=O)[nH]c1=O,1,11001000101010001000000010010011010000010000000000000011001001000100000000000000110000000010011000111000100010110000101001010000
CCCC(=O)NC(Nc1cc(C)ccn1)(C(=O)OCC)C(F)(F)F,1,10010000101000000001000000101001010001110101110001000001101111010000001000110100110100100000100001101100000100000010010000100100
Cc1ccc(-c2n[nH]c(=O)n2N2C(=O)C=CC2=O)cc1,1,10000000101000000000010000000001010110010000000000000000011000010110000000100000010011100010000000001000011100000000001000100000
O=C(NC(=Cc1cccc([N+](=O)[O-])c1)c1nc2cc([N+](=O)[O-])ccc2[nH]1)c1ccccc1,0,11101100001000010101101100000000001100010001100101000010000000011110101001110000111010100011000100001010011100000101000100100100
Cc1ccc(-c2cc(-c3ccco3)c(C#N)c(O)n2)cc1,0,10000011100001001001101000001001011000010000000000010000001000011010000000000000010111100010000110001010101100001100000001100000
CC(OC(=O)NCn1cc(-c2ccccc2)nn1)c1ccccc1,1,11000100101011000000000000010000110010010000010100010001000000001100010000000000110011100000001010001010000100010000000101101100
COc1cc(N=Nc2cc(NC(C)=O)c(N=Nc3ccc(C(=O)O)cc3)cc2S(=O)(=O)O)c(C)cc1N=Nc1cc(OC)c(NC(=O)c2ccc(N)cc2)cc1C,1,11110100111010001011000010000010011111010100000101110001001001100000101111110000110001110000101000001110011100010010010011010100
O=C(c1nc2cc([N+](=O)[O-])ccc2nc1O)C(O)c1ccco1,0,01100010001000011101101000000000000000010001000100000010000000011111001001010100011000100010100000011000001100000100000000100100
O=C1Nc2ccccc2Oc2ccccc21,1,00000000001010011010000000000000000010000000100100000000001000101000000001000000010000101010000010001000001000000100000101010000
Cc1cn(C2CC(N=[N+]=[N-])C(COC(=O)CCCCCCCCCCOc3ccc(I)cc3)O2)c(=O)[nH]c1=O,1,11001010001011001001010010011010110001010100101010010001001001000110000000000010110001100010010001101011101000111001001101010100
CN1C(=O)c2ccccc2C1(N)c1ccccc1,1,00001100001000000101000000000000010010010001100100001000001010001000000000000010110000101000000011001000000000010110000001000001
O=S(=O)(O)c1cc(N=Nc2cc(S(=O)(=O)O)c3cccnc3c2O)ccc1C=Cc1ccc(N=Nc2cc(S(=O)(=O)O)c3cccnc3c2O)cc1S(=O)(=O)O.[NaH],1,00000000101000001011000000000000001101011000100000000010000110101111100001100100110001110000001000001100000100000010100010101010
Cc1cccc(N(C=O)c2c(O)nc(N)nc2O)c1,0,10000000011000010001000101000001110000010001000001100010001000011010000010000000011000101000100000011000001110000100010000100000
c1ccc(-c2nc(-c3ccccc3SSc3ccccc3-c3nc(-c4ccccc4)nn3-c3ccccc3)n(-c3ccccc3)n2)cc1,0,01000100100000000000000001000001110010011001100100000000001011011010000001010000010000101000000010001000010000000000100101100000
O=C(CC(C(=O)c1ccsc1)c1ccccc1)c1ccccc1,0,01100100001000100000000000000100000100011000010100000000001000001100000000000100111001110101000010001000010100000000000000000100
Cc1nc2ccccc2c(=O)n1Nc1ccc(C(=O)O)cc1,0,10000100001000000000010000000000010001010000000100000001001000011001000011010100010000100000100000001100011100000010000010100100
CC(C)CC(NC(=O)C(Cc1ccccc1)NC(=O)C1CCC(NC(=O)C(N)Cc2ccc(O)cc2)C1)C(N)=O.Cl,0,11110100011010000011000000010010010000011010110101000011010011001010011000100011110000100110000010101000011000000010010101010100
O=C1c2c(c3c4ccccc4[nH]c3c3[nH]c4ccccc4c23)C(=O)N1Cc1ccccc1,1,10000100001010000001000000000000000001010010000100000000001000001011000000001100110100100011000100001100000000010000000100100000
O=S(=O)(O)c1cccc(N=Nc2ccc(N=Nc3ccc(Nc4ccccc4)c4c(S(=O)(=O)O)cccc34)c3ccccc23)c1,1,11000100101101011010000000000000001101010000000100110000000000111001100010000100110001110001001010001000000100000010100010000010
Cc1c(Cc2ccccc2)n(COCCCO)c(=O)[nH]c1=O,1,10010100001001000000001000000000011000010010010100000001011001001000000010000000110011100110001000001100001000100000001100001000
Cc1ccc(C(=O)Nc2ccc(S(=O)(=O)O)c3cc(S(=O)(=O)O)cc(S(=O)(=O)O)c23)cc1NC(=O)Nc1cc(C(=O)Nc2ccc(S(=O)(=O)O)c3cc(S(=O)(=O)O)cc(S(=O)(=O)O)c23)ccc1C.[NaH],1,10010000101000100010000010010000010000010000000000110000101101011000110010000100110000100000001001001010010100110010000000100110
O=C(NNS(=O)(=O)c1ccccc1)c1csc(NC(=S)NC2CCCCC2)n1,1,11111100001000000000000011101011001100011000110100000000000000111000110000000000010010110100001001101110010000100001011100110100
CC(C)(C)Cc1cc(O)ccc1O,1,01000000100110000000000000000000010000110000000000000000000000000011010100000000110000100000000000001101010100000010000010000100
Cc1cn(C2CC(F)C(CO)O2)c(=O)[nH]c1=O,1,11001000101010001000000010010010110000010000000000000001001001000100000001001000110000000010011000101000100010110000001011010000
CN(N=Cc1cccc2cccnc12)c1ccc(Cl)cc1[N+](=O)[O-],0,10000000001100010001000010000000010001101001101011000010010010011100001001111000010001101000000010101000000100000110010000100000
CC(=O)c1c(=O)n(-c2ccc(C)cc2)c(O)c2c(=N)[nH][nH]c12,1,10000000001000000010000000011001010000010000000100000000001000011010000001100000011000100010010000001010110100110000000111100100
O=C(Nc1ccccc1)c1cc(S(=O)(=O)Nc2n[nH]c(=O)n2-c2ccccc2)c(S)cc1Cl,1,10001100101000010001010011010110110000110100100101000100011000011100100101100001010010100010001000001110000101100000001100110100
O=C(Nc1ccc(C2=NCC(O)CN2)cc1)c1ccc(C(=O)Nc2ccc(C3=NCC(O)CN3)cc2)cc1,1,11010000101000010000000010000010010000010001000000100100001000010000000001110010010001100110000000001010010000000101000000110100
CCOP(=O)(OCC)C(C#N)=CC=Cc1ccco1,0,00100010001100001001001010000000011100110000000010011011000000011001000000000000110000101010000001001011100010000011000000000000
CN1C(=O)C2N(N(C)C1=O)C1(Br)C(=O)NC(=O)C21Br,1,00110100001000000011000000000001010110010000000000000000001001000000000001000000000000101011111000011001010000000000001011010000
Cc1ccc(S(=O)(=O)SC(SCC(=O)c2ccc(Br)cc2)C(=O)c2ccc(Br)cc2)cc1,0,11100100001001100000000100000101011000010000000000001010011000010000100010010001111001101000111100001000011101000100100000000100
Clc1cccc(Cl)c1C1SCc2nc3ccccc3n21,1,00000100000000010101000000000010011101010000010101010000000100011000000001000010011001100001100000001110010000101000100000111000
CCN(CC)CCCC(C)Nc1ccnc2ccc3nn(C)nc3c12.O=P(O)(O)O,0,11100000001000100101001000010001010010110000111100110000010011001100000111100000110000100000000000111111000010000100001101110000
C=C(C=CC=C(CO)CCC=C(C)C)C1CCC2(C(CCCO)C(=C(C)C=O)CCC2(C)O)C1O,1,10110000111100000100001111001111010010110000111010011010100010001000000000100001110000100110001110011100011110010000001101110010
Oc1ncnc2c1nnn2CCCCCCCCCCCCn1nnc2c(O)ncnc21,0,10000000000010000011000000010010100000010000100010000000000010000010000000000000110000000000000010001000011001000000000111100100
Cc1ncc(N)c(C(=O)O)n1,0,00000110001000100001000000000000010000010100100001000000001000110000000010000000010100000000000000001010001000000000000000100101
[N-]=[N+]=CC(=O)CCC(=O)N(c1ccccc1)c1ccccc1,1,00000100001010000000001010011000100000010100000100000010000000101000010010000000110000100000000000001001000100000100000100000110
CC(C)OC(=O)c1cc(NC(=S)OC(C)C)ccc1Cl,1,11000001001000000101000010110000110000010000000001000001101010010000010101010010010000100000010001001001000100100000000000000100
Cc1ccc(S(=O)(=O)NC(=O)Nc2sc(=S)c3c(c2C#N)CCCC3)cc1,0,10001000001000000000001010000011011100011000000000110110001000010000111010110001010001100000001011001010110100011001001001000100
C=CCOc1cc(NC(=S)c2ccoc2C)ccc1OC,1,10010000000010001001000010000000010100110000100001100011101000010001000101010000110000100000111001001000000101100000101001000000
Cc1cc(CO)c(O)c(CN(CCO)CCO)c1,0,10000000000000000000000000001001010001010000000010000010001000000010011000100000110000000110001000001000000100000100000000010000
COc1cccc2c1[OH+][Cu-4]13([S+]=C(Nc4ccccc4)[N-][N+]1=C2)[n+]1cccc2ccc4ccc[n+]3c4c21,1,11100110000000010010001000000100010001001100000100100001100010011110010001011101010010100010100000001000001100000101100001000100
O=c1c2ccccc2[se]n1-c1cccnc1,1,00000010001000000001000001000000010001010000000101100100001000011001000100100100010000100000000000001001000010000100000010100001
O=C1CC(c2ccccc2)=NO1,0,00000100101000001000010000001010000000000100000100000000001000001100000000100000010000100000000110001000000000000000001000100000
CC(C)OC(=S)Nc1ccc(Cl)c(C=NOC(C)(C)C)c1,1,11000000100000000001000010111000110000110001000001000011101010010101010101010000010001100000000011101001000100100010000000000100
CCc1c(CN)c(CC)c(CNC2=NCCN2)c(CC)c1CNC1=NCCN1.Cl,0,10100101100000010001000000000010110000100100000001000000010000100001100000101000100011000110000000001000000000000110000000101001
N=c1ccn(C2OC(CO)CC2F)c(=O)[nH]1,1,01000000101010001000000010010011100000011000000000000000001000000100100000000110110000100010001000001000000010010010001011010011
O=C(OCC1CC2C(=O)OCCCC2O1)c1ccccc1,0,01001100011010001101000000010010000010010000110100000011111010001100001100000000110000100100011000001000010000111110000000010100
ON=CC(=NO)Nc1ccc(Cc2ccc(NC(C=NO)=NO)cc2)cc1,0,10000000000000000100001010000000000001011000000000010110000000110000000000010000110001110011000001001000000000000100000000000000
O=C1Oc2ccccc2C(=O)C1=CN1C(=O)C(=Cc2ccccc2)NC1=S,0,00001101011010111010000001000100000010010000000100000110101000001000110001000000010000101010001111001001000001010100010000000000
CC(C)=CC(=O)CC(=O)C(=O)NCCNC(=O)C(=O)CC(=O)C=C(C)C,0,10000000001010000000000000011001010010010000000100000010001000010000010000010000100000000000000010000000110000000000000001000100
C[N+](C)([O-])CCC=C1c2ccccc2CCc2ccccc21,0,11100000000000100100000000000010010000000001100100000010000000001000000000110000110010101000011010001000000001000000101100000000
CCC(C)C1(C2CCCC2)NC(=O)NC1=O,0,01001100101000001000000010110010010011100000010000000010001000000000000001000000100000010010100000001000000000100001100000110000
Cc1cc(S(=O)(=O)Nc2nnc3cc(C(F)(F)F)cc(C)n23)c(S)cc1Cl,1,10001011111010010001000000000100110010010100110001010000001001000100100000000000010000000000001000001100000110110011001110101000
O=C(CS(=O)(=O)c1ccccc1)c1ccccc1,0,00000100001000000001001001000100000000010000000101000000000000011100100000100000111000100000001000001000010000000000010000000100
COc1ccc2c(ccc3[nH]c4c(C)cnc(NCCCN)c4c32)c1,0,10001001110001000001000000011001010000000000100010001001001000011011111001010110111011100010000100001000000101010000000100100101
Cc1cn(C2CC3C(COC(CCC[Se]c4ccccc4)N3O)O2)c(=O)[nH]c1=O,1,11111100001010001100001011011010111000010000000100010000011001011100010000000000110000100110010000111000100000110000001101010000
Cn1c2ccccc2c2ccc3c(c21)C(=O)C=CC3=O,0,00100100001000000000001000000010110101011000010100001000001000101111010000010100010100100000000011001000000100000000000001000000
O=[N+]([O-])c1cccc2c(N3CC3)cnnc12,0,00000000001010010000000101000010000011010001000000000000100010001000101010011100010010100000001100101001000000000100000000100001
CCC1(OC(C)=O)C(=O)OCc2c1cc1n(c2=O)Cc2cc3ccccc3nc2-1,0,01000010101100001110010000101111010010110010000100010001011010011011000111000000110010101000000011001100010100010101000011100100
CCc1ccc(Nc2cc(O)nc(SCc3ccccc3)n2)cc1,1,10000101000000000100000000000000010000111010000100000010000000111110000000110001110101110010001000001010000101010000100000100000
Nc1ccc(C=Cc2ccc(NS(=O)(=O)c3ccnc4c(O)c(C(=O)O)ccc34)cc2S(=O)(=O)O)c(S(=O)(=O)O)c1.[NaH],1,10000101101010001001000100000000100000011000100001000010000110010111110111110100111000100000001000001001100100000010101110101100
O=c1cc(CO)oc(C(O)c2ccccc2)c1O,0,01000100001010101000000010000001000000010000010100100000101000001010110000100000110001100000001000111000010110100000010000000000
Cl.Cn1cc(NC(=O)c2cc(NC(=O)CCCCCCCC(=O)Nc3cc(C(=O)Nc4cc(C(=O)NCCC(=N)N)n(C)c4)n(C)c3)cn2C)cc1C(=O)NCCC(=N)N,1,11101100101110000001000010011000010010010100000000000010001000010000010000010001110010000000000000001010100100010001000111000100
COc1cc(COC(=O)N2CSCC2C(=O)O)c([N+](=O)[O-])cc1OC,0,10000100001000001101000100000010010110010111000100100001000001000010011001011101110100000001010001101000010100000110000011010110
COc1ccc(N2C(=O)C3C=CC(n4[nH]c(=O)n(Cc5ccccc5)c4=O)CC3C2=O)cc1,0,10010100001011100001001010011010111000010010000100010011011100011010000101000011110000100010010000001100010001100000011000010000
Cc1cn(C2CC(=NO)C(CO)O2)c(=O)[nH]c1=O,1,11001000001100101000000010000010010000010000001000000000001001000100000000000000110001010010011000001011110010111000001001010000
CCC1CC2CC3c4[nH]c5ccccc5c4CCN(C2)C13,0,00000001000010000001001100000010010001110000001100001001000010101000000110100100111100100010000100111000010000100101000100010000
C=C1CC(C)(COc2ccc3ccc(=O)oc3c2)OC1=O,0,10100000001100001000000000010010010110000101100000000001101001011010100000110010110010100000011000011010100100110000000000100000
Fc1c(F)c(F)c(S)c(F)c1F,1,00000000100000110000000000000000000001000001000000000100000100000000000000000000000000000000100000001100000000000000000000000000
O=C(Nc1ccccc1)OCCN=c1c2ccccc2ccc2ccccc12,1,10001100001001001001010010001000000001011000001100000101000000011000010000111100110001100100101000001000000000000000000000000100
CC(C)CCCC(C)C1CCC2C3CCC4CC(CCC=C(c5cc(Cl)c(OCc6ccc(B(O)O)cc6)c(C(=O)O)c5)c5cc(Cl)c(OCc6ccc(B(O)O)cc6)c(C(=O)O)c5)CCC4(C)C3CCC12C.[NaH],1,01010111101110011111001100110111010010010010110001101111000110011100110110010100111000100011000100111010011110100101000101110100
CCOC(=O)C1=CN2C(=NC3CCCCC32)NC1=O,0,00011000011000000101000101000010010010111000010000000001001000000000000001010001110000100010000000001000001000011000010101110101
O=C(Nc1ccccn1)c1ccccc1[Se][Se]c1ccccc1C(=O)Nc1ccccn1,1,10010100001000000000000010000000100000010000101100000000010100001000000101110001010000101000000001001010000010000000000000100100
CC(=O)C1=C(C)NC2C=CC=CN12,0,00001100001000000000000000001000010000010000010010000000001100001001001000000001110000100010001000001000000000001001000101010100
COc1cc2c(c3oc(=O)cc(C)c13)C(OC(=O)C13CCC(C)(C(=O)O1)C3(C)C)C(OC(=O)C13CCC(C)(C(=O)O1)C3(C)C)C(C)(C)O2,1,10100101001000101100000000000010011110010011001000111011001001001110110101000000111000000100001000011010000101011100000001110110
O=C(O)CC1C(=O)OC2C(COC(=O)c3cc(O)c(O)c(O)c3)OC(OC(=O)c3cc(O)c(O)c(O)c3)C(OC(=O)c3cc(O)c(O)c4c3C1C(O)C(=O)O4)C2OC(=O)c1cc(O)c(O)c(O)c1,1,01010101001000101111100000000010000010010101110111011001011000001010000101101110111110000100010010111010011110111010000000010100
CC(=O)OCC1OC(n2c(-c3ccc(C)cc3)cc(-c3ccccc3)c(C#N)c2=O)C(OC(C)=O)C(OC(C)=O)C1OC(C)=O,0,11000100111110001001001011001111011100110000000100001001001010011000000001010010110011100000001010101010100100001000100111010100
COC1N(C2CC(F)C(CO)O2)C(=O)NC(=O)C1(C)Br,1,11011000101010111001000000000011110010010100000000000011001000100000000001001000100000001010001000101001000010000000001010110010
CCCCCCCCCc1ccc(Oc2ccc3c4nc5nc(nc6nc(nc7nc(nc(n4)c3c2)c2ccc(Oc3ccc(CCCCCCCCC)cc3)cc72)c2ccc(Oc3ccc(CCCCCCCCC)cc3)cc62)c2cc(Oc3ccc(CCCCCCCCC)cc3)ccc52)cc1,0,00000000000000010000010000101001110010101000000000000011000000000110000000000011111000100011000010001000000100101000000100110000
COc1cc(C)c2c(=O)c3ccccc3n(C)c2c1,1,10000100001001000000010000001000010001010010010100001101001001101010000001000100010000100100000000001000000100010000000001000000
O=C(O)CCC1CCc2cccc(OCC(=O)O)c2C1=O,0,00100101011000010000100010001010100110010000110000100001001000001000000001110000110110110000000001001000000000000000010010010100
O=S(=O)(c1ccccc1)C1(Sc2ccccc2)CC(Br)C(Br)C1,0,00000100001000000100000010011010000010010001000100000000000000011010110000010000010100101000001000001000000000100000100010010000
CCN(CC)CCC1(C2CCCCC2)CCC(=O)NC1=O.Cl,1,00101100001010001000000000010011010010110000011000000001001001000000000001100100100000010110000010001000001010000100000000110000
C[N+](C)(C)CCOP(=O)(O)OP(=O)([O-])OCC1CCC(n2ccc(=N)[nH]c2=O)O1,1,11001000101001001100000001010011110000010001011010011001101000111101100000010110110010100010000001001010000000011010111001111000
CC(C)C(Cl)=NOC(=O)Nc1cccc(F)c1,0,11000010101010010001000010010000010000010000000101000011100100011000010000001001010001100000001000101010000100000000000000000101
Nc1nc(O)c2ncn(C3CCC(CO)O3)c2n1,1,11001000000010001001000001000010110010010000110011000000100010010110000100000000110000001000001000011000101010010000110000110001
CCCCCC=C(c1cc(Br)c(OC)c(C(=O)OC)c1)c1cc(Br)c(OC)c(C(=O)OC)c1,1,10000010001000000100000000100000110010111000000000001111100000010100000101000101110000001000000100101001010100000000000101000100
CCc1cccc(CC)c1NC(=O)C1=CNC(C)=C(C(=O)Nc2c(CC)cccc2CC)C1c1ccc(O)c(OC)c1,0,10001001011100011001000110100000010000110000000000100001001001001011110101010100110001100010000000011011001100000001001001010101
CC(C)(C)C(=O)OCOP(=O)(OCOC(=O)C(C)(C)C)OCC1CCC(n2ccc(=O)[nH]c2=O)O1,1,01001000101000111001000000000010110010010000110010001001101000101100101000010100110000100010000000001010000000111010011001110100
O=[N+]([O-])CC(SCc1ccccc1)c1ccc2c(c1)OCO2,0,01000100101100011000000000000010000011000011001100000100010001001000011100010001110001100010000000101010000101011101100000100000
CCOC(=O)c1sc(SC)nc1N,0,00001000001001000101100000000001011100110000000001010001001100010000010000001000100000100000000000001001001000001000100100100100
CC1(Cl)C(=O)NC(=O)N(C2CC(N=[N+]=[N-])C(CO)O2)C1N=[N+]=[N-],1,01101010001010001001000000000010110010010100001011010001011001100000000001000000100001100011011000101001000010000100000000110010
O=C(C=Cc1cccc(F)c1)c1ccccc1,0,00010110101000010000000001001001000000010000010101000010000100001101000001000001010000100000000000001010010100000100000001000100
Cl.Cn1cc(NC(=O)c2cc(NC(=O)CCCCCC(=O)Nc3cc(C(=O)Nc4cc(C(=O)NCCC(=N)N)n(C)c4)n(C)c3)cn2C)cc1C(=O)NCCC(=N)N,1,11101100101110000001000010011000010010010100000000000010001000010000010000010001110010000000000000001010100100010001000111000100
O=C(NO)c1ccc(OCc2cccc(Cl)c2)cc1,0,11100000001000110001000000000000010001010010100001000001000000001010000000000010110001101010000100001010010100101100000000000100
COC1N(C2C=CC(CO)O2)C(=O)NC(=O)C1(C)Cl,1,11000000001000001001000000000000010010010100000001000001001101000001000001000000110000000010011100001001000011000100000110110010
O=C(c1ccccc1)N1C(=S)N(c2ccc([N+](=O)[O-])cc2)C(=Nc2ccccc2)C1=Nc1ccccc1,0,11000100001000000100001010000001010100010011001100100100000000101100001000010100010001100001000011001011010000000100000000100100
CCCCC(N)CSSCC(N)CCCC.Cl,0,11100000000000000011000010100000010010100000000010000000000000000000010000000001101000100000000000010000000000000000100100000000
O=C(O)C1(Cc2ccc3c(c2)CCC3)Cc2ccccc2C1,0,00011110001000000000000000000010000011010000100100000010100010001000011000100000110010100010101000001100000100000010000000001100
CCOC(=O)N(c1ccccc1)N(CC)C(=O)C(C)=NNc1ccc([N+](=O)[O-])cc1,0,11000100011000000101001100000000110010110001010100000001001110011000011110011000110011101000000000001000000000010101100011110100
COC(=S)SSC(=S)NCCN(CCNC(=S)SSC(=S)OC)C(=S)SSC(=S)OC,1,10000000010000000010000111010001010000010000000000000001000000000000010001000000101000000000000011010000010000100100100001000100
CN1C(=O)N(C)C(=O)C(Nc2ccc([N+](=O)[O-])cc2)(SCCO)C1=O,1,11000001011000000100011000010010010010010001001000000001001000011000001000010000110000100101111000001000101001000100100001100001
COc1cc2c3c(c1OC)-c1cc(O)ccc1CC3NCC2,0,10000100010100000000000000000010010000110000100001100111000010010010000011100100110110110010000010011001010100001000000001010110
COC1Cc2c(C)c(OC(C)=O)c3cccnc3c2O1,0,00001000001110101001000000101010010001010100100100000001001010001100000101100100010000100000100000001101010000110000000011111100
CC(=O)CC1CCC(=O)CCC(=O)OC(CC(C)=O)CCC(=O)CCC(=O)O1,1,10000100101000101010000000000010010010010000010000000001001000000000010000100000100100000000000001001000000010110000000001010100
CSC1=N[N+]2=CC(c3ccccc3)=[N+]3N=C(NCC(=O)O)[SH+][Ni-2]23[SH+]1,0,10110110101010000011000000001000110010011100111100000000001100101000000001000001110100101000000010001101000011000000110000100100
[O+]#C[Cr](C#[O+])(C#[O+])([PH](C#Cc1ccccc1)(c1ccccc1)c1ccccc1)([PH](C#Cc1ccccc1)(c1ccccc1)c1ccccc1)[PH](C#Cc1ccccc1)(c1ccccc1)c1ccccc1,0,00000100000001000010100000100000011000000000001100000001000000001100001000101010010000100000000100101010000000000010101000000000
Cc1cccc(C)c1NC(=O)C(=O)C(c1ccccc1Cl)S(=O)(=O)Cc1ccccc1Cl,1,11000101101000011101000010100001010000010000000101001000001001001000110000001111111000100000001000001000000001110000000000000100
COc1cc2cnc3c4cc(O)ccc4ccc3c2cc1OC,0,10110000000000000000000000000010010000010000100000100001000010010010011011011100110000100100010000001000010100001000001001100101
[O+]#C[W+2]12345(C#[O+])([OH+][N+]1=C1CCCCC1)C1=C2[C-]3C4=C15,0,00101000100000000001010000000010001010110010000000010011000100000000010000110011100000010010000001001000000000000010010000000000
COc1cc(N=Nc2cc(NC(C)=O)c(N=Nc3ccc(S(=O)(=O)O)cc3)cc2S(=O)(=O)O)c(C)cc1N=Nc1cc(OC)c(NC(=O)c2ccc(N)cc2)cc1C,1,11110000111010001011000010000010011111010100000101110001001001110000101111110000110001110000101000001110010100010010010011010100
CS(=O)(=O)Nc1nc2ccccc2c(=O)o1,0,10100100101100001000000001000000010001100000000100101000001010011000100101000100010001100010001000001000000000000000001000100000
CCC1(c2cccc(C)c2)Oc2ccccc2-n2cccc2C1=O,1,00101000001000011000100000001001010010110000100100001100001000101000000101000110110100100000110100001000010100010101010000000000
CNc1ccccc1S(=O)(=O)c1cc(Cl)ccc1OC,1,10000000101000010001001000000000110101000000001111100001000000001101100011000000010000101010001110001000000100000000000001000000
Cc1cc(C)c2cnnn2n1,0,00000000000000000001000001000001110010010001010000000000001000000101000100000000010100000000000000001000100101010000000110100001
CCOC(=O)C(O)C(NC(=O)OC(C)(C)C)C(=O)OCC,0,11010000101000001001000000100000010000111000000000000011001100000001001000000000100100100000001000010001000000001010010000000100
CN(C)CC[N+]([O-])=C(c1ccccc1)C12CC3CC(CC(C3)C1)C2,0,00000100000110001000010000010011010110110001000100000110100001001100001100110000110000100000000000001000010010000110000000010000
COC12c3ccccc3-c3ccccc3C1C1C(=O)OC(=O)C12,0,00010000001000001110000000010100010011010000110101001001011010001000000001000000010010111000100010001000000000000011001000010000
COC(=O)c1cc(CC2Cc3cc4c(cc3C2=O)CCC4)cc2c1CCC2,1,10011000001000000111100000010010010000011100100100000001001000000000000101110000110010101010000010101001011100010000100000011100
c1cc(-c2cn3c(n2)SCC3)ccn1,0,10000000100000000000010000000110000110011001000000010000100000010011000010100001110010101000000000101000100000000000000000100001
O=C(CSc1nnc(-c2ccc(N=Cc3ccc(Cl)cc3)cc2)o1)Nc1ccc(Cl)cc1,0,10100100101010101001000111000000000000010100001111000110100010111000100000110000110101101000100010101000100100001100100000110100
CCOC(=O)CC(C)(O)C1CCCN1,0,00001000111000000001000000100010010001110000010001000001001000000010000000000000100000100010111000010110001000000110100010010100
Cc1cn(C2CC(N=[N+]=[N-])C(COC(=O)CCOCCCCCCCCN=[N+]=[N-])O2)c(=O)[nH]c1=O,1,11101010001011001011010010011011110001010100011010010001001001000100000010000000110001100010010001101001101100111000001101010100
CCN(CC)C1CCC(C2c3cc4c(cc3OC(N3CCOCC3)C2C)OCO4)CC1,0,00110000110100001000000010000110010010110101011101010010010100100100010111000100110000100010010000101000000100100100010001010101
O=C(OCCN1CCOCC1)c1cc2ccccc2oc1=O,0,00000000011101001101010000000010010000010000000101000011111010011000100110100011110000110000000000001100100100000000000011000101
O=C1C(=NO)C(c2ccccc2)Oc2ccccc21,1,00000101001000001000000000000010000001010100010100000000001000001000100001000100011001111100100010001000000000100100010000010001
COc1ccc(C2C(Cl)C(=O)N2NC(=O)c2ccc(N)cc2)cc1,0,11000100001111001001001000010000010000011000000001000001001010010010000001001010010000100000100000001010110100000000001110010101
O=C(Nc1ccc(C=Cc2ccc(NC(=O)c3cc(S(=O)(=O)O)c4cccnc4c3O)cc2S(=O)(=O)O)c(S(=O)(=O)O)c1)Nc1ccc(C=Cc2ccc(NC(=O)c3cc(S(=O)(=O)O)c4cccnc4c3O)cc2S(=O)(=O)O)c(S(=O)(=O)O)c1.[NaH],1,10000000101010000001000010010000000001011000100000000010101110011111111101110101111000100000001000001010000100000010100010101100
O=C(O)c1cccc(SS(=O)(=O)c2cccc(C(=O)O)c2)c1,1,00000101001000110010000000010010000000010001000000000000000000011100100010000001010000101000001001101000010100000010100000000100
c1ccc2c(c1)Sc1ccccc1C2=C1c2ccccc2Sc2ccccc21,0,00000000000011000000000000000000000100000000010101000100001000001000000000000000010000101000000010001000100000000000000000001000
COC(=O)C=C(C(=O)OC)c1c(C)cc2c(C)cc(C)cc(C)c1-2,0,11100000001010000000000000000101110010010000110001100011001000000000000001101000110100000000010010001000000100010000000000000101
CCC1NC(=O)C(C(O)C(C)C)N(C)C(=O)C(C(C)C)N(C)C(=O)C(CC(C)C)N(C)C(=O)C(CC(C)C)N(C)C(=O)C(C)NC(=O)C(CCCCNC(=O)C(Cc2ccccc2)NC(=O)C(NC(=O)C2CCCN2CC(O)C(Cc2ccccc2)NC(=O)C(CC(N)=O)NC(=O)OCc2ccccc2)C(C)CC)NC(=O)C(CC(C)C)N(C)C(=O)C(C(C)C)NC(=O)C(CC(C)C)N(C)C(=O)C(CO)N(C)C1=O,1,11101101111011010001000101010111010100111010011101111011011011111000011110000011110010111111111010111011111111100011010111110110
Cc1ccc(S(=O)(=O)NC(=CC=Cc2ccccc2)C(=O)C(C)(C)C)cc1,1,10000110101100100000010000000001010000010000000110010011001000011001100001110000010000100000001000001000000101100111001000001100
Brc1cc2[nH]c(-c3ccccc3)c(Br)c2c(Br)c1Br,0,00010100100000100000010000010000000001000000000100100000101010001100000000000000010000101010000110001100000100000000000100000010
C=CCC(C=CCC)(C(=O)O)C(=O)O,0,00000100001000000000000000000000010000111000101001100010010000000000000000001000100000101000000000000000000001110010000000000100
CC1OC(n2cc(F)c(=O)[nH]c2=O)C=CC1=O,0,01001000101000001000100001000100010100010000000010000000001101000100000000100000110000000010010000001000001000110000001001011000
CCCCCSCCCCCCCC(=O)OCC1OC(n2cc(C)c(=O)[nH]c2=O)CC1N=[N+]=[N-],1,11001010001010001001000010111010110011110100001010010001011001000100001000000001111001100010010000101001101000111001101101010100
CCOP(=O)(OCC)C(C#N)=Cc1ccccn1,1,00010000001000000000001010000000011100110100100100011011000000011000000000100000111100100010000000001010100010000000000000100100
Nc1nc(S)nc(N)c1N=O,1,01000000001000010001000000000000000000100000000001010010000000010100000000000000000101000000001010001100100000000000000000100000
COC(=O)C(C(=O)C(=O)Nc1ccc(Br)cc1)c1nc2ccc(Cl)cc2nc1O,0,11000110001001000101000010100000010001010000000111001111001000010111000001010001011000101000000100101000001101000100000000100100
O=S(=O)(NC1CCCCC1)c1ccc2c(c1)OCCOCCOCCOCCO2,0,10101000001100011000000000000010000000000000110000000010010000010000101000010000010000100000001000101100000100010100001001110101
N#CC(=CNC(=S)Nc1cc(Cl)ccc1Cl)C(=O)c1ccc2ccccc2c1,0,10001000001000000001001010111010011101010000010111010011000000011010001010010000011010101000000001011010110100100000000001000100
COc1cc2c3c(c1)nnn3C(=O)C(c1ccccc1)S2,0,10000110001011000000000000010000110100010000000100000101101011001011000101000000110000100001000000001000000100000001000100111001
COc1ccc(C2SC(=N)Nc3c2c(C)nn3C(=O)c2ccncc2)cc1OC,1,10000000001110000100100000010000010110010000000000100011101000000011000001100001110000100010111010011001010100111100000001110101
CN(C)CCCOc1ccc(C=C2CCCC(=Cc3ccc(OCCCN(C)C)cc3)C2=O)cc1,0,00001000001111000000000101000011010000000000100100100111001000000010100000100010110001100000000000101010000001000100000100001000
CC(C)(Cc1ccccc1)Cc1cc(O)ccc1O,1,01000101100100000000000000000000010000010010000100000001000000001011010100010000111000100010000000001001010100000010000010000100
Oc1ccccc1C(Nc1nc2ccccc2s1)c1ccc2cccnc2c1O,0,11000000000000000001000000001000011101111001110100100000000010011110010101111100010010100100100000001000000001000000011000100000
Cl.Nc1ncnc2c1ncn2C1OC(CO)CC1F,1,01100001110010001011000010000010100010011000100001010000001010000110100100000000110000000000001000001100010010010000000010110011
N#CN=C(NCc1ccccc1)NCc1ccccc1,1,10010100100000000000001000000010001001010010000100000000000000001000010000000000110001110010000100001110100000000000000000000011
FC(F)(F)c1cccc(N2NC(=S)N3C=CC=CC32)c1,0,10000000110000110000001001000000010001010100011010000100010100101001000000010000110000100010011001001000010110001010000000110100
N=C(N)NCCCC(NC(=O)OCCCCCCn1ccc(=N)[nH]c1=O)C(=O)O,0,11000100011011010001000000010001000000010001000100001001011000000000111000100111110010111010011011011000000000010100011101000110
O=C(OC1C2OC(=O)c3cc(O)c(O)c(O)c3Oc3cc4c(c(O)c3O)-c3c(cc(O)c(O)c3O)C(=O)OCC3OC(O)C(OC(=O)c5cc(O)c(O)c(O)c5Oc5cc6c(c(O)c5O)-c5c(cc(O)c(O)c5O)C(=O)OC1C(COC6=O)OC2O)C(OC(=O)c1cc(O)c(O)c(O)c1)C3OC4=O)c1cc(O)c(O)c(O)c1,1,01010000001100101111000111010010010000010000100110001001011000001111010101110000010100000010011110011010010100100100000010010101
CCC(=O)n1c(=O)n(-c2ccc([N+](=O)[O-])cc2)c(=O)n1C(=O)CC,0,01110000001000000100001001000000010000110001000000000001001000000100001001011000110000100000000000001000010000000100000000100101
CSc1c(C#N)c(O)n(-c2ccc(C)cc2)c(=O)c1C#N,1,10000000001000000000001000000001011000010000000001001000001100000010000001000000010001101000010000001010110110001000100010000000
CCCCNC(=S)Nc1nc(C(=O)NNC(=S)Nc2ccccc2)cs1,1,11000100001000000000000011111001010100111000001100000100000010111000011000000001110010110010000001101110010000100000010100100101
CC1(C)C(=O)C2(N)CCC1C2.Cl,0,00100000001000101001000000000010110010010000010001000000001010000000000000000000000000000000010000001100001000000100100010110000
CC12CCC3C(CC=C4CC(O)CCC43C)C1CCC(=O)N2,0,00000001001000101100000000000010010010011000011000000011111001000000000000100010011000100010100000011001010000100000111011110000
Cc1ccsc1C(=S)Nc1ccc(Cl)c(C=NOC(C)(C)C)c1,1,10000000100001100001000010101001010100110111000001000011101000010101000100010000010001100000010011101000000100110110100000000100
CC(C)CCCC(C)C1CCC2C3CCC4CC(CCC=C(c5cc(Cl)c(OCc6cccc(C(=O)O)c6)c(C(=O)O)c5)c5cc(Cl)c(OCc6cccc(C(=O)O)c6)c(C(=O)O)c5)CCC4(C)C3CCC12C,1,01010111101110011111001100110111010010010010110001101111000010011100110110000100111000100011000101111000011110101111000101110100
Cc1cc(OC(F)(F)c2nc3ccccc3o2)cc(C)c1C,1,10000000110000001000000000000000010110000001010100000001001001011010100001000000010010100000000000001100100100010010001000101010
Cc1cccc(SC[c-]2nc3ccccc3c(C)[n+]2=O)c1,1,00000000001000011000010000010001010001010001000111000000011000001000000001000101110001100100001000001101100100000000110000110000
Cc1ccc(S(=O)(=O)N2CCCSCCSCCCSCC2)cc1,0,10001000001000000000010000010011110100010000100001000000001010010000110011010001010000100000001000001000100101100000011000000000
Cn1cc(NC(=O)Nc2cc(C(=O)Nc3cc(C(=O)Nc4cc(S(=O)(=O)O)c5cc(S(=O)(=O)O)cc(S(=O)(=O)O)c5c4)n(C)c3)n(C)c2)cc1C(=O)Nc1cc(C(=O)Nc2cc(S(=O)(=O)O)c3cc(S(=O)(=O)O)cc(S(=O)(=O)O)c3c2)n(C)c1.[Na+],1,11001000101110000010000010100000010010010000000000000000101001010000111010000101110010000000001000001010100100000010000011100100
O=C(O)C=CC(=O)Nc1ccc(SSc2ccc(NC(=O)C=CC(=O)O)cc2)cc1,1,10000100001000000000000010000111000010010001000000000110000000010000010000010000110000100000000000001001000000000010100100001100
[N-]=[N+]=NC1(c2ccccc2)C(=O)C(Cl)=C(c2ccccc2)N(c2ccccc2)C1=O,0,11001100101000001101001011000000010010010110101101000000001000001001010001000001010001100000010010001001000000000000000000000101
O=C(NCCCCNCCCNC(=O)c1ccccc1)c1ccccc1,0,11010100111000000000000000010000000000010010000100000000000000001100010000000000110010100000000000001010010010000000000100001100
COCc1cc(=O)oc2c3c(c4c(c12)OC(C)(C)C=C4)OC(C)C(C)C3O,1,01100110001000101001000010100100011110010011000000100101001000001000110001010000111000000000010000001000010101101001000000110100
CN(C)C=Nc1nc(=O)n(C2CCC(CO)O2)cc1F,1,01001000101111001100000000000010011000010000010010000010101110010100001000000001110001000000011101001000000010010100010000110001
C=C(C)C12CC(C)C34OC(CCCCCCCCCCC)(OC1C3C1OC1(CO)C(O)C1(O)C(=O)C(C)=CC14C)O2,1,00111110111001101000001000110110010010110001001100100000001000010011001100100001110000101000001000001010111000101100000101110011
COc1cc(CNc2nc3c(NC(C)=O)cc(C(F)(F)F)cc3nc2-c2ccccc2)cc(OC)c1OC,0,10010110111000000000000010100010010001010100010100100001010111011011111011000100110010111010000010001000000110000010010001100101
CC(C)C(NC(=O)OC(C)(C)C)C(=O)N(C)C(Cc1ccccc1)C(=O)N(C)C(C(=O)N(C)C(C(=O)O)C(C)C)C(C)C,0,11000100101100111001000000010010010000111010000100001001000100001001000000001001110001100110101000001001010001001110010000110100
Cc1cn(C2CC(N=[N+]=[N-])C(COC(=O)CCCCCCCCCc3ccccc3)O2)c(=O)[nH]c1=O,1,11001110001010001001010010011010110001010110001110010001001001001100000000000000111001100011010000101001101000111001001101010100
CC(C)CC(=O)NC(C(=O)NC(C(=O)NC(CC(C)C)C(O)CC(=O)NC(C)C(=O)NC(CC(C)C)C(O)CC(=O)O)C(C)C)C(C)C,1,11000100001000010000000000010000010001011100000000001011000001000000001001000000100000110000011001010100000001000001010110110100
CCN(CC)C(=S)S[Bi](SC(=S)N(CC)CC)SC(=S)N(CC)CC,0,00000000000000000000000010000000010010110100000001000000000000000000000000000000101000000000001001000000000000101100100000100000
O=[N+]([O-])c1ccccc1S(=O)c1ccccc1,1,00000100001000000000000000100000000010001001000100000001100010001000101000011000010000100000000000101000001010000100010000000000
N=c1[nH]c2c(ncn2C2CCC(CO)O2)c(=O)n1C(=O)c1ccccc1,1,01101100001010011010000000010010000010010100110110000000101010101110000100000000110001100010101011001001010010010000010010110101
COc1cccc(C=Cc2nccc3ccccc23)c1OC,0,10110000001000010001000000010000010001000000100100100011010000011111000001100100110001100000000000001100000000000000100011100000
CC1=C(C(=O)NC(CC(C)C)C(=O)O)N2C(=O)C(NC(=O)C(N)c3ccccc3)C2SC1,1,11110100001000000011000000010010010100011000010100101001001001001000010001100000110001101011000110001010010000000100010100010101
Fc1cccc(F)c1C1SCc2nc3ccccc3n21,1,00000100100000010101000000000010011101010000010110010000000100011000000001000000011101100001100000001110010000001000100000110000
Cc1cn(C2C=CC(CO)O2)c(=O)[nH]c1=O,1,11000000001000001000000010000000010100010000000000000000001101000101000000100000110000000010001000001001100010110000001111010000
COc1ccc(C=CC(=O)C=Cc2ccc(OC)cc2OC)c(OC)c1,0,10000000001001100000000000000001010000010000000010101011000000000111000001000010010000101000000010001000000100000000000011010100
Cc1cc(NC(=O)c2ccc(N)cc2)ccc1N=Nc1ccc2c(O)c(N=Nc3ccc(S(=O)(=O)O)cc3C)c(S(=O)(=O)O)cc2c1,1,11110001101011001011000010000000011100010000000001000000101011110010110010110100110001110100101000001010011110010010000010000110
CN(NC(=O)c1ccco1)C1=NCCN1.I,0,10100010001100001001000001100011010000010010000001000000010000001000100010100010010000100110010101001010000001000100000000100110
Cc1cc(-c2ccc(N=Nc3c(N)c(C)cc(S(=O)(=O)O)c3N)c(C)c2)ccc1N=Nc1ccc(O)c(C(=O)O)c1,1,11000100101000001111000100000010011100010000000001000000011111100011101110100000110001110000111000001000001100010011000000001110
CCCCCCCCCCCCCOC(=O)CC(C(=O)OCCCCCCCCCCCCC)S(=O)(=O)O,0,01000000001001000001100000100000010011110000000000000001000000000000101000000001100010000000001001000000001000000000010100000100
Cn1c(=O)c2nc(Nc3cccc(Cl)c3)[nH]c2n(C)c1=O,0,10010011001000011001000001000000010001010010000001001000001010011000000011000010110000101010100000001000101100000000000011100000
Cc1c(N=Nc2ccc(N(C)C)cc2)cc[n+]([O-])c1C,0,00001000000110001010000000000000011110000100000110000000001000101000000010110001010001110001000001011000000100000100000001001000
c1ccc2c(c1)[nH]c1c2nc2ncccn21,0,00000000000000010001000000000000001101010000100101000000000010111000000000110100010000101010101000011000000000000000000100101000
Cc1cn(C2CC3C(COC(=O)N3O)O2)c(=O)[nH]c1=O,1,11011100001010001000001011110010011000010000000000000000011001000100010100010100110000000010010010011000100000110000001001011000
COc1cccc(C=C2Cc3ccccc3C2=O)c1,0,10000000001101010000010001001110010000000001100110101011001000001110100001000000011010101000000010001010000100000100000000000000
OC1CN2CCC(O)C2C(O)C1O,1,00010001000000000000000000000010000000010000010100000000000000100000000010000001010001000000010001010000010000000000000000010000
S=C(NN=CC(=NNC(=S)N1CCCCC1)c1ccccc1)N1CCCCC1,0,10111100000000001000000000000010100010010000000100000010010010101100000011010010010001100110000001001000010000100110000000000010
Cc1occc1C(=S)Nc1ccc(Cl)c(OCC(=O)OC(C)(C)C)c1,1,10010000101000001001000110100000010100110000100001100011101010010001010100010000110010100000110001001001001100100010101000000100
COC(=O)c1cc(C(=CCCBr)c2cc(Cl)c(OC)c(C(=O)OC)c2)cc(Cl)c1OC,1,10000010001000100101000000000000010000011000000011001111000000010000000101000100110000001001000100101000010100110000000000010100
Cc1cc2c(cc1Cl)SC(NN(C)C)=NS2(=O)=O,0,11010000001100000101000100001000010100000000000011000100001010101000000000000001010101100000000011001000100100110101000010101000
Cc1cc2c(cc1Cl)Sc1nccn1S2(=O)=O,1,01010000001000000001000000001000010100010000100011000100111000100000000000100101010011010000001011001000000100110000000010101000
O=C1c2ccccc2S(=O)(=O)c2ccccc21,1,00000100001000010000100000001000000000000000000100000000011000001000100000000001010001101000010010001000000010000000000000000000
Br.CCOC(=O)CC12CCCNC1(C)CCc1ccccc12,0,00001100011000000001000000000110010010110000101101001101001010001101000000100000110010100010000000101010001000000100000000110110
Cc1cn(C2CC3C(COC(CC[Se]c4ccccc4)N3O)O2)c(=O)[nH]c1=O,1,11111100001010001100001011011010111000010000000100010000011001001100010000000000110000100010010000111100100000110000001001010000
OC1(c2ccc(Cl)cc2)c2ccccc2C2=NCc3ccccc3CN21,0,00100001000000010011000000100010010010010000101111001000100010001000000000000100010010101001000110001000000000100100010100100000
N.O=C(O)c1cc(C(=CCCBr)c2cc(Cl)c(O)c(C(=O)O)c2)cc(Cl)c1O,1,00000110001000000101000100000000011000010000000011001110000000000010000110100000110000001001000100101000110100110000000000010110
C=CCCCCCCCCCP(=O)(c1ccccc1)c1ccc2c(c1)OCCOCCOCCOCCO2,0,00000100001100001100000100000011101000001000100100100011010000001000100000010000110010110000000000101010000101010100000101010100
CCN(CC)CC1CCCCN1CC(=O)N1CC(C)C(=O)Nc2ccccc21,1,10101001001010011010000000010110110010110010010101100000001101101010000010000010110000110010000000011010100100011100000000110100
CC(=O)Nc1cc2c(O)c(N=Nc3ccc(C(=O)Nc4ccc(N=Nc5ccc(S(=O)(=O)O)cc5)cc4)cc3)c(S(=O)(=O)O)cc2cc1S(=O)(=O)O,1,11010101101011001000000010000000010100010100000100000100011011110010100110110100110001100100001000001010011100010010010001000100
CN1C(=CC=CC=CC=C2C(=O)c3ccccc3C2=O)C(C)(C)c2ccccc21,1,01000100001100010000000000000000010110010000000110001010001010001000100000000000010000101001110010001000000000010000010001100001
O=C1c2ccccc2C2(O)Nc3c(ccc4ccccc34)C12O,0,01110000001001001000100000000000000011010100000100001000001010011000000000010100110010101010010010001000000000100100100000000100
O=C(CCCC[n+]1ccccc1)Sc1ccccc1C(=O)Nc1ccc(S(=O)(=O)c2ccc([N+](=O)[O-])cc2)cc1.[Br-],1,11000100001010000101001110001100001100010001010100000100001010011000101110110011110000110000001000101010000100010101100101100100
CCCCCCCCCCCCCCCCCCOC(COP(=O)(O)OCC1CCC(n2cnc3c(O)ncnc32)O1)COP(=O)(O)OCC1OC(n2cc(C)c(=O)[nH]c2=O)CC1N=[N+]=[N-],1,11001010101011001010001010110010110010110101111010011001101011001110000100000001110011100010010101101111111001111000111101110100
CCCC1(c2ccccc2)Oc2ccccc2-n2cccc2C1=O,0,00101100001000011000100000111000010010110000100100001000001000001000000101000110110100100000110100001000010000010100000000100001
COc1ccc(C=CC(=NNC(=O)NN=C(C=Cc2ccc(OC)cc2)C(C)C)C(C)C)cc1,0,11000100001001000000000001011001010000110001000000000011000010110011010001010010010001100000000000001000000000100100000000000100
Cl.Nc1cc([As]=O)ccc1O,1,00100000001000100011000000000001000000010000000001000001000000000111000100000000010010100000000000001010000101000000100000000010
O=C(O)c1ccc(SSc2ccc(C(=O)O)cc2)cc1,1,00000100001000000000000000000000010000010001000000000000000000000000010010000000010000100000000000001001011000000010100000000100
CC(=O)NCCSS(=O)(=O)CCCCS(=O)(=O)SCCNC(C)=O,1,11000100001000010000000000010010010000010000000000000000000001000000110000000000100011000001101001000000000000000100110101001100
CC1(C)CNCC(C)(OCc2ccccc2)C(=O)NC(C)(C)CNCC(C)(OCc2ccccc2)C(=O)N1,1,00000100011000000001000000001010010010100010000100000011001010011000000001000000111010100010000000001000010010100000100000110000
Nc1nc(O)c2c(n1)Cc1c(O)nc(N)nc1C2,0,00000000000000000001000001001010001000010000010001000000000101010010000000000000000000001000000000011000011000000000000000100010
CCC1(OS(=O)(=O)O)CCC2C3CC=C4CC(O)CCC4(C)C3CCC21C.[NaH],1,00000001001000001100010000001110010010110001011000000011100100000000110100000010111000101000101000001001010000100000010011110000
COc1ccc2c(c1)OCC1c3ccc(OCc4ccccc4)cc3OC21,1,10010100000001111000000011000010110000000010100100001001010000001010000101000010110000100010110000001000010100100110000001110000
Cc1cc2[nH]c3nc(=N)nc(NS(=O)(=O)c4cc(C)c(Cl)cc4S)n3c2cc1C,1,10001000101001010101000000010100110010011100110101000010001000010100101000100000010000000010001000001100000100111000001111101000
Cc1ccc(S(=O)(=O)N(CC(=O)O)c2c[nH]c(C(=O)O)c2)cc1,0,11000101001000010000100000100001010000111000000100000000001001010000100011010000110000110110011100011000000100000100000000000100
c1nncn1C12C3C4C5C3C1C5C42,0,00001001000000100000100001000110000010010000000000000000000000000000000101000000010000100000000000000000000000000100000000110000
COC(=O)C12OC(C)(C(CC(=O)OC(C)(C)C)C1=O)C1C(=O)N(c3ccccc3)C(=O)C12,0,10000100111011001000001011010100010010110000000100000001111010001111100001000000110000100000100000001011001010100010000000110100
O=C1NC(=O)C(=Cc2ccccc2Cl)C(=O)N1,0,00001000001000000001000101000001100010000001000101000010111000001100000000000010010000100010000010001000010000100000000001000000
Cc1nn(C(=O)Cc2ccccc2)c2c1C(c1ccccc1[N+](=O)[O-])SC(=N)N2,1,00010100001100000100100000011000011111010011000100000010001000001000011001011001110000100010100000101001000000111101000000111100
CC(=O)c1cn(-c2ccc(Cl)cc2)c(=O)c2c(=N)[nH][nH]c12,1,00100000001000000011000000011000010000010000001111001000001000111010000100000100110000101010000000001000110010010000000011110100
COC(=O)CC(O)(CCCC(C)(C)O)C(=O)OC1C(OC)=CC23CCCN2CCc2cc4c(cc2C13)OCO4,0,10011001101000001000000010001110011011011000001000011001110000000001111111100100110010010000001010101011001110010111100100011100
N#Cc1nc(C=Cc2ccccc2)oc1N,1,00000100101000001001001000100000001000000000000101001010000000111001110011000000010000100000011000001000100000101100000000100000
CCOC(=O)NC(Nc1cccc(C(F)(F)F)c1)(C(F)(F)F)C(F)(F)F,0,10010000111000110001000000000000010000110100010100000011001101011000100000000000110000100100001001101000100111000010000000000100
CN(C(=O)c1ccccc1S)c1ccccc1,1,01000100001100010000000000000000110001010110000100000010000000001000010110000000010000110000000010001100000010000100000000000100
CN1C(=S)C2=C(c3ccccc3)N(C)C(=S)C2=C1c1ccccc1,1,01000100101000100000000100000000010001010000000100000100001000001000011000000000010000100001000011001000000000000000000001000000
C[N+]12CCC34c5ccccc5NC3C3C(CC(=O)O)OCC=C(C1)C3CC42,0,10100100001010101000001000110010111011011010110100001100010010111101000101000000111000100011000000101100000111000010110001010100
COc1cccc(C2SC(=N)Nc3c2c(C)nn3C(=O)Cc2ccccc2)c1,1,10000100001111010101100000011000011110010010000100101011001000001010010001000001110000100010100000001001000100111100000000110101
Sc1ccc2ccccc2c1CN1CCOCC1,1,00000000000100011000000000000010011001010100000100000010011000011000000010010100110000100000000001001100000000000011000000000101
O=C(Nc1ccc(CCC2=NCCCN2)cc1)c1ccc(C(=O)Nc2ccc(CCC3=NCCCN3)cc2)cc1,1,11111000011000000000011010000010010000010000000001000110111000010000000000110000110000100011000000001010110100000101000000100100
COC1N(C2CC(F)C(CO)O2)C(=O)NC(=O)C1(C)Cl,1,11001000101010101001000000000010110010010100000001000001001000100000000001001000100000000010011100101001000010000100000010110010
C[PH](C)(C)[Ir-3]1([PH](C)(C)C)([PH](C)(C)C)NC(Cc2ccccc2)C(=O)[OH+]1.[Cl-],1,00010100001000000000000000001000010000100010000111000010101001101000011000100000110100100110000000101000100000000001000000010001
O=C(CC(C(=O)c1ccsc1)c1ccccc1)c1cccs1,0,01100100001000100001000000000101000101011000010100000000001000001000000000000101110001100101000010001000010100000100000000000101
COc1ccc(CN2CCCN(Cc3ccc(OC)cc3)C2c2ccccc2O)cc1,0,10011000000001000001000000000010010000010000000110100011001100011110001111000011110000100010000000001110000000000001000000010000
Nc1cc(C(=O)O)ccc1SSc1ccc(C(=O)O)cc1N,1,01000100011100100001000000000001010000010000000001001000000000000000000010000000010000100000000001001000010100000010100100000100
CC(=O)Nc1cc(N=Nc2ccc(N=Nc3ccc(NC(=O)c4ccc(N)cc4)cc3C)cc2C)c(S(=O)(=O)O)cc1N=Nc1ccc(C(=O)O)cc1,1,11110100101010001011000010000000011111010100000101000000101000110000100110110000110001110000101000001110011110010010010011000110
CCCCC(CC)CO[Si](OCC(CC)CCCC)(OCC(CC)CCCC)OCC(CC)CCCC,0,01000000100010000000000000100000010000100000000010010001001000100010000000000101100000000000000100010001000000000000001100100000
CN1C(=O)Cn2c(nn(Cc3ccccc3)c(=O)c2=O)-c2cc(Cl)ccc21,1,00100100011000010001010000100010010011010010000111100000001001011000100110010000110000101011000010001110000100000000000011110000
COc1cc2cccc(N=Cc3ccccc3Cl)c2cc1OC,0,11000000000000010011000000100000010000100001000101100011010010011100101001000110010001100000010010101000000100101000001001000000
CCOP(=O)(OCC)C(N)C(C)C,0,01000000001001000011100000010000010000100000000000011001000000001000000000000000100000100001000000010010010001000000000100000000
CC(=O)OC1CN2CCC(O)C2C(O)C1O,1,00000001011100000000000000000010010000010000010100000001000000101000000010000001010011000000010000010010010000000000000001010100
ON=Cc1c2c(cc3c1CCC3)CCC2,0,00001000000000000010000000000010000000011000100000000010000000000000100000100000010011110000011010001000010100010000000000011000
CC12C=NNC1(C)C(=O)C1(C)CN=NC1(C)C2=O,0,01001001001001000000000000000010111010001010000001000000001101000000000100000000010000100110100000001000000000010000000000110001
Cc1occc1C(=S)Nc1ccc(Cl)c(C(=O)OC(C)C2CC2)c1,1,11000001001000011101001010110010010000110000010001100001101000010001010100010010010000100000110001101000000100100000100000010100
C=CC(=O)NCCSSCCNC(=O)C=C,0,10000100001000010000000000010110000000010000000000000010000000010001010000000010100000100000000000000010000001000100100000000100
Cc1nc(-n2nc(-c3ccccc3)cc2-c2ccccc2)sc1C(C=Cc1ccc([N+](=O)[O-])cc1)=NNC(=S)NN,0,11100100101011001101001001001001111111110101001110010010001010111101001000010101010011100001101011001000100100100110010100100000
N#CN1CCC=C(c2cc3ccccc3[nH]2)C1,0,00010000000000000000011111100010101000011000110100000000000000011000000011000000010000110010000100001000100110000001011100010000
CCOC(=O)C1C(C(C)C)C2(C#N)C(=N)OC1(C)C2(C#N)C#N,0,01110000001000001001001000010000111011110000000000000001001110001000001010000000100000100000001000001100110000010000100001110100
CCCC(=O)OC1C(C)C2(O)C(C=C(CO)CC3(O)C(=O)C(C)=CC32)C2C(C)(C)C12OC(=O)CCC,0,11100010001000001000001000101110110010110010100000000011101001000010110100000100110001001001011101001011101000000000011000111100
CCCC(=O)Sc1ccccc1C(=O)Nc1ccc(S(=O)(=O)NC(C)=O)cc1,1,11000000001000000001001010101000010000110000000100010100001000011000110100110101110000100000001000101010000000010001111101000100
COc1ccc(Br)c(C=Nc2cccc3cc(OC)c(OC)cc23)c1,0,11000000000001010010000000100000010001000000000000101011000010011110101001000110010001101000010110101000000100001000001011000000
N#CCCC1C(=O)CCCC1=O,0,00001000001000000000001000000110001000000001010000010000001000001100000000110000100000000000000000001000100000000010100010011000
CCOC(=O)c1ccc(-n2cnc(-c3ccc([N+](=O)[O-])cc3)c2)cc1,1,11000010101000000101001000000000010010110001100000010001001100000100001000010001110010100001001000001000010100000110000100100100
COc1ccc(N2C(=O)c3cc([N+](=O)[O-])cnc3S2(=O)=O)cc1,0,10000100001001000100000000000000011000010001100000100001001000010110001011010011010001100000001010001001010100010100000000110001
C1=CSSC=CSS1,0,00000000000000000000000000000000000100000000001000000000000000000000000000000000010000000000000000010000000000000010010000000000
O=S(=O)(c1ccccc1)c1nccs1,1,00000100011000100000000000000001000100000010100100000000001000011000100000101010010000100000001000001100000000000000000000100000
O=[N+]([O-])c1ccc2c(c1)C(N1CCN(CCO)CC1)Cc1ccc(F)cc1S2,0,01110010111000001100101000000010100100010001100001000100000110100100001011110101110010100100001000001001100100000100000111111101
C=C=C(CCCC)C(=O)O,1,00000100001000000100000000101000011000110000000000000000000000100000000000100001100000100100000001010000000000001000000100000100
Cc1cn(C2CC(N=[N+]=[N-])C(COC(=O)CCCCCCCCCCCBr)O2)c(=O)[nH]c1=O,1,11001010001010001001000010011010110001010100001010010001001001000100000000000000110001101010010000101001111000111001001101010100
O=c1nc2[nH]ncn2c2ccccc12,0,00000110001000000100001000010000000011010000010101000010001000011000000000100100010000100010010011001000001100000000000001100000
CC1(C)OC(=O)CC12CCN(Cc1ccccc1)CC2,0,10100100001000001011001000000010010010010010100100000000001010011000000110100000110000100010000000001100000100010000100000100001
CSc1c(C#N)c(O)nc(N)c1C(=O)Nc1ccc(C)cc1,1,10000000001000000001001010000001011000010001000001011100001100010010000000110000010001100000000100001010101100001000110100100100
CN(C)CCCNC(=O)c1c(O)c2ccccc2n(C)c1=O.Cl,0,10100100101110000000000000010001010001010000010100101100001000101010010000100100111010100100000000001010000000000100000111000100
Cc1ccccc1CN1CC=c2ccccc2=N1,1,00000100000000001000000000000010010001010000000110000100001001011001010100000101110000100000000000001100000001010010010000100000
CC1(CO)OC(n2cnc3cncnc32)CC1O,1,00001100000010001000000000000010110010110010101000000000001000100111000001000000110000000000001000001000110101000000100010110011
O=c1[nH]c(=O)ss1,1,00000000001000000000000000000000000100000001000000000000001000010000010000000000010000000010000000001100000001000000000000000000
CN(C)CCC(C=Cc1ccccc1)=NNc1ccc(Cl)cc1Cl.Cl,0,10101100000110000001000000001001010001110000000111000110010010001001010011010000110101101000100100001000000100100101000010000000
Nc1ccc(C=Cc2ccc(NCc3c(O)cc(O)cc3C(=O)O)cc2S(=O)(=O)O)c(S(=O)(=O)O)c1.[NaH],1,10100101101010001001000110000100000000010000000001001110000100010111100111010000110000110000001000001000110100000010100110001101
Cn1[nH]c(=N)c2cn(C3OC(COP(=O)(O)O)C(O)C3O)c3ncnc1c23,1,11100000001001001010010010010000110000010001101001101001000000001100001000010001110000100010100110101010010001011000000001110100
N#CC(=CNC(=S)c1ccncc1)C(N)=O,0,10000001101010000001001000110000001100010000000000010011100000000001000000100000011000100000010001001000110000100100001000100101
O=C(O)CC(NC(=O)OCc1ccccc1)C(=O)O,0,11000100011000000001000000000000000000010010000100001001011000001000000001000000110000101010001010001000010000100000010000100100
CCNc1nc2ccccc2nc1NCC,0,11000000100000000000000000000000010000100000000100000000000001111000100001000010110000100000000000001000000000001000000000100000
CC(=O)Nc1cc(N=Nc2ccc(NC(=O)c3ccc(N)cc3)cc2C)c(S(=O)(=O)O)cc1N=Nc1ccc(N=Nc2ccc(S(=O)(=O)O)cc2)cc1,1,11110000101010001011000010000000010111010100000101000000101000110000100110110000110001110000101000001110010110010010010011000110
O=C(O)Cn1[se]c2ccccc2c1=O,1,00000100101000000000000001000000100001010000000101110010001000011010000101000100110000100000000100001000000000000000001010000100
COC1=CC2(C=CC1=O)CCC(=O)O2,1,10101000001000001001110000000010010110000000000000000001001000000001000001100100011001000100001100001000000100000010000100000000
C[N+]1(CC(=O)c2ccc(O)c(O)c2)CCOCC1,1,00000000001100001000000001000110110000010010000000000010000100010011000100000100110000100010000010001000110100000000000100100100
Nc1c(S(=O)(=O)O)cc(S(=O)(=O)O)c2ccc(N=Nc3ccc(CCc4ccc(N=Nc5ccc6c(S(=O)(=O)O)cc(S(=O)(=O)O)c(N)c6c5O)cc4S(=O)(=O)O)c(S(=O)(=O)O)c3)c(O)c12.[NaH],1,00000000101010001011000000000000001110110000001001000000000100101010111100100100110011110001001000001000100100001010000010001010
Cn1cc(NC(=O)Nc2cc(C(=O)Nc3cc(C(=O)Nc4ccc5cc(S(=O)(=O)O)cc(S(=O)(=O)O)c5c4)n(C)c3)n(C)c2)cc1C(=O)Nc1cc(C(=O)Nc2ccc3cc(S(=O)(=O)O)cc(S(=O)(=O)O)c3c2)n(C)c1.[KH],1,11001000101101000010000010100000010010010000000000000000101001011000111010010100110010100000001000001010100100100010000011000100
C1=[N+]2CCCN3CCC[N+]4=Cc5ccccc5O[Co-3]324Oc2ccccc21,1,10001010000000001000000000000010000000111110000101000001000000001000000111000111010010100000000000001000001000000101000010000000
O=C1NC(=S)NC1=Cc1cc2c(=O)c3ccccc3sc2s1,1,01000000001001000000000001001100001111010000000100001110101000001010000100000100110010100110001011001000001101000000010001000000
Sc1nc(Nc2ccc(Cl)cc2)c2c3c(sc2n1)CCCC3,1,10001000000100010001001001000010001100100011001011000010000000011000100010110000010000101000100000001100010100010000100110100001
CC(=O)c1ccc2c(ccc(=O)n2C)c1,0,00000000001000000000000000001110010000010000010100101000101000010000000000010000010000100000000010001100010100000000010001000100
C=CC1(C)CCC2C(C)(CCC(Br)C2(C)C)O1,0,00000000001100011000100100000010010011000000011010010010000000000010000000000010000000101000001000000000000001000001000000111010
N=c1ccn(C2CC(F)C(CO)O2)c(=O)[nH]1,1,01001000101010001000000000010011100000010000000000000001001000000100000001001110110000100010001000101000000010010010001011110000
O=S(=O)(O)CCCCO,0,00000100101000000000000000000100000000010000000000000000000000000000100001000000100000000100001001000000001000000000000100000100
CNn1c(-c2ccccc2)n[nH]c1=O,1,10000100101000000000001000000000011000010000000100000000011000011000000000110000010010100010000010001000001100000000001000100000
Cl.N=C(N)c1ccc(C(NC(=O)CNS(=O)(=O)c2ccc3ccccc3c2)P(=O)(Oc2ccccc2)Oc2ccccc2)cc1,1,11100100001010000001000010000001110000011100000110110001000001011010101000010000111001100110001000001010010101010000011100000100
O=C(O)c1ccccc1C(=O)NC(Cc1cccc(NP(=O)(NCCO)NCCO)c1)C(=O)O,1,11000100001100110000000100011000000000010010001100001100000000011011011110000001110100101110011010001010000100010000010000000100
O=[N+]([O-])c1ccc(C=C2C=CN(CCO)C=C2)cc1,0,01000000001000000110001101010000000100010001100010000010000000000000001000010100110000100100001100001000000001000100000001100100
COC1CC(CC2CCC(C)C(C(C)C(=O)O)O2)OC2(OC(C)(C3CCC(C)(C4OC(C5OC(O)(CO)C(C)CC5C)CC4C)O3)CC2C)C1C,1,01100110001010011001000010010110011010011101011110001001100100000011000001010010100110010100111110100000001110011101101000111100
C[PH]1(CCc2ccc(Cl)cc2)CC=CC1,0,00110000000001001011010000000010010001000000001011000011000000000000000000000000110000101011000000001010100000000000000000000000
Cc1cn(C2COC(CO)C2CO)c(=O)[nH]c1=O,1,10010000101000001000000011000010011010010100001000000010001001000100000000000000110000000010001000101000100010110000001101010000
Cc1cc(NC(=O)Nc2ccc(N=Nc3cc(S(=O)(=O)O)c4cccc(S(=O)(=O)O)c4c3)c(C)c2)ccc1N=Nc1cc(S(=O)(=O)O)c2cccc(S(=O)(=O)O)c2c1,1,10000000101000111010000010000000010101010000000001000000101100111000111000010101110001110001101010001000000110010010000010001110
CC(C)(C)C(=O)C=Cc1cccc(F)c1,0,00000010101000110000000100001001010100010000110000000010000100001001000001000001010000100000000000001010000100000110000001010100
COC(=O)CCC(NC(=O)OC(C)(C)C)C(=O)NC(Cc1ccc([N+](=O)[O-])cc1)C(=O)NCC(=O)OCc1ccccc1,0,11000100101000101101001000001000110000110011010100000011010001001001011001010001111000101110001010011001011000001110010000100100
Cc1nn(C(=O)c2c(O)cccc2Cl)c(C)c1N=Nc1ccccc1,0,01000100001000011001000100000000010110010101101101000000101000101010000100100010010001100000101010001011001000100000000000100100
Cc1cc(N(CCC#N)S(=O)(=O)c2ccccc2)ccc1C=C1N=C(c2ccc(Cl)cc2)OC1=O,0,10011100101000001011101001100111011000001001001111000110001000011101100111000100110000101100001000001000100110010100100000100000
Cc1cnc2sn(-c3ccc([N+](=O)[O-])cc3)c(=O)c2c1,1,01000000001001000100001000000001011100010001110000000000001010000000001000010100011000100000000000001100010100000100010010100001
CCCCc1ccc(-n2sc3ncc(-c4ccccc4)cc3c2=O)cc1,1,00000100101001000000010000100000010100110000110100000010001010001000000000100101111000100011010010001100010100000000010110100001
Oc1ccc(C=Cc2ccc(O)c(O)c2)cc1O,0,00000000000000000000000001000000000000010000000000000010000100000011000110000100010000100000000000001000000100000100000001000000
C[N+](C)(C)CCCC#CC[N+]1(C)CCOCC1,0,10000000000100001100000101000110011000100010100000001010000000010000001000000000110000000000000000000000100000000000100101000100
C=CCOc1cc2c(c3oc(=O)cc(CCC)c13)C(O)C(C)C(C)O2,1,00010100011000101000000010100100110110110000100000100011001000101110110000110010111000100001010010001000010101101110000000110000
COc1cc(-c2ccc(NC(=O)SCCC(=O)O)cc2OC)ccc1NC(=O)SCCC(=O)O,0,10011101101010001000000010001010010000011000000000100001100010011011000011010100110010100000000010001000000100000000101001010110
O=C(Nc1ccccc1)c1cc(S(=O)(=O)N2CCNNC2=O)c(S)cc1Cl,1,10001100111000010001000010010010100010111100000101000100011000011101100110000001010000100010001000001110000100100100010000010101
O=S(Nc1ccccc1)c1ccccc1Oc1ccccc1,0,10100100101000000000000000000000001000010001000100100001010000011110100000000000010000100000000100001000010010001100000000000000
O=C1CSC(c2ccc([N+](=O)[O-])cc2)N1c1nc(-c2ccc3c(c2)CCCC3)cs1,1,11101000101100000110001000000011000100111001100100000110001010010100011000110000010010100011100001001010010100001110000000110011
CC(C)(C)ON=Cc1cc(NC(=S)c2ccsc2)ccc1Cl,1,10000000100000100001000010101000010100111001000101000011100000010101000100010000010001100001010011101000010100100010100000000100
COc1cccc(C=[N+]2[N-]C(c3ccncc3)=[O+][Co-4]2(O)(O)([OH+]C(C)=O)[n+]2ccccc2)c1,0,10010111111001010001100100000000011001111000000001111011110000001011000001100001011100110010000100001000001100000100101001100101
O=C(O)c1cc(Br)cc(SSc2cc(Br)cc(C(=O)O)c2O)c1O,1,01000100001011001000000100000001010000010000000010000000000100000011000110100000010000001000000100001000000100000000100000000100
O=C(C=C1Nc2ccc([N+](=O)[O-])cc2N=C1NC12CC3CC(CC(C3)C1)C2)c1ccccc1,0,11010100001010000100101001010111010111110001100100000010100000101100101000110000010100100011000000001010010101000100100000110100
COP1(=O)Oc2ccccc2C(=O)C(C(F)(F)F)(C(F)(F)F)O1,0,00000010101000001001000000011000010010000010010100000001001000001000001101001010110000101000000010001000010000001110000000001000
S=C(Nc1ccc2c(c1)oc1ccccc12)c1cccnc1,1,10000000000000001001001010000001010001010010000100100100100000011101110000110100010000100000010001001000110101101000101000100001
N=C(N)NS(=O)(=O)c1ccc(-n2sc3ccccc3c2=O)cc1,1,10000000001011010001100000000010010101010001000100010000001010011000100000010100111010100000001010001000010000010001011010100000
CC(Nc1nnc(O)c2c1nnn2Cc1ccccc1)c1ccccc1,1,11100100000010001001000000010011110000010010010100100000000010001010100100000000110001101011000011001100001001010000000100100000
CC(C)N(C(=O)C12C3(C(=O)C(C)(C)C)C4C5(C#N)C3C1(C(=O)C(C)(C)C)C5C42C(=O)C(C)(C)C)C(C)C,0,01000010111011101010101000010000111010010000001000000000000010000000101000100010000000000000000000001000100000010110010000010101
Cc1cc(NS(=O)(=O)c2ccc(N)cc2)sn1,0,10101100001010001001000000000000010101000100010001000000011000010001100000010000010000100000001000001000100100010001001010100000
Cc1ccc(N=Nc2cc(C)c(N)c(N=Nc3ccc(N=Nc4cc(C(=O)O)c(O)c(S(=O)(=O)O)c4)c(C)c3)c2N)cc1,1,11000110101000001011000100000111011101010000000111000000011000100010100110100000110001110000111000001000001100010011000000001111
CC12CCC3C(CC=C4CC(O)CCC43C)C1Cc1cn[nH]c1N2,0,00101001001000101100000000000010010010111000011000000011100010000000000000101011011010100010100011001001010000100000111011110001
CC(C)CC(NC(=O)C(Cc1ccc(O)cc1)NC(=O)C(C)N)C(=O)NCC(=O)NC(CCCCN)C(=O)NC(CCCCN)C(=O)NC(C(=O)NC(C)C(=O)NC(C(=O)NC(CC(=O)O)C(=O)O)C(C)O)C(C)C,0,11011100001000000011000000010100110101011100010010011011001001000110010001100001111001111110011010011000010101000111010100110100
O=C(NNC(=O)c1ccccc1Cl)c1ccccc1O,0,10000000001000000001000000000000000010010000001101000000000100001010000100000010010000100001010000001010010000100000000000000100
O=c1c2ccccc2oc2cc(Br)ccc12,0,00000100001001001000001000000000000001000000010100000010001010001000110000000100010000101000010100001000100100001000000000000010
N#CNC(=N)NCc1ccccc1,1,10000100000000000000001000000000001001010010000100000100001000101000010000000000110000100010000001101000100000010000000000000011
CC1OC(OC2C=C3CCC4C(CCC5(C)C(c6ccc(=O)oc6)CCC45O)C3(C)CC2)C(O)C(O)C1O,0,11101001111101001100001000001110010110111011010000000011101101001100000001100001111000101001100000011100010000110100000010110011
C(C=NNC1=NCCCN1)=NNC1=NCCCN1.I,0,10001000001000000100001001000010100000000100000001000010010000000100000000111000000001000010001000001000100100000101000000100000
CCCCCCCCCCCCCC(=O)OC1C(C)C2(O)C(C=C(CO)CC3(O)C(O)C(C)=CC32)C2C(C)(C)C12OC(C)=O,1,11110000001100000000001000101110010010110011101000010011101101000010110100000001110101001101111000001011011000000001001101111100
[O-][Cl+3]([O-])([O-])[O-].c1ccn2c(N3CCOCC3)[n+]3c4ccccc4[n+]4c(N5CCOCC5)n5ccccc5c4c3c2c1,0,10000100001100001000001100010110010000010000010101000010000001001000011010010101010000111000001000101000001000000000001000000110
Cn1c(=O)c(S(C)=O)c(O)c2ccccc21,0,10000100101000000000000001010000010001010001011100001000001000101010000000100100010000100000000000001000000001000100000011000000
O=C1CC(CC(=O)c2ccc(Br)cc2)C(O)=C1C(=O)c1ccc(Br)cc1,0,00000100011001010000000000100110011000010000000000010000001000001010000000010000111000101010000100001001010011010100000000010100
CC(=O)NNc1nc(C)c(C(=O)C=Cc2cccc([N+](=O)[O-])c2)s1,1,11010000001001011100110001001001011100010001100000000010001000011001001001110000010000100001100000001000011100000100010001100100
CCN1CC(C)Cn2c(=S)[nH]c3cc(Br)cc1c32,1,00001000010011010000000000000110111000111001010000001100000000000101001000000000110000001010000101011000000100000000010101011000
COc1ccc(-n2sc3ncc([N+](=O)[O-])cc3c2=O)cc1,1,10000000001001000100000000000000010100010001110000000001001010010010001011010110011001100000000000001100010100000100010010100001
O=c1cc(O)c2ccccc2o1,0,00000000001000101000000000000000000101010000000100010000001000001010100100000100010110100000000000001000100100001000000000000000
COc1cccc2c1C(=O)c1c(O)c3c(c(O)c1C2=O)CC(O)(C(=O)CO)CC3OC1CC(N(C)C)C(O)C(C)O1,0,11101000001110011000000100000110011010110010111110101001011001001010100001111101111100101000101010001100010000011100000101010100
CC12CCC3c4cc(Br)c(O)c(Br)c4CCC3C1CC(Br)C2=O,0,10010001011010000000000010000010010010010000011000100001001010000110100100100000110001001000100100001000010100100000001000110000
C[n+]1c(-c2ccc(C=NNC(=N)NCCCCCCNC(=N)NN=Cc3ccc(-c4cn5ccccc5[n+]4C)cc3)cc2)cn2ccccc21.I.[I-],1,11000000100010100001000011011000110000010010000100000110000110101000010000010101111011100000000110101000000001010100000101000000
O=C(CSc1nc2ccccc2c(=O)n1-c1ccccc1)NN=C1C(=O)Nc2ccc(Br)cc21,1,10111100001001110000000001000100010011010110100100000000001000111010000001100100110011101110000110101000000100000100100011100110
O=S(=O)(c1ccccc1)c1cccc2c1NCCC2,1,00001100101010010000001000000010000100000100100101000000000100011000100000100010010010110010001010011000000000000000000000000000
CCOP(=O)(OCC)C(C#N)=Cc1cccn1C(C)C,1,01000100001000000000001010010100011100110001100000011011000000011000000000000100111000101010000100001010100010000000001000000001
CC1=C(O)C(=C(c2cc(C(=O)O)c(O)cc2O)c2cc(C(=O)O)c(O)c(C)c2O)C=C(C(=O)O)C1=O.N,1,00100110001100000010000100000010011010010000000010000000101011000110110110100100011010100000000000001000000101110010001000001100
Cc1c(C(=O)O)c2cc3ccccc3cc2c(=O)n1C,0,10000100001000000000000000000000010000010000000100001000001100011010000010100100110000100010000100001010000100000001001011100100
CC1(c2cccc3c2C2(O)C=CC4(CCC32)OCCO4)OCCO1,1,00110100001100011001000010100010010010010000010000001010001110011000001000000000010000110000000000101010010000001001010001110000
Cc1ccc(N=Nc2c(O)c(S(=O)(=O)O)cc3cc(S(=O)(=O)O)ccc23)c(C)c1,0,01000001101000000010000000000011010101010000000001001000001001011010110010111100110001110000101000001000001100010010010010000011
C(C=NNC1=NCCN1)=NNC1=NCCN1.I,0,10000000000000000100000001000010100000000100000001000010010000000100100000111000000001000110001000001000100000000101000000100000
CC(C)S(=O)(=O)n1c(=N)[nH]c2ccc(C(=NO)c3ccccc3)cc21,1,01100100011000000001101000010000110010010000011100010000100000001101110000000100010001110011001000001001010100011000000100000000
COc1ccc(C2SCC(=O)N2c2ccc(-n3c(-c4ccccc4)nc4ccccc4c3=O)cc2)cc1OC,0,10100100101110000000000000000010010101010000100100100001001010011010010001000100010000100001111010011010011100000000000011110001
CCCCCCCCCCCCCCCC=C(c1cc(Cl)c(O)c(C(=O)O)c1)c1cc(Cl)c(O)c(C(=O)O)c1.N,1,00000110001000000101000100100000111010110000000011001110100000000010000110100001110000000001000100101000110100100000000100000110
C#[N+]CCOP(=O)(OCC1OC(n2cc(C)c(=O)[nH]c2=O)CC1N=[N+]=[N-])OC1CCC2(C)C(=CCC3C2CCC2(C)C(C(C)CCCC(C)C)CCC32)C1,1,11011011101011001111001010010111110010010100011010111011101001101100110001000000110001100010110100111011111000111101011111110001
Cc1ccc(-c2cc(-c3ccco3)c(C#N)c(=O)n2C2OC(CO)C(O)C(O)C2O)cc1,1,11000010101001001001001010001011011000110000000000001000001000001000001001010001111011100010001010101010110110001100100111010000
CSCCOC(=O)c1cc(NC(=S)c2ccoc2C)ccc1Cl,1,10000000011101001101001010100010010000110000000011100001101000010001000100010010110000100000110001001000001100100000100000000100
CCOC(=O)C(=NOC)C(O)C(F)(F)F,0,01000000101001100001000100000000010100110000010101000001001000000000000001000000100001100010000000010000100010010010000000000100
O=[N+]([O-])c1cc(SSc2ccc(Cl)c([N+](=O)[O-])c2)ccc1Cl,0,00000000001000000001000000100000000000000001000001001000000000000000011100011000110000100010000000101001000100100100100000000000
NNC(=O)c1ccccc1SSc1ccccc1C(=O)NN,1,11100010001000000001000000000001000001010000100100000000000000001000000100000000110000100000000000001010000000000000100001000100
Nc1ccc(N=Nc2ccc(CCc3ccc(N=Nc4ccc(N)c5cc(S(=O)(=O)O)ccc45)cc3S(=O)(=O)O)c(S(=O)(=O)O)c2)c2ccc(S(=O)(=O)O)cc12.[NaH],1,00000000101100101011000000000000001100110000000001000000000100110000110010110100110001110011001000001000100100101010000010101010
CC(CN(C)C)Nc1c2ccccc2nc2cccc([N+](=O)[O-])c12,0,11000100001110010000100010010100010011000001000100100000000001011000101011011100110000100000000000101000000000000100000000100100
CCCCCCNC(=O)CCN(C(=O)O)S(=O)(=O)c1ccc(NC(=O)c2ccccc2)cc1,0,11010100001000000000000010111001110010110100000100010100001000011100110000010001110011110000001010001010010000000100000100010100
O=S(=O)(O)c1cc(N=Nc2cc(S(=O)(=O)O)c3cccnc3c2O)ccc1C=Cc1ccc(N=Nc2cc(S(=O)(=O)O)c3cccnc3c2O)cc1S(=O)(=O)O.[NaH].[Zn],1,00000000101000001011000000000000001101011000100000000010000110101111100001100100110001110000001000001100000100000010100010101010
CCSCCCCCCCCCCC(=O)OCC1OC(n2cc(C)c(=O)[nH]c2=O)CC1F,1,11001000101010001001000010011010110001110000100000000001011001000100001000001000111000000010010000101000101000111001101111110100
O=C(NC(=O)c1ccccc1O)c1ccccc1,0,11000100001000000000000000000000001000010000000100000000010100001110000110000000010000100000010100001010010000000000000000000100
Cl.NC1c2c(Cl)cccc2C(=O)C1O,0,01100000001000010001100000000000010010011000100001000000001000001000000000000010010001101000000010001000010000101000000000011000
COCCCCCCCCCCCC(=O)OCC1OC(n2cc(C)c(=O)[nH]c2=O)CC1N=[N+]=[N-],1,11001010001011001001100010011010110001010100001010010001001001000100000001000000110001100010010001101011101001111001001101010100
O=C1CCC2(c3ccc(Cl)cc3)Nc3ccncc3N12,0,00100001001010010001001010000010001010110000101011100000101000100001000000100000010000101010000000001000001000000001100010100011
Cc1cc(NS(=O)(=O)c2ccc(Nc3c4ccccc4nc4c(C(=O)Nc5ccc(S(=O)(=O)O)cc5)cccc34)cc2)no1,1,10001110001100011000000010000000110001010000000100000100101010011000100111110111110000100000001000001010000100110011101010100100
Cc1cn(C2CC(ON3C(=O)c4ccccc4C3=O)C(CO)O2)c(=O)[nH]c1=O,1,11001010001010001000000010010010110000010000000100000001001001001100001000010000110000101010011010101010100010110000101001010000
Oc1ccc(Cl)cc1C(c1cc(Cl)ccc1O)C(Cl)(Cl)Cl,1,01000000010000000001000000000000001101010000000111000000000000000011001100000000010000101100000000001000000101001010000000000000
CC1(Br)C(=O)NC(=O)N(C2CC(N=[N+]=[N-])C(CO)O2)C1N=[N+]=[N-],1,01101010001010011001000000000011110010010101001010010011001001100000000001000000100001101011001000101001000010000000000000110010
CS(=O)(=O)N1CC(CCl)c2ccc([N+](=O)[O-])cc21,0,00010000001010010101101000010010010000010001000000001010000000000000101000010000110001100001001000011000000100000101000000110001
Cl[Tb](Cl)Cl,0,00000000000000000001000000000000000000000100000000010000000000000000000000000000000000000000000010000000000000000000000000000000
Cc1cn(C2C=CC(COP(=O)(OCC(=O)c3ccccc3)OCC(=O)c3ccccc3)O2)c(=O)[nH]c1=O,1,11000100001000001000000010000100010100110000000100001001001101101101000000100000111010101010010000001011110000111000101101110100
O=S(=O)(O)c1cc(N=Nc2cc(S(=O)(=O)O)c3cccnc3c2O)ccc1C=Cc1ccc(N=Nc2cc(S(=O)(=O)O)c3cccnc3c2O)cc1S(=O)(=O)O.[Cu].[NaH],1,00000000101000001011000000000000001101011000100010000010000110101111100001100100110001110000001000001100000100000010100010101010
Cc1ccsc1C=NNc1cnccn1,0,10000000000000100000000000010001010100000111100100101010001000000001001100110000010001110000000011001100000000010001000010100001
O=C(C=Cc1ccc(O)cc1)CC(=O)C=Cc1ccc(O)cc1,0,10000000001010000000000001001001010000010000000000000010000000000011000000001000110000100000000000001000010000100110000000000101
CCSc1c(S)cnn(C)c1=O,1,00100000001100010001000000000000010001110101000000001000001000000000000000010000110001010000000000001100000010000001100011100001
COc1ccccc1CNCCCCCNCCCCCCCCCCNCCCCCNCc1ccccc1OC.Cl,0,10110000001010000000000000010000010000000010000100100001000001001000011001000000110000100000000000001000000010000000000101000101
CC(=C1CCCC(=C(C)c2ccccc2)C1=O)c1ccccc1,0,00001100001000000000000000000010010000010000000100100000001000001100100010100000010100100000100000001000010000000000000001101000
CC(=O)C=C1C(=O)C(CC(C)C)=C1CC(C)C,1,01000000001000000000000000010001010001010000000000100111101000000001101000000001100000100100000010001000000000000010001001000100
C=C1CC2(C)c3ccccc3NC(=O)C12,1,00000001001000000000000000000011010110000000100100001000001010101000000000000000010000100010101001001001000000000000000000110000
CCC(C)C(NC(=O)C1CCCN1C(=O)OCc1ccccc1)C(=O)O,0,11001100101000010001000000010011010000110111010101001001000000111100000110000000110000100010001000101000010000001010010001110110
COc1cccc(C2c3cc4c(cc3OC(NNS(=O)(=O)c3ccc(C)cc3)C2C)OCO4)c1O,0,10110100111000011000000010000111011000010000010000110001011001011010110101110001010001100000011000111000000100100101001001010000
